block_id,ordering,carry_config,transport_means,distance_permission_type,distance,start_time,end_time
0,0,ALL,M1074 PLS,ANY_DISTANCE,,,
0,1,ALL,M1075 PLS,ANY_DISTANCE,,,
0,2,ALL,Commercial 10-Ton Tractor/Commercial Semitrailer,ANY_DISTANCE,,,
0,3,ALL,M1088 WOWN MTV Tractor/M871A2 22.5-Ton Semitrailer,ANY_DISTANCE,,,
0,4,ALL,M1088 WWN MTV Tractor/M871A2 22.5-Ton Semitrailer,ANY_DISTANCE,,,
0,5,ALL,M818 5-Ton Tractor/M128 12-Ton Semitrailer,ANY_DISTANCE,,,
0,6,ALL,M818 5-Ton Tractor/M871A2 22.5-Ton Semitrailer,ANY_DISTANCE,,,
0,7,ALL,M915A2 25-Ton Tractor/M872A3 34-Ton Semitrailer,ANY_DISTANCE,,,
0,8,ALL,M915A2 25-Ton Tractor/M871A2 22.5-Ton Semitrailer,ANY_DISTANCE,,,
1,0,ALL,50FLAT,ANY_DISTANCE,,,
1,1,ALL,68FLAT,ANY_DISTANCE,,,
1,2,ALL,75FLAT,ANY_DISTANCE,,,
1,3,ALL,89FLAT,ANY_DISTANCE,,,
1,4,ALL,commercial medium railcar,ANY_DISTANCE,,,
2,0,ALL,Water (ANY ASSET),ANY_DISTANCE,,,
3,0,ALL,M1074 PLS,ANY_DISTANCE,,,
3,1,ALL,M1075 PLS,ANY_DISTANCE,,,
3,2,ALL,Commercial 10-Ton Tractor/Commercial Semitrailer,ANY_DISTANCE,,,
3,3,ALL,M1088 WOWN MTV Tractor/M871A2 22.5-Ton Semitrailer,ANY_DISTANCE,,,
3,4,ALL,M1088 WWN MTV Tractor/M871A2 22.5-Ton Semitrailer,ANY_DISTANCE,,,
3,5,ALL,M818 5-Ton Tractor/M128 12-Ton Semitrailer,ANY_DISTANCE,,,
3,6,ALL,M818 5-Ton Tractor/M871A2 22.5-Ton Semitrailer,ANY_DISTANCE,,,
3,7,ALL,M915A2 25-Ton Tractor/M872A3 34-Ton Semitrailer,ANY_DISTANCE,,,
3,8,ALL,M915A2 25-Ton Tractor/M871A2 22.5-Ton Semitrailer,ANY_DISTANCE,,,
4,0,ALL,50FLAT,ANY_DISTANCE,,,
4,1,ALL,68FLAT,ANY_DISTANCE,,,
4,2,ALL,75FLAT,ANY_DISTANCE,,,
4,3,ALL,89FLAT,ANY_DISTANCE,,,
4,4,ALL,commercial medium railcar,ANY_DISTANCE,,,
5,0,ALL,Water (ANY ASSET),ANY_DISTANCE,,,
6,0,ALL,Commercial HET Tractor/Commercial HET Trailer,ANY_DISTANCE,,,
6,1,ALL,M1070 HET Tractor/M1000 70-Ton HET Trailer,ANY_DISTANCE,,,
7,0,ALL,50DODX,ANY_DISTANCE,,,
7,1,ALL,60BOX,ANY_DISTANCE,,,
7,2,ALL,68DODX,ANY_DISTANCE,,,
7,3,ALL,68FLAT,ANY_DISTANCE,,,
7,4,ALL,75FLAT,ANY_DISTANCE,,,
7,5,ALL,commercial heavy railcar,ANY_DISTANCE,,,
7,6,ALL,commercial medium railcar,ANY_DISTANCE,,,
8,0,ALL,Water (ANY ASSET),ANY_DISTANCE,,,
9,0,ALL,Air (ANY ASSET),ANY_DISTANCE,,,
10,0,ALL,Commercial Bus 45-pax,ANY_DISTANCE,,,
11,0,ALL,passenger railcar,ANY_DISTANCE,,,
12,0,ALL,Water (ANY ASSET),ANY_DISTANCE,,,
13,0,ALL,Air (ANY ASSET),ANY_DISTANCE,,,
14,0,ALL,Road (SELF),MAXIMUM_DISTANCE,1000.0,,
15,0,ALL,50DODX,ANY_DISTANCE,,,
15,1,ALL,54DODX,ANY_DISTANCE,,,
15,2,ALL,68DODX,ANY_DISTANCE,,,
15,3,ALL,commercial medium railcar,ANY_DISTANCE,,,
15,4,ALL,commercial heavy railcar,ANY_DISTANCE,,,
16,0,ALL,Commercial HET Tractor/Commercial HET Trailer,ANY_DISTANCE,,,
16,1,ALL,M1070 HET Tractor/M1000 70-Ton HET Trailer,ANY_DISTANCE,,,
16,2,ALL,M911 HET Tractor/M1000 70-Ton HET Trailer,ANY_DISTANCE,,,
16,3,ALL,M911 HET Tractor/M747 60-Ton HET Trailer,ANY_DISTANCE,,,
17,0,ALL,Water (ANY ASSET),ANY_DISTANCE,,,
18,0,ALL,Road (SELF),MAXIMUM_DISTANCE,1000.0,,
19,0,ALL,54DODX,ANY_DISTANCE,,,
19,1,ALL,68DODX,ANY_DISTANCE,,,
19,2,ALL,commercial medium railcar,ANY_DISTANCE,,,
19,3,ALL,50FLAT,ANY_DISTANCE,,,
19,4,ALL,68FLAT,ANY_DISTANCE,,,
19,5,ALL,75FLAT,ANY_DISTANCE,,,
19,6,ALL,89FLAT,ANY_DISTANCE,,,
20,0,ALL,Commercial HET Tractor/Commercial HET Trailer,ANY_DISTANCE,,,
20,1,ALL,M1070 HET Tractor/M1000 70-Ton HET Trailer,ANY_DISTANCE,,,
20,2,ALL,M911 HET Tractor/M1000 70-Ton HET Trailer,ANY_DISTANCE,,,
20,3,ALL,M911 HET Tractor/M747 60-Ton HET Trailer,ANY_DISTANCE,,,
21,0,ALL,Water (ANY ASSET),ANY_DISTANCE,,,
22,0,ALL,Road (SELF),MAXIMUM_DISTANCE,1000.0,,
23,0,ALL,50FLAT,ANY_DISTANCE,,,
23,1,ALL,68FLAT,ANY_DISTANCE,,,
23,2,ALL,75FLAT,ANY_DISTANCE,,,
23,3,ALL,89FLAT,ANY_DISTANCE,,,
23,4,ALL,commercial medium railcar,ANY_DISTANCE,,,
23,5,ALL,commercial multi level,ANY_DISTANCE,,,
24,0,ALL,Commercial HET Tractor/Commercial HET Trailer,ANY_DISTANCE,,,
24,1,ALL,M1088 WOWN MTV Tractor/M871A2 22.5-Ton Semitrailer,ANY_DISTANCE,,,
24,2,ALL,M1088 WWN MTV Tractor/M871A2 22.5-Ton Semitrailer,ANY_DISTANCE,,,
24,3,ALL,M123 10-Ton Tractor/M172 25-Ton Lowbed,ANY_DISTANCE,,,
24,4,ALL,M123 10-Ton Tractor/M870 40-Ton Lowbed,ANY_DISTANCE,,,
24,5,ALL,M818 5-Ton Tractor/M172 25-Ton Lowbed,ANY_DISTANCE,,,
24,6,ALL,M818 5-Ton Tractor/M871A2 22.5-Ton Semitrailer,ANY_DISTANCE,,,
24,7,ALL,M1070 HET Tractor/M1000 70-Ton HET Trailer,ANY_DISTANCE,,,
24,8,ALL,M911 HET Tractor/M1000 70-Ton HET Trailer,ANY_DISTANCE,,,
24,9,ALL,M911 HET Tractor/M747 60-Ton HET Trailer,ANY_DISTANCE,,,
25,0,ALL,Water (ANY ASSET),ANY_DISTANCE,,,
26,0,ALL,Road (SELF),MAXIMUM_DISTANCE,50.0,,
27,0,ALL,68DODX,ANY_DISTANCE,,,
27,1,ALL,50DODX,ANY_DISTANCE,,,
27,2,ALL,68FLAT,ANY_DISTANCE,,,
27,3,ALL,75FLAT,ANY_DISTANCE,,,
27,4,ALL,89FLAT,ANY_DISTANCE,,,
27,5,ALL,commercial heavy railcar,ANY_DISTANCE,,,
28,0,ALL,Commercial HET Tractor/Commercial HET Trailer,ANY_DISTANCE,,,
28,1,ALL,M1070 HET Tractor/M1000 70-Ton HET Trailer,ANY_DISTANCE,,,
28,2,ALL,M911 HET Tractor/M1000 70-Ton HET Trailer,ANY_DISTANCE,,,
28,3,ALL,M911 HET Tractor/M747 60-Ton HET Trailer,ANY_DISTANCE,,,
29,0,ALL,Water (ANY ASSET),ANY_DISTANCE,,,
30,0,ALL,68DODX,ANY_DISTANCE,,,
31,0,ALL,Road (SELF),MAXIMUM_DISTANCE,4000.0,,
31,1,ALL,Commercial HET Tractor/Commercial HET Trailer,ANY_DISTANCE,,,
31,2,ALL,M1070 HET Tractor/M1000 70-Ton HET Trailer,ANY_DISTANCE,,,
31,3,ALL,M911 HET Tractor/M1000 70-Ton HET Trailer,ANY_DISTANCE,,,
31,4,ALL,M911 HET Tractor/M747 60-Ton HET Trailer,ANY_DISTANCE,,,
32,0,ALL,50DODX,ANY_DISTANCE,,,
32,1,ALL,50FLAT,ANY_DISTANCE,,,
32,2,ALL,68FLAT,ANY_DISTANCE,,,
32,3,ALL,75FLAT,ANY_DISTANCE,,,
32,4,ALL,89FLAT,ANY_DISTANCE,,,
32,5,ALL,commercial medium railcar,ANY_DISTANCE,,,
33,0,ALL,Water (ANY ASSET),ANY_DISTANCE,,,
34,0,ALL,Road (SELF),MAXIMUM_DISTANCE,25.0,,
35,0,ALL,54DODX,ANY_DISTANCE,,,
35,1,ALL,68DODX,ANY_DISTANCE,,,
35,2,ALL,commercial medium railcar,ANY_DISTANCE,,,
35,3,ALL,50FLAT,ANY_DISTANCE,,,
35,4,ALL,68FLAT,ANY_DISTANCE,,,
35,5,ALL,75FLAT,ANY_DISTANCE,,,
36,0,ALL,Commercial HET Tractor/Commercial HET Trailer,ANY_DISTANCE,,,
36,1,ALL,M1088 WOWN MTV Tractor/M871A2 22.5-Ton Semitrailer,ANY_DISTANCE,,,
36,2,ALL,M1088 WWN MTV Tractor/M871A2 22.5-Ton Semitrailer,ANY_DISTANCE,,,
36,3,ALL,M123 10-Ton Tractor/M172 25-Ton Lowbed,ANY_DISTANCE,,,
36,4,ALL,M123 10-Ton Tractor/M870 40-Ton Lowbed,ANY_DISTANCE,,,
36,5,ALL,M818 5-Ton Tractor/M172 25-Ton Lowbed,ANY_DISTANCE,,,
36,6,ALL,M818 5-Ton Tractor/M871A2 22.5-Ton Semitrailer,ANY_DISTANCE,,,
36,7,ALL,M1070 HET Tractor/M1000 70-Ton HET Trailer,ANY_DISTANCE,,,
36,8,ALL,M911 HET Tractor/M1000 70-Ton HET Trailer,ANY_DISTANCE,,,
36,9,ALL,M911 HET Tractor/M747 60-Ton HET Trailer,ANY_DISTANCE,,,
37,0,ALL,Water (ANY ASSET),ANY_DISTANCE,,,
38,0,ALL,Commercial 10-Ton Tractor/Commercial Semitrailer,ANY_DISTANCE,,,
38,1,ALL,M1074 PLS,ANY_DISTANCE,,,
38,2,ALL,M1075 PLS,ANY_DISTANCE,,,
38,3,ALL,M1083 WOWN 5-Ton MTV,ANY_DISTANCE,,,
38,4,ALL,M1083 WWN 5-TON MTV,ANY_DISTANCE,,,
38,5,ALL,M1088 WOWN MTV Tractor/M871A2 22.5-Ton Semitrailer,ANY_DISTANCE,,,
38,6,ALL,M818 5-Ton Tractor/M128 12-Ton Semitrailer,ANY_DISTANCE,,,
38,7,ALL,M818 5-Ton Tractor/M871A2 22.5-Ton Semitrailer,ANY_DISTANCE,,,
38,8,ALL,M915A2 25-Ton Tractor/M872A3 34-Ton Semitrailer,ANY_DISTANCE,,,
38,9,ALL,M915A2 25-Ton Tractor/M871A2 22.5-Ton Semitrailer,ANY_DISTANCE,,,
39,0,ALL,50DODX,ANY_DISTANCE,,,
39,1,ALL,60BOX,ANY_DISTANCE,,,
39,2,ALL,commercial boxcar,ANY_DISTANCE,,,
40,0,ALL,Water (ANY ASSET),ANY_DISTANCE,,,
41,0,ALL,M1074 PLS,ANY_DISTANCE,,,
41,1,ALL,M1075 PLS,ANY_DISTANCE,,,
41,2,ALL,Commercial 10-Ton Tractor/Commercial Semitrailer,ANY_DISTANCE,,,
41,3,ALL,M1088 WOWN MTV Tractor/M871A2 22.5-Ton Semitrailer,ANY_DISTANCE,,,
41,4,ALL,M1088 WWN MTV Tractor/M871A2 22.5-Ton Semitrailer,ANY_DISTANCE,,,
41,5,ALL,M818 5-Ton Tractor/M128 12-Ton Semitrailer,ANY_DISTANCE,,,
41,6,ALL,M818 5-Ton Tractor/M871A2 22.5-Ton Semitrailer,ANY_DISTANCE,,,
41,7,ALL,M915A2 25-Ton Tractor/M872A3 34-Ton Semitrailer,ANY_DISTANCE,,,
41,8,ALL,M915A2 25-Ton Tractor/M871A2 22.5-Ton Semitrailer,ANY_DISTANCE,,,
42,0,ALL,50FLAT,ANY_DISTANCE,,,
42,1,ALL,68FLAT,ANY_DISTANCE,,,
42,2,ALL,75FLAT,ANY_DISTANCE,,,
42,3,ALL,89FLAT,ANY_DISTANCE,,,
42,4,ALL,commercial medium railcar,ANY_DISTANCE,,,
43,0,ALL,Water (ANY ASSET),ANY_DISTANCE,,,
44,0,ALL,M1074 PLS,ANY_DISTANCE,,,
44,1,ALL,M1075 PLS,ANY_DISTANCE,,,
44,2,ALL,Commercial 10-Ton Tractor/Commercial Semitrailer,ANY_DISTANCE,,,
44,3,ALL,M1088 WOWN MTV Tractor/M871A2 22.5-Ton Semitrailer,ANY_DISTANCE,,,
44,4,ALL,M1088 WWN MTV Tractor/M871A2 22.5-Ton Semitrailer,ANY_DISTANCE,,,
44,5,ALL,M818 5-Ton Tractor/M128 12-Ton Semitrailer,ANY_DISTANCE,,,
44,6,ALL,M818 5-Ton Tractor/M871A2 22.5-Ton Semitrailer,ANY_DISTANCE,,,
44,7,ALL,M915A2 25-Ton Tractor/M872A3 34-Ton Semitrailer,ANY_DISTANCE,,,
44,8,ALL,M915A2 25-Ton Tractor/M871A2 22.5-Ton Semitrailer,ANY_DISTANCE,,,
45,0,ALL,50FLAT,ANY_DISTANCE,,,
45,1,ALL,68FLAT,ANY_DISTANCE,,,
45,2,ALL,75FLAT,ANY_DISTANCE,,,
45,3,ALL,89FLAT,ANY_DISTANCE,,,
45,4,ALL,commercial medium railcar,ANY_DISTANCE,,,
46,0,ALL,Water (ANY ASSET),ANY_DISTANCE,,,
47,0,ALL,Commercial 10-Ton Tractor/Commercial Semitrailer,ANY_DISTANCE,,,
47,1,ALL,M1088 WOWN MTV Tractor/M871A2 22.5-Ton Semitrailer,ANY_DISTANCE,,,
47,2,ALL,M1088 WWN MTV Tractor/M871A2 22.5-Ton Semitrailer,ANY_DISTANCE,,,
47,3,ALL,M818 5-Ton Tractor/M128 12-Ton Semitrailer,ANY_DISTANCE,,,
47,4,ALL,M818 5-Ton Tractor/M871A2 22.5-Ton Semitrailer,ANY_DISTANCE,,,
47,5,ALL,M915A2 25-Ton Tractor/M872A3 34-Ton Semitrailer,ANY_DISTANCE,,,
47,6,ALL,M915A2 25-Ton Tractor/M871A2 22.5-Ton Semitrailer,ANY_DISTANCE,,,
47,7,ALL,M1074 PLS,ANY_DISTANCE,,,
47,8,ALL,M1075 PLS,ANY_DISTANCE,,,
48,0,ALL,50FLAT,ANY_DISTANCE,,,
48,1,ALL,68FLAT,ANY_DISTANCE,,,
48,2,ALL,75FLAT,ANY_DISTANCE,,,
48,3,ALL,89FLAT,ANY_DISTANCE,,,
48,4,ALL,commercial medium railcar,ANY_DISTANCE,,,
49,0,ALL,Water (ANY ASSET),ANY_DISTANCE,,,
50,0,ALL,Commercial 10-Ton Tractor/Commercial Semitrailer,ANY_DISTANCE,,,
50,1,ALL,M1074 PLS,ANY_DISTANCE,,,
50,2,ALL,M1075 PLS,ANY_DISTANCE,,,
50,3,ALL,M1083 WOWN 5-Ton MTV,ANY_DISTANCE,,,
50,4,ALL,M1083 WWN 5-TON MTV,ANY_DISTANCE,,,
50,5,ALL,M1088 WOWN MTV Tractor/M871A2 22.5-Ton Semitrailer,ANY_DISTANCE,,,
50,6,ALL,M1088 WWN MTV Tractor/M871A2 22.5-Ton Semitrailer,ANY_DISTANCE,,,
50,7,ALL,M818 5-Ton Tractor/M128 12-Ton Semitrailer,ANY_DISTANCE,,,
50,8,ALL,M818 5-Ton Tractor/M871A2 22.5-Ton Semitrailer,ANY_DISTANCE,,,
50,9,ALL,M915A2 25-Ton Tractor/M872A3 34-Ton Semitrailer,ANY_DISTANCE,,,
50,10,ALL,M915A2 25-Ton Tractor/M871A2 22.5-Ton Semitrailer,ANY_DISTANCE,,,
51,0,ALL,50BOX,ANY_DISTANCE,,,
51,1,ALL,60BOX,ANY_DISTANCE,,,
51,2,ALL,commercial boxcar,ANY_DISTANCE,,,
52,0,ALL,Water (ANY ASSET),ANY_DISTANCE,,,
53,0,ALL,Commercial 10-Ton Tractor/Commercial Semitrailer,ANY_DISTANCE,,,
53,1,ALL,M1074 PLS,ANY_DISTANCE,,,
53,2,ALL,M1075 PLS,ANY_DISTANCE,,,
53,3,ALL,M1083 WOWN 5-Ton MTV,ANY_DISTANCE,,,
53,4,ALL,M1083 WWN 5-TON MTV,ANY_DISTANCE,,,
53,5,ALL,M1088 WOWN MTV Tractor/M871A2 22.5-Ton Semitrailer,ANY_DISTANCE,,,
53,6,ALL,M1088 WWN MTV Tractor/M871A2 22.5-Ton Semitrailer,ANY_DISTANCE,,,
53,7,ALL,M818 5-Ton Tractor/M128 12-Ton Semitrailer,ANY_DISTANCE,,,
53,8,ALL,M818 5-Ton Tractor/M871A2 22.5-Ton Semitrailer,ANY_DISTANCE,,,
53,9,ALL,M915A2 25-Ton Tractor/M872A3 34-Ton Semitrailer,ANY_DISTANCE,,,
53,10,ALL,M915A2 25-Ton Tractor/M871A2 22.5-Ton Semitrailer,ANY_DISTANCE,,,
54,0,ALL,50BOX,ANY_DISTANCE,,,
54,1,ALL,60BOX,ANY_DISTANCE,,,
54,2,ALL,commercial boxcar,ANY_DISTANCE,,,
55,0,ALL,Water (ANY ASSET),ANY_DISTANCE,,,
56,0,ALL,Pipeline (SELF),ANY_DISTANCE,,,
57,0,ALL,Commercial POL Truck,ANY_DISTANCE,,,
57,1,ALL,M1088 WOWN MTV Tractor/M967A1 5000-Gal Tanker,ANY_DISTANCE,,,
57,2,ALL,M1088 WWN MTV Tractor/M967A1 5000-Gal Tanker,ANY_DISTANCE,,,
57,3,ALL,M818 5-Ton Tractor/M969 5000-Gal Tanker,ANY_DISTANCE,,,
57,4,ALL,M818 5-Ton Tractor/M967A1 5000-Gal Tanker,ANY_DISTANCE,,,
57,5,ALL,M915A2 25-Ton Tractor/M1062 7500-Gal Tanker,ANY_DISTANCE,,,
57,6,ALL,M916 20-Ton Tractor/M969 5000-Gal Tanker,ANY_DISTANCE,,,
57,7,ALL,M916 20-Ton Tractor/M967A1 5000-Gal Tanker,ANY_DISTANCE,,,
58,0,ALL,6000 Gal POL Rail Car,ANY_DISTANCE,,,
58,1,ALL,commercial POL railcar,ANY_DISTANCE,,,
59,0,ALL,Water (ANY ASSET),ANY_DISTANCE,,,
60,0,ALL,M1074 PLS,ANY_DISTANCE,,,
60,1,ALL,M1075 PLS,ANY_DISTANCE,,,
60,2,ALL,M1083 WOWN 5-Ton MTV,ANY_DISTANCE,,,
60,3,ALL,M1083 WWN 5-TON MTV,ANY_DISTANCE,,,
60,4,ALL,Commercial 10-Ton Tractor/Commercial Semitrailer,ANY_DISTANCE,,,
60,5,ALL,M1088 WOWN MTV Tractor/M871A2 22.5-Ton Semitrailer,ANY_DISTANCE,,,
60,6,ALL,M1088 WWN MTV Tractor/M871A2 22.5-Ton Semitrailer,ANY_DISTANCE,,,
60,7,ALL,M818 5-Ton Tractor/M128 12-Ton Semitrailer,ANY_DISTANCE,,,
60,8,ALL,M818 5-Ton Tractor/M871A2 22.5-Ton Semitrailer,ANY_DISTANCE,,,
60,9,ALL,M915A2 25-Ton Tractor/M872A3 34-Ton Semitrailer,ANY_DISTANCE,,,
60,10,ALL,M915A2 25-Ton Tractor/M871A2 22.5-Ton Semitrailer,ANY_DISTANCE,,,
61,0,ALL,50FLAT,ANY_DISTANCE,,,
61,1,ALL,68FLAT,ANY_DISTANCE,,,
61,2,ALL,75FLAT,ANY_DISTANCE,,,
61,3,ALL,89FLAT,ANY_DISTANCE,,,
61,4,ALL,commercial medium railcar,ANY_DISTANCE,,,
62,0,ALL,Water (ANY ASSET),ANY_DISTANCE,,,
63,0,ALL,M1074 PLS,ANY_DISTANCE,,,
63,1,ALL,M1075 PLS,ANY_DISTANCE,,,
63,2,ALL,M1083 WOWN 5-Ton MTV,ANY_DISTANCE,,,
63,3,ALL,M1083 WWN 5-TON MTV,ANY_DISTANCE,,,
63,4,ALL,M35 2.5-Ton,ANY_DISTANCE,,,
63,5,ALL,M36 2.5-Ton,ANY_DISTANCE,,,
63,6,ALL,M813 5-Ton,ANY_DISTANCE,,,
63,7,ALL,M814 5-Ton,ANY_DISTANCE,,,
63,8,ALL,M923 5-Ton,ANY_DISTANCE,,,
63,9,ALL,M924 5-Ton,ANY_DISTANCE,,,
63,10,ALL,M925 5-Ton,ANY_DISTANCE,,,
63,11,ALL,M926 5-Ton,ANY_DISTANCE,,,
63,12,ALL,M928 5-Ton,ANY_DISTANCE,,,
63,13,ALL,Commercial 10-Ton Tractor/Commercial Semitrailer,ANY_DISTANCE,,,
63,14,ALL,M1088 WOWN MTV Tractor/M871A2 22.5-Ton Semitrailer,ANY_DISTANCE,,,
63,15,ALL,M915A2 25-Ton Tractor/M872A3 34-Ton Semitrailer,ANY_DISTANCE,,,
64,0,ALL,50BOX,ANY_DISTANCE,,,
64,1,ALL,60BOX,ANY_DISTANCE,,,
64,2,ALL,commercial medium railcar,ANY_DISTANCE,,,
64,3,ALL,commercial boxcar,ANY_DISTANCE,,,
65,0,ALL,Water (ANY ASSET),ANY_DISTANCE,,,
66,0,ALL,M1074 PLS,ANY_DISTANCE,,,
66,1,ALL,M1075 PLS,ANY_DISTANCE,,,
66,2,ALL,M1088 WOWN MTV Tractor/M871A2 22.5-Ton Semitrailer,ANY_DISTANCE,,,
66,3,ALL,M1088 WWN MTV Tractor/M871A2 22.5-Ton Semitrailer,ANY_DISTANCE,,,
66,4,ALL,M818 5-Ton Tractor/M128 12-Ton Semitrailer,ANY_DISTANCE,,,
66,5,ALL,M818 5-Ton Tractor/M871A2 22.5-Ton Semitrailer,ANY_DISTANCE,,,
66,6,ALL,M915A2 25-Ton Tractor/M872A3 34-Ton Semitrailer,ANY_DISTANCE,,,
66,7,ALL,M915A2 25-Ton Tractor/M871A2 22.5-Ton Semitrailer,ANY_DISTANCE,,,
66,8,ALL,Commercial 10-Ton Tractor/Commercial Semitrailer,ANY_DISTANCE,,,
67,0,ALL,50FLAT,ANY_DISTANCE,,,
67,1,ALL,68FLAT,ANY_DISTANCE,,,
67,2,ALL,75FLAT,ANY_DISTANCE,,,
67,3,ALL,89FLAT,ANY_DISTANCE,,,
67,4,ALL,commercial heavy railcar,ANY_DISTANCE,,,
67,5,ALL,commercial medium railcar,ANY_DISTANCE,,,
68,0,ALL,Water (ANY ASSET),ANY_DISTANCE,,,
69,0,ALL,Air (ANY ASSET),ANY_DISTANCE,,,
70,0,ALL,M1074 PLS,ANY_DISTANCE,,,
70,1,ALL,M1075 PLS,ANY_DISTANCE,,,
70,2,ALL,M1083 WOWN 5-Ton MTV,ANY_DISTANCE,,,
70,3,ALL,M1083 WWN 5-TON MTV,ANY_DISTANCE,,,
70,4,ALL,M1088 WOWN MTV Tractor/M871A2 22.5-Ton Semitrailer,ANY_DISTANCE,,,
70,5,ALL,M1088 WWN MTV Tractor/M871A2 22.5-Ton Semitrailer,ANY_DISTANCE,,,
70,6,ALL,M818 5-Ton Tractor/M128 12-Ton Semitrailer,ANY_DISTANCE,,,
70,7,ALL,M818 5-Ton Tractor/M871A2 22.5-Ton Semitrailer,ANY_DISTANCE,,,
70,8,ALL,M915A2 25-Ton Tractor/M872A3 34-Ton Semitrailer,ANY_DISTANCE,,,
70,9,ALL,M915A2 25-Ton Tractor/M871A2 22.5-Ton Semitrailer,ANY_DISTANCE,,,
70,10,ALL,Commercial 10-Ton Tractor/Commercial Semitrailer,ANY_DISTANCE,,,
71,0,ALL,50FLAT,ANY_DISTANCE,,,
71,1,ALL,68FLAT,ANY_DISTANCE,,,
71,2,ALL,75FLAT,ANY_DISTANCE,,,
71,3,ALL,89FLAT,ANY_DISTANCE,,,
71,4,ALL,commercial medium railcar,ANY_DISTANCE,,,
72,0,ALL,Water (ANY ASSET),ANY_DISTANCE,,,
73,0,ALL,Air (ANY ASSET),ANY_DISTANCE,,,
74,0,ALL,M1070 HET Tractor/M1000 70-Ton HET Trailer,ANY_DISTANCE,,,
75,0,ALL,commercial heavy railcar,ANY_DISTANCE,,,
75,1,ALL,68FLAT,ANY_DISTANCE,,,
75,2,ALL,75FLAT,ANY_DISTANCE,,,
75,3,ALL,commercial medium railcar,ANY_DISTANCE,,,
76,0,ALL,Water (ANY ASSET),ANY_DISTANCE,,,
77,0,ALL,Air (ANY ASSET),ANY_DISTANCE,,,
78,0,ALL,Commercial Bus 45-pax,ANY_DISTANCE,,,
79,0,ALL,passenger railcar,ANY_DISTANCE,,,
80,0,ALL,Water (ANY ASSET),ANY_DISTANCE,,,
81,0,ALL,Air (ANY ASSET),ANY_DISTANCE,,,
82,0,ALL,Road (SELF),MAXIMUM_DISTANCE,4000.0,,
82,1,ALL,M1070 HET Tractor/M1000 70-Ton HET Trailer,ANY_DISTANCE,,,
82,2,ALL,M911 HET Tractor/M1000 70-Ton HET Trailer,ANY_DISTANCE,,,
82,3,ALL,M911 HET Tractor/M747 60-Ton HET Trailer,ANY_DISTANCE,,,
83,0,ALL,89FLAT,ANY_DISTANCE,,,
83,1,ALL,commercial medium railcar,ANY_DISTANCE,,,
83,2,ALL,commercial heavy railcar,ANY_DISTANCE,,,
84,0,ALL,Water (ANY ASSET),ANY_DISTANCE,,,
85,0,ALL,Air (ANY ASSET),ANY_DISTANCE,,,
86,0,ALL,Road (SELF),MAXIMUM_DISTANCE,400.0,,
87,0,ALL,68FLAT,ANY_DISTANCE,,,
87,1,ALL,75FLAT,ANY_DISTANCE,,,
87,2,ALL,commercial heavy railcar,ANY_DISTANCE,,,
87,3,ALL,commercial medium railcar,ANY_DISTANCE,,,
88,0,ALL,M1070 HET Tractor/M1000 70-Ton HET Trailer,ANY_DISTANCE,,,
88,1,ALL,M911 HET Tractor/M1000 70-Ton HET Trailer,ANY_DISTANCE,,,
88,2,ALL,M911 HET Tractor/M747 60-Ton HET Trailer,ANY_DISTANCE,,,
89,0,ALL,Water (ANY ASSET),ANY_DISTANCE,,,
90,0,ALL,Air (ANY ASSET),ANY_DISTANCE,,,
91,0,ALL,Road (SELF),MAXIMUM_DISTANCE,750.0,,
92,0,ALL,50FLAT,ANY_DISTANCE,,,
92,1,ALL,68FLAT,ANY_DISTANCE,,,
92,2,ALL,75FLAT,ANY_DISTANCE,,,
92,3,ALL,89FLAT,ANY_DISTANCE,,,
92,4,ALL,commercial medium railcar,ANY_DISTANCE,,,
92,5,ALL,commercial multi level,ANY_DISTANCE,,,
93,0,ALL,M1088 WOWN MTV Tractor/M871A2 22.5-Ton Semitrailer,ANY_DISTANCE,,,
93,1,ALL,M1088 WWN MTV Tractor/M871A2 22.5-Ton Semitrailer,ANY_DISTANCE,,,
93,2,ALL,M123 10-Ton Tractor/M172 25-Ton Lowbed,ANY_DISTANCE,,,
93,3,ALL,M123 10-Ton Tractor/M870 40-Ton Lowbed,ANY_DISTANCE,,,
93,4,ALL,M818 5-Ton Tractor/M172 25-Ton Lowbed,ANY_DISTANCE,,,
93,5,ALL,M818 5-Ton Tractor/M871A2 22.5-Ton Semitrailer,ANY_DISTANCE,,,
93,6,ALL,M1070 HET Tractor/M1000 70-Ton HET Trailer,ANY_DISTANCE,,,
93,7,ALL,M911 HET Tractor/M1000 70-Ton HET Trailer,ANY_DISTANCE,,,
93,8,ALL,M911 HET Tractor/M747 60-Ton HET Trailer,ANY_DISTANCE,,,
94,0,ALL,Water (ANY ASSET),ANY_DISTANCE,,,
95,0,ALL,Air (ANY ASSET),ANY_DISTANCE,,,
96,0,ALL,Road (SELF),MAXIMUM_DISTANCE,10.0,,
97,0,ALL,commercial heavy railcar,ANY_DISTANCE,,,
98,0,ALL,Commercial HET Tractor/Commercial HET Trailer,ANY_DISTANCE,,,
98,1,ALL,M1070 HET Tractor/M1000 70-Ton HET Trailer,ANY_DISTANCE,,,
98,2,ALL,M911 HET Tractor/M1000 70-Ton HET Trailer,ANY_DISTANCE,,,
98,3,ALL,M911 HET Tractor/M747 60-Ton HET Trailer,ANY_DISTANCE,,,
99,0,ALL,Water (ANY ASSET),ANY_DISTANCE,,,
100,0,ALL,Air (ANY ASSET),ANY_DISTANCE,,,
101,0,ALL,Road (SELF),MAXIMUM_DISTANCE,10.0,,
102,0,ALL,75FLAT,ANY_DISTANCE,,,
102,1,ALL,89FLAT,ANY_DISTANCE,,,
102,2,ALL,commercial medium railcar,ANY_DISTANCE,,,
102,3,ALL,commercial heavy railcar,ANY_DISTANCE,,,
103,0,ALL,Commercial HET Tractor/Commercial HET Trailer,ANY_DISTANCE,,,
103,1,ALL,M1070 HET Tractor/M1000 70-Ton HET Trailer,ANY_DISTANCE,,,
103,2,ALL,M911 HET Tractor/M1000 70-Ton HET Trailer,ANY_DISTANCE,,,
103,3,ALL,M911 HET Tractor/M747 60-Ton HET Trailer,ANY_DISTANCE,,,
104,0,ALL,Water (ANY ASSET),ANY_DISTANCE,,,
105,0,ALL,Air (ANY ASSET),ANY_DISTANCE,,,
106,0,ALL,Road (SELF),MAXIMUM_DISTANCE,10.0,,
107,0,ALL,68FLAT,ANY_DISTANCE,,,
107,1,ALL,75FLAT,ANY_DISTANCE,,,
107,2,ALL,89FLAT,ANY_DISTANCE,,,
107,3,ALL,commercial medium railcar,ANY_DISTANCE,,,
107,4,ALL,commercial heavy railcar,ANY_DISTANCE,,,
108,0,ALL,M1088 WOWN MTV Tractor/M871A2 22.5-Ton Semitrailer,ANY_DISTANCE,,,
108,1,ALL,M1088 WWN MTV Tractor/M871A2 22.5-Ton Semitrailer,ANY_DISTANCE,,,
108,2,ALL,M123 10-Ton Tractor/M172 25-Ton Lowbed,ANY_DISTANCE,,,
108,3,ALL,M123 10-Ton Tractor/M870 40-Ton Lowbed,ANY_DISTANCE,,,
108,4,ALL,M818 5-Ton Tractor/M172 25-Ton Lowbed,ANY_DISTANCE,,,
108,5,ALL,M818 5-Ton Tractor/M871A2 22.5-Ton Semitrailer,ANY_DISTANCE,,,
108,6,ALL,M1070 HET Tractor/M1000 70-Ton HET Trailer,ANY_DISTANCE,,,
108,7,ALL,M911 HET Tractor/M1000 70-Ton HET Trailer,ANY_DISTANCE,,,
108,8,ALL,M911 HET Tractor/M747 60-Ton HET Trailer,ANY_DISTANCE,,,
109,0,ALL,Water (ANY ASSET),ANY_DISTANCE,,,
110,0,ALL,Air (ANY ASSET),ANY_DISTANCE,,,
111,0,ALL,50BOX,ANY_DISTANCE,,,
111,1,ALL,60BOX,ANY_DISTANCE,,,
111,2,ALL,commercial boxcar,ANY_DISTANCE,,,
112,0,ALL,M1074 PLS,ANY_DISTANCE,,,
112,1,ALL,M1075 PLS,ANY_DISTANCE,,,
112,2,ALL,M1088 WOWN MTV Tractor/M871A2 22.5-Ton Semitrailer,ANY_DISTANCE,,,
112,3,ALL,M1088 WWN MTV Tractor/M871A2 22.5-Ton Semitrailer,ANY_DISTANCE,,,
112,4,ALL,M818 5-Ton Tractor/M128 12-Ton Semitrailer,ANY_DISTANCE,,,
112,5,ALL,M818 5-Ton Tractor/M871A2 22.5-Ton Semitrailer,ANY_DISTANCE,,,
112,6,ALL,M915A2 25-Ton Tractor/M872A3 34-Ton Semitrailer,ANY_DISTANCE,,,
112,7,ALL,M915A2 25-Ton Tractor/M871A2 22.5-Ton Semitrailer,ANY_DISTANCE,,,
112,8,ALL,Commercial 10-Ton Tractor/Commercial Semitrailer,ANY_DISTANCE,,,
113,0,ALL,Water (ANY ASSET),ANY_DISTANCE,,,
114,0,ALL,Air (ANY ASSET),ANY_DISTANCE,,,
115,0,ALL,M1074 PLS,ANY_DISTANCE,,,
115,1,ALL,M1075 PLS,ANY_DISTANCE,,,
115,2,ALL,M1083 WOWN 5-Ton MTV,ANY_DISTANCE,,,
115,3,ALL,M1083 WWN 5-TON MTV,ANY_DISTANCE,,,
115,4,ALL,M1088 WOWN MTV Tractor/M871A2 22.5-Ton Semitrailer,ANY_DISTANCE,,,
115,5,ALL,M1088 WWN MTV Tractor/M871A2 22.5-Ton Semitrailer,ANY_DISTANCE,,,
115,6,ALL,M818 5-Ton Tractor/M128 12-Ton Semitrailer,ANY_DISTANCE,,,
115,7,ALL,M818 5-Ton Tractor/M871A2 22.5-Ton Semitrailer,ANY_DISTANCE,,,
115,8,ALL,M915A2 25-Ton Tractor/M872A3 34-Ton Semitrailer,ANY_DISTANCE,,,
115,9,ALL,M915A2 25-Ton Tractor/M871A2 22.5-Ton Semitrailer,ANY_DISTANCE,,,
115,10,ALL,Commercial 10-Ton Tractor/Commercial Semitrailer,ANY_DISTANCE,,,
116,0,ALL,50FLAT,ANY_DISTANCE,,,
116,1,ALL,68FLAT,ANY_DISTANCE,,,
116,2,ALL,75FLAT,ANY_DISTANCE,,,
116,3,ALL,89FLAT,ANY_DISTANCE,,,
116,4,ALL,commercial medium railcar,ANY_DISTANCE,,,
117,0,ALL,Water (ANY ASSET),ANY_DISTANCE,,,
118,0,ALL,Air (ANY ASSET),ANY_DISTANCE,,,
119,0,ALL,M1074 PLS,ANY_DISTANCE,,,
119,1,ALL,M1075 PLS,ANY_DISTANCE,,,
119,2,ALL,M1088 WOWN MTV Tractor/M871A2 22.5-Ton Semitrailer,ANY_DISTANCE,,,
119,3,ALL,M1088 WWN MTV Tractor/M871A2 22.5-Ton Semitrailer,ANY_DISTANCE,,,
119,4,ALL,M818 5-Ton Tractor/M128 12-Ton Semitrailer,ANY_DISTANCE,,,
119,5,ALL,M818 5-Ton Tractor/M871A2 22.5-Ton Semitrailer,ANY_DISTANCE,,,
119,6,ALL,M915A2 25-Ton Tractor/M872A3 34-Ton Semitrailer,ANY_DISTANCE,,,
119,7,ALL,M915A2 25-Ton Tractor/M871A2 22.5-Ton Semitrailer,ANY_DISTANCE,,,
119,8,ALL,Commercial 10-Ton Tractor/Commercial Semitrailer,ANY_DISTANCE,,,
120,0,ALL,50FLAT,ANY_DISTANCE,,,
120,1,ALL,68FLAT,ANY_DISTANCE,,,
120,2,ALL,75FLAT,ANY_DISTANCE,,,
120,3,ALL,89FLAT,ANY_DISTANCE,,,
120,4,ALL,commercial heavy railcar,ANY_DISTANCE,,,
120,5,ALL,commercial medium railcar,ANY_DISTANCE,,,
121,0,ALL,Water (ANY ASSET),ANY_DISTANCE,,,
122,0,ALL,Air (ANY ASSET),ANY_DISTANCE,,,
123,0,ALL,M1074 PLS,ANY_DISTANCE,,,
123,1,ALL,M1075 PLS,ANY_DISTANCE,,,
123,2,ALL,M1088 WOWN MTV Tractor/M871A2 22.5-Ton Semitrailer,ANY_DISTANCE,,,
123,3,ALL,M1088 WWN MTV Tractor/M871A2 22.5-Ton Semitrailer,ANY_DISTANCE,,,
123,4,ALL,M818 5-Ton Tractor/M128 12-Ton Semitrailer,ANY_DISTANCE,,,
123,5,ALL,M818 5-Ton Tractor/M871A2 22.5-Ton Semitrailer,ANY_DISTANCE,,,
123,6,ALL,M915A2 25-Ton Tractor/M872A3 34-Ton Semitrailer,ANY_DISTANCE,,,
123,7,ALL,M915A2 25-Ton Tractor/M871A2 22.5-Ton Semitrailer,ANY_DISTANCE,,,
123,8,ALL,Commercial 10-Ton Tractor/Commercial Semitrailer,ANY_DISTANCE,,,
124,0,ALL,50FLAT,ANY_DISTANCE,,,
124,1,ALL,68FLAT,ANY_DISTANCE,,,
124,2,ALL,75FLAT,ANY_DISTANCE,,,
124,3,ALL,89FLAT,ANY_DISTANCE,,,
124,4,ALL,commercial heavy railcar,ANY_DISTANCE,,,
124,5,ALL,commercial medium railcar,ANY_DISTANCE,,,
125,0,ALL,Water (ANY ASSET),ANY_DISTANCE,,,
126,0,ALL,Air (ANY ASSET),ANY_DISTANCE,,,
127,0,ALL,M1074 PLS,ANY_DISTANCE,,,
127,1,ALL,M1075 PLS,ANY_DISTANCE,,,
127,2,ALL,M1083 WOWN 5-Ton MTV,ANY_DISTANCE,,,
127,3,ALL,M1083 WWN 5-TON MTV,ANY_DISTANCE,,,
127,4,ALL,M1088 WOWN MTV Tractor/M871A2 22.5-Ton Semitrailer,ANY_DISTANCE,,,
127,5,ALL,M1088 WWN MTV Tractor/M871A2 22.5-Ton Semitrailer,ANY_DISTANCE,,,
127,6,ALL,M818 5-Ton Tractor/M128 12-Ton Semitrailer,ANY_DISTANCE,,,
127,7,ALL,M818 5-Ton Tractor/M871A2 22.5-Ton Semitrailer,ANY_DISTANCE,,,
127,8,ALL,M915A2 25-Ton Tractor/M872A3 34-Ton Semitrailer,ANY_DISTANCE,,,
127,9,ALL,M915A2 25-Ton Tractor/M871A2 22.5-Ton Semitrailer,ANY_DISTANCE,,,
127,10,ALL,Commercial 10-Ton Tractor/Commercial Semitrailer,ANY_DISTANCE,,,
128,0,ALL,50BOX,ANY_DISTANCE,,,
128,1,ALL,60BOX,ANY_DISTANCE,,,
128,2,ALL,commercial boxcar,ANY_DISTANCE,,,
129,0,ALL,Water (ANY ASSET),ANY_DISTANCE,,,
130,0,ALL,Air (ANY ASSET),ANY_DISTANCE,,,
131,0,ALL,M1074 PLS,ANY_DISTANCE,,,
131,1,ALL,M1075 PLS,ANY_DISTANCE,,,
131,2,ALL,M1088 WOWN MTV Tractor/M871A2 22.5-Ton Semitrailer,ANY_DISTANCE,,,
131,3,ALL,M1088 WWN MTV Tractor/M871A2 22.5-Ton Semitrailer,ANY_DISTANCE,,,
131,4,ALL,M818 5-Ton Tractor/M128 12-Ton Semitrailer,ANY_DISTANCE,,,
131,5,ALL,M818 5-Ton Tractor/M871A2 22.5-Ton Semitrailer,ANY_DISTANCE,,,
131,6,ALL,M915A2 25-Ton Tractor/M872A3 34-Ton Semitrailer,ANY_DISTANCE,,,
131,7,ALL,M915A2 25-Ton Tractor/M871A2 22.5-Ton Semitrailer,ANY_DISTANCE,,,
131,8,ALL,Commercial 10-Ton Tractor/Commercial Semitrailer,ANY_DISTANCE,,,
132,0,ALL,50BOX,ANY_DISTANCE,,,
132,1,ALL,60BOX,ANY_DISTANCE,,,
132,2,ALL,commercial boxcar,ANY_DISTANCE,,,
133,0,ALL,Water (ANY ASSET),ANY_DISTANCE,,,
134,0,ALL,Air (ANY ASSET),ANY_DISTANCE,,,
135,0,ALL,Pipeline (SELF),ANY_DISTANCE,,,
136,0,ALL,M1088 WOWN MTV Tractor/M967A1 5000-Gal Tanker,ANY_DISTANCE,,,
136,1,ALL,M1088 WWN MTV Tractor/M967A1 5000-Gal Tanker,ANY_DISTANCE,,,
136,2,ALL,M818 5-Ton Tractor/M969 5000-Gal Tanker,ANY_DISTANCE,,,
136,3,ALL,M818 5-Ton Tractor/M967A1 5000-Gal Tanker,ANY_DISTANCE,,,
136,4,ALL,M915A2 25-Ton Tractor/M1062 7500-Gal Tanker,ANY_DISTANCE,,,
136,5,ALL,M916 20-Ton Tractor/M969 5000-Gal Tanker,ANY_DISTANCE,,,
136,6,ALL,M916 20-Ton Tractor/M967A1 5000-Gal Tanker,ANY_DISTANCE,,,
137,0,ALL,commercial POL railcar,ANY_DISTANCE,,,
137,1,ALL,6000 Gal POL Rail Car,ANY_DISTANCE,,,
138,0,ALL,Water (ANY ASSET),ANY_DISTANCE,,,
139,0,ALL,Air (ANY ASSET),ANY_DISTANCE,,,
140,0,ALL,M1074 PLS,ANY_DISTANCE,,,
140,1,ALL,M1075 PLS,ANY_DISTANCE,,,
140,2,ALL,M1083 WOWN 5-Ton MTV,ANY_DISTANCE,,,
140,3,ALL,M1083 WWN 5-TON MTV,ANY_DISTANCE,,,
140,4,ALL,M1088 WOWN MTV Tractor/M871A2 22.5-Ton Semitrailer,ANY_DISTANCE,,,
140,5,ALL,M1088 WWN MTV Tractor/M871A2 22.5-Ton Semitrailer,ANY_DISTANCE,,,
140,6,ALL,M818 5-Ton Tractor/M128 12-Ton Semitrailer,ANY_DISTANCE,,,
140,7,ALL,M818 5-Ton Tractor/M871A2 22.5-Ton Semitrailer,ANY_DISTANCE,,,
140,8,ALL,M915A2 25-Ton Tractor/M872A3 34-Ton Semitrailer,ANY_DISTANCE,,,
140,9,ALL,M915A2 25-Ton Tractor/M871A2 22.5-Ton Semitrailer,ANY_DISTANCE,,,
140,10,ALL,Commercial 10-Ton Tractor/Commercial Semitrailer,ANY_DISTANCE,,,
141,0,ALL,50FLAT,ANY_DISTANCE,,,
141,1,ALL,68FLAT,ANY_DISTANCE,,,
141,2,ALL,75FLAT,ANY_DISTANCE,,,
141,3,ALL,89FLAT,ANY_DISTANCE,,,
141,4,ALL,commercial medium railcar,ANY_DISTANCE,,,
142,0,ALL,Water (ANY ASSET),ANY_DISTANCE,,,
143,0,ALL,Air (ANY ASSET),ANY_DISTANCE,,,
144,0,ALL,M1074 PLS,ANY_DISTANCE,,,
144,1,ALL,M1075 PLS,ANY_DISTANCE,,,
144,2,ALL,M1083 WOWN 5-Ton MTV,ANY_DISTANCE,,,
144,3,ALL,M1083 WWN 5-TON MTV,ANY_DISTANCE,,,
144,4,ALL,M35 2.5-Ton,ANY_DISTANCE,,,
144,5,ALL,M36 2.5-Ton,ANY_DISTANCE,,,
144,6,ALL,M813 5-Ton,ANY_DISTANCE,,,
144,7,ALL,M814 5-Ton,ANY_DISTANCE,,,
144,8,ALL,M923 5-Ton,ANY_DISTANCE,,,
144,9,ALL,M924 5-Ton,ANY_DISTANCE,,,
144,10,ALL,M925 5-Ton,ANY_DISTANCE,,,
144,11,ALL,M926 5-Ton,ANY_DISTANCE,,,
144,12,ALL,M928 5-Ton,ANY_DISTANCE,,,
144,13,ALL,M1088 WOWN MTV Tractor/M871A2 22.5-Ton Semitrailer,ANY_DISTANCE,,,
144,14,ALL,M915A2 25-Ton Tractor/M872A3 34-Ton Semitrailer,ANY_DISTANCE,,,
144,15,ALL,Commercial 10-Ton Tractor/Commercial Semitrailer,ANY_DISTANCE,,,
145,0,ALL,50BOX,ANY_DISTANCE,,,
145,1,ALL,50FLAT,ANY_DISTANCE,,,
145,2,ALL,commercial medium railcar,ANY_DISTANCE,,,
145,3,ALL,commercial boxcar,ANY_DISTANCE,,,
146,0,ALL,Water (ANY ASSET),ANY_DISTANCE,,,
147,0,ALL,Air (ANY ASSET),ANY_DISTANCE,,,
