RLN,ServiceCode,Description,TPSN,UIC,PAX,POL,SustainmentRegion,DeploymentMeans,CommodityName,Qty,DepOrdDay,ProvidingOrganization,UnitName,CincRdd,VirtualRlnId,Origin,POE,POEModeSource,POD,PODModeSource,Destination,DestModeSource,StratILoc,StratILocDelay,StratILocModeSource,OriginILoc,OriginILocDelay,OriginILocModeSource,TheaterILoc,TheaterILocDelay,TheaterILocModeSource,consolidationLocCode,deconsolidationLocCode,RLD,ALD,EAD,LAD,RDD,BrigadeKey,Organization,AircraftName,AircraftCount,OnHold,ParentUnitCode,MarryUpFlag,MarryUpCode,ParentRln,Text1,Text2,Text3,Text4,Text5,Text6,PODMarryUp,DestMarryUp,OriginDelay,POEDelay,PODDelay,DestDelay,VehicleName,VehicleCount,VehicleFleetName,ArrivingVehicleType,Priority,Locked,TriggerDelay,EADObjectivePenalty,RDDObjectivePenalty,AdditionalDaysLateObjective,ADLObjectivePenalty
0HBGC,,,,,,,,50,,,,,,,,HCTL,QTUP,,APFD,,APFD,,,,,,,,,,,,,,14,20,22,22,H20,GABES (HNTS),,,,,,,,,,,,,,,,,,,,,,,,,,,,,,
0HBGP,,,,,,,,,,,,,,,,,,,,,,,,,,,,,,,,,,,,,,,H20,GABES (HNTS),,,,,,,,,,,,,,,,,,,,,,,,,,,,,,
0YCAC,,,,,,,,,,,,,,,,,,,,,,,,,,,,,,,,,,,,,,,ABN,TEBESSA,,,,,,,,,,,,,,,,,,,,,,,,,,,,,,
0YCAP,,,,,,,,,,,,,,,,,,,,,,,,,,,,,,,,,,,,,,,ABN,TEBESSA,,,,,,,,,,,,,,,,,,,,,,,,,,,,,,
0YCBC,,,,,,,,,,,,,,,,,,,,,,,,,,,,,,,,,,,,,,,ABN,TEBESSA,,,,,,,,,,,,,,,,,,,,,,,,,,,,,,
0YBYC,,,,,,,,,,,,,,,,,,,,,,,,,,,,,,,,,,,,,,,ABN,TEBESSA,,,,,,,,,,,,,,,,,,,,,,,,,,,,,,
0YBYP,,,,,,,,,,,,,,,,,,,,,,,,,,,,,,,,,,,,,,,ABN,TEBESSA,,,,,,,,,,,,,,,,,,,,,,,,,,,,,,
5BCAA,,,,,,,,,,,,,,,,,,LM,,,,,,,,,,,,,,,,,,,,,CTK,GABES,,,,,,,,,,,,,,,,,,,,,,,,,,,,,,
5HDC9,,,,,,,,,,,,,,,,,,LM,,,,,,,,,,,,,,,,,,,,,CTK,SIGONELLA,,,,,,,,,,,,,,,,,,,,,,,,,,,,,,
00DEC,,,,,,,,,,,,,,,,VQHP,,LG,,SE,,,,,,,,,,,,,,,,,,,ABN,TEBESSA,,,,,,,,,,,,,,,,,,,,,,,,,,,,,,
00DEA,,,,,,,,,,,,,,,,VQHP,AWUB,,,,,,,,,,,,,,,,,,,,,,ABN,TEBESSA,,,,,,,,,,,,,,,,,,,,,,,,,,,,,,
00DDP,,,,,,,,,,,,,,,,VQHP,AWUB,,,,,,,,,,,,,,,,,,,,,,ABN,TEBESSA,,,,,,,,,,,,,,,,,,,,,,,,,,,,,,
00DDC,,,,,,,,,,,,,,,,VQHP,,LG,,SE,,,,,,,,,,,,,,,,,,,ABN,TEBESSA,,,,,,,,,,,,,,,,,,,,,,,,,,,,,,
00DDA,,,,,,,,,,,,,,,,VQHP,AWUB,,,,,,,,,,,,,,,,,,,,,,ABN,TEBESSA,,,,,,,,,,,,,,,,,,,,,,,,,,,,,,
0YCBP,,,,,,,,,,,,,,,,,,,,,,,,,,,,,,,,,,,,,,,ABN,TEBESSA,,,,,,,,,,,,,,,,,,,,,,,,,,,,,,
0YCCC,,,,,,,,,,,,,,,,,,,,,,,,,,,,,,,,,,,,,,,ABN,TEBESSA,,,,,,,,,,,,,,,,,,,,,,,,,,,,,,
0YCCP,,,,,,,,,,,,,,,,,,,,,,,,,,,,,,,,,,,,,,,ABN,TEBESSA,,,,,,,,,,,,,,,,,,,,,,,,,,,,,,
0EBFC,,,,,,,,,,,,,,,,,,,,,,,,,,,,,,,,,,,,,,,ELW,GAFSA,,,,,,,,,,,,,,,,,,,,,,,,,,,,,,
0EBFP,,,,,,,,,,,,,,,,,,,,,,,,,,,,,,,,,,,,,,,ELW,GAFSA,,,,,,,,,,,,,,,,,,,,,,,,,,,,,,
0JAAC,,,,,,,,,,,,,,,,,,,,,,,,,,,,,,,,,,,,,,,TPL,GABES (HNTM),,,,,,,,,,,,,,,,,,,,,,,,,,,,,,
0EBRP,,,,,,,,,,,,,,,,,,,,,,,,,,,,,,,,,,,,,,,ELW,GAFSA,,,,,,,,,,,,,,,,,,,,,,,,,,,,,,
0JAAP,,,,,,,,,,,,,,,,,,,,,,,,,,,,,,,,,,,,,,,TPL,GABES (HNTM),,,,,,,,,,,,,,,,,,,,,,,,,,,,,,
0EBQC,,,,,,,,,,,,,,,,,,,,,,,,,,,,,,,,,,,,,,,ENP,GAFSA,,,,,,,,,,,,,,,,,,,,,,,,,,,,,,
0EBQP,,,,,,,,,,,,,,,,,,,,,,,,,,,,,,,,,,,,,,,ENP,GAFSA,,,,,,,,,,,,,,,,,,,,,,,,,,,,,,
0EBRC,,,,,,,,,,,,,,,,,,,,,,,,,,,,,,,,,,,,,,,ELW,GAFSA,,,,,,,,,,,,,,,,,,,,,,,,,,,,,,
0MAAC,,,,,,,,,,,,,,,,,,,,,,,,,,,,,,,,,,,,,,,TPL,GABES (HNTM),,,,,,,,,,,,,,,,,,,,,,,,,,,,,,
0MAAP,,,,,,,,,,,,,,,,,,,,,,,,,,,,,,,,,,,,,,,TPL,GABES (HNTM),,,,,,,,,,,,,,,,,,,,,,,,,,,,,,
0RAAP,,,,,,,,,,,,,,,,,,,,,,,,,,,,,,,,,,,,,,,ABN,TEBESSA,,,,,,,,,,,,,,,,,,,,,,,,,,,,,,
0RAAC,,,,,,,,50,,,,,,,,,,,APFD,,OPA1,,,,,,,,,,,,,,14,,,,ABN,ABN,,,,,,,,,,,,,,,,,,,,,,,,,,,,,,
0HBH,,,,,,,,,,,,,,,,,,,,,,,,,,,,,,,,,,,,,,,H20,GABES (HNTS),,,,,,,,,,,,,,,,,,,,,,,,,,,,,,
0HBL,,,,,,,,,,,,,,,,,,,,,,,,,,,,,,,,,,,,,,,H20,GABES (HNTS),,,,,,,,,,,,,,,,,,,,,,,,,,,,,,
0HHD,,,,,,,,,,,,,,,,,,,,,,,,,,,,,,,,,,,,,,,PSY,GAFSA,,,,,,,,,,,,,,,,,,,,,,,,,,,,,,
00FTC,,,,,,,,,,,,,,,,,,,,,,,,,,,,,,,,,,,,,,,ABN,TEBESSA,,,,,,,,,,,,,,,,,,,,,,,,,,,,,,
00FVA,,,,,,,,,,,,,,,,,,,,,,,,,,,,,,,,,,,,,,,ABN,TEBESSA,,,,,,,,,,,,,,,,,,,,,,,,,,,,,,
00FTP,,,,,,,,,,,,,,,,,,,,,,,,,,,,,,,,,,,,,,,ABN,TEBESSA,,,,,,,,,,,,,,,,,,,,,,,,,,,,,,
0QBJ,,,,,,,,,,,,,,,,,,,,,,,,,,,,,,,,,,,,,,,ELW,GAFSA,,,,,,,,,,,,,,,,,,,,,,,,,,,,,,
0ZHFC,,,,,,,,,,,,,,,,,,,,,,,,,,,,,,,,,,,,,,,CTK,MADANIYIN,,,,,,,,,,,,,,,,,,,,,,,,,,,,,,
0ZHFP,,,,,,,,,,,,,,,,,,,,,,,,,,,,,,,,,,,,,,,CTK,JERBA-ZARZIS,,,,,,,,,,,,,,,,,,,,,,,,,,,,,,
0ZHCP,,,,,,,,,,,,,,,,,,,,,,,,,,,,,,,,,,,,,,,CTK,JERBA-ZARZIS,,,,,,,,,,,,,,,,,,,,,,,,,,,,,,
0ZHCC,,,,,,,,,,,,,,,,,,,,,,,,,,,,,,,,,,,,,,,CTK,MADANIYIN,,,,,,,,,,,,,,,,,,,,,,,,,,,,,,
0MBKC,,,,,,,,,,,,,,,,,,,,,,,,,,,,,,,,,,,,,,,TMD,GABES (HNTM),,,,,,,,,,,,,,,,,,,,,,,,,,,,,,
0MBKP,,,,,,,,,,,,,,,,,,,,,,,,,,,,,,,,,,,,,,,TMD,GABES (HNTM),,,,,,,,,,,,,,,,,,,,,,,,,,,,,,
0MBDC,,,,,,,,,,,,,,,,,,,,,,,,,,,,,,,,,,,,,,,TMD,GABES (HNTM),,,,,,,,,,,,,,,,,,,,,,,,,,,,,,
0MBDP,,,,,,,,,,,,,,,,,,,,,,,,,,,,,,,,,,,,,,,TMD,GABES (HNTM),,,,,,,,,,,,,,,,,,,,,,,,,,,,,,
00FDA,,,,,,,,,,,,,,,,,,,,,,,,,,,,,,,,,,,,,,,ABN,TEBESSA,,,,,,,,,,,,,,,,,,,,,,,,,,,,,,
0ZBB,,,,,,,,,,,,,,,,,,,,,,,,,,,,,,,,,,,,,,,INF,BIR EL ATER,,,,,,,,,,,,,,,,,,,,,,,,,,,,,,
WP00040,,,,,,,,,,,,,,,,,,,,,,,,,,,,,,,,,,,,,,,PIN,BIR EL ATER,,,,,,,,,,,,,,,,,,,,,,,,,,,,,,
0ZCB,,,,,,,,,,,,,,,,,,,,,,,,,,,,,,,,,,,,,,,INF,BIR EL ATER,,,,,,,,,,,,,,,,,,,,,,,,,,,,,,
WP00034,,,,,,,,,,,,,,,,,,,,,,,,,,,,,,,,,,,,,,,PIN,BIR EL ATER,,,,,,,,,,,,,,,,,,,,,,,,,,,,,,
WP00037,,,,,,,,,,,,,,,,,,,,,,,,,,,,,,,,,,,,,,,PIN,BIR EL ATER,,,,,,,,,,,,,,,,,,,,,,,,,,,,,,
WP00031,,,,,,,,,,,,,,,,,,,,,,,,,,,,,,,,,,,,,,,PIN,TEBESSA,,,,,,,,,,,,,,,,,,,,,,,,,,,,,,
0HEHC,,,,,,,,,,,,,,,,,,,,,,,,,,,,,,,,,,,,,,,TMD,GABES (HNTM),,,,,,,,,,,,,,,,,,,,,,,,,,,,,,
0ZDA,,,,,,,,,,,,,,,,,,,,,,,,,,,,,,,,,,,,,,,INF,BIR EL ATER,,,,,,,,,,,,,,,,,,,,,,,,,,,,,,
0HEHP,,,,,,,,,,,,,,,,,,,,,,,,,,,,,,,,,,,,,,,TMD,GABES (HNTM),,,,,,,,,,,,,,,,,,,,,,,,,,,,,,
0ZDC,,,,,,,,,,,,,,,,,,,,,,,,,,,,,,,,,,,,,,,INF,BIR EL ATER,,,,,,,,,,,,,,,,,,,,,,,,,,,,,,
0ZDB,,,,,,,,,,,,,,,,,,,,,,,,,,,,,,,,,,,,,,,INF,BIR EL ATER,,,,,,,,,,,,,,,,,,,,,,,,,,,,,,
WP00028,,,,,,,,,,,,,,,,,,,,,,,,,,,,,,,,,,,,,,,PIN,TEBESSA,,,,,,,,,,,,,,,,,,,,,,,,,,,,,,
WP00025,,,,,,,,,,,,,,,,,,,,,,,,,,,,,,,,,,,,,,,PIN,TEBESSA,,,,,,,,,,,,,,,,,,,,,,,,,,,,,,
WP00022,,,,,,,,,,,,,,,,,,,,,,,,,,,,,,,,,,,,,,,PIN,TEBESSA,,,,,,,,,,,,,,,,,,,,,,,,,,,,,,
0HEEC,,,,,,,,,,,,,,,,,,,,,,,,,,,,,,,,,,,,,,,TPL,GABES (HNTM),,,,,,,,,,,,,,,,,,,,,,,,,,,,,,
0HEEP,,,,,,,,,,,,,,,,,,,,,,,,,,,,,,,,,,,,,,,TPL,GABES (HNTM),,,,,,,,,,,,,,,,,,,,,,,,,,,,,,
WP00016,,,,,,,,,,,,,,,,,,,,,,,,,,,,,,,,,,,,,,,PIN,BIR EL ATER,,,,,,,,,,,,,,,,,,,,,,,,,,,,,,
WP00019,,,,,,,,,,,,,,,,,,,,,,,,,,,,,,,,,,,,,,,PIN,TEBESSA,,,,,,,,,,,,,,,,,,,,,,,,,,,,,,
WP00013,,,,,,,,,,,,,,,,,,,,,,,,,,,,,,,,,,,,,,,PIN,BIR EL ATER,,,,,,,,,,,,,,,,,,,,,,,,,,,,,,
WP00011,,,,,,,,,,,,,,,,,,,,,,,,,,,,,,,,,,,,,,,PIN,BIR EL ATER,,,,,,,,,,,,,,,,,,,,,,,,,,,,,,
0HEDC,,,,,,,,,,,,,,,,,,,,,,,,,,,,,,,,,,,,,,,TMD,GABES (HNTM),,,,,,,,,,,,,,,,,,,,,,,,,,,,,,
0HEDP,,,,,,,,,,,,,,,,,,,,,,,,,,,,,,,,,,,,,,,TMD,GABES (HNTM),,,,,,,,,,,,,,,,,,,,,,,,,,,,,,
0HVCC,,,,,,,,,,,,,,,,,,,,,,,,,,,,,,,,,,,,,,,TMD,GABES (HNTM),,,,,,,,,,,,,,,,,,,,,,,,,,,,,,
0HVCP,,,,,,,,,,,,,,,,,,,,,,,,,,,,,,,,,,,,,,,TMD,GABES (HNTM),,,,,,,,,,,,,,,,,,,,,,,,,,,,,,
0HNBC,,,,,,,,,,,,,,,,,,,,,,,,,,,,,,,,,,,,,,,TLT,GABES (HNTM),,,,,,,,,,,,,,,,,,,,,,,,,,,,,,
0KFBC,,,,,,,,,,,,,,,,,,,,,,,,,,,,,,,,,,,,,,,1ME,TEBESSA,,,,,,,,,,,,,,,,,,,,,,,,,,,,,,
0KFBP,,,,,,,,,,,,,,,,,,,,,,,,,,,,,,,,,,,,,,,1ME,TEBESSA,,,,,,,,,,,,,,,,,,,,,,,,,,,,,,
0J1EP,,,,,,,,,,,,,,,,,,,,,,,,,,,,,,,,,,,,,,,MON,GAFSA,,,,,,,,,,,,,,,,,,,,,,,,,,,,,,
00FD,,,,,,,,,,,,,,,,,,,,,,,,,,,,,,,,,,,,,,,ABN,TEBESSA,,,,,,,,,,,,,,,,,,,,,,,,,,,,,,
00FE,,,,,,,,,,,,,,,,,,,,,,,,,,,,,,,,,,,,,,,ABN,TEBESSA,,,,,,,,,,,,,,,,,,,,,,,,,,,,,,
00FB,,,,,,,,,,,,,,,,,,,,,,,,,,,,,,,,,,,,,,,ABN,TEBESSA,,,,,,,,,,,,,,,,,,,,,,,,,,,,,,
00FC,,,,,,,,,,,,,,,,,,,,,,,,,,,,,,,,,,,,,,,ABN,TEBESSA,,,,,,,,,,,,,,,,,,,,,,,,,,,,,,
FR00022,,,,,,,,,,,,,,,,,,,,,,,,,,,,,,,,,,,,,,,,GABES (HNTM),,,,,,,,,,,,,,,,,,,,,,,,,,,,,,
FR00023,,,,,,,,,,,,,,,,,,,,,,,,,,,,,,,,,,,,,,,,GABES (HNTM),,,,,,,,,,,,,,,,,,,,,,,,,,,,,,
FR00024,,,,,,,,,,,,,,,,,FJXT,,,,,,,,,,,,,,,,,,,,,,,GABES (HNTM),,,,,,,,,,,,,,,,,,,,,,,,,,,,,,
FR00020,,,,,,,,,,,,,,,,,,,,,,,,,,,,,,,,,,,,,,,,GABES (HNTM),,,,,,,,,,,,,,,,,,,,,,,,,,,,,,
FR00021,,,,,,,,,,,,,,,,,FJXT,,,,,,,,,,,,,,,,,,,,,,,GABES (HNTM),,,,,,,,,,,,,,,,,,,,,,,,,,,,,,
00FV,,,,,,,,,,,,,,,,,,,,,,,,,,,,,,,,,,,,,,,ABN,TEBESSA,,,,,,,,,,,,,,,,,,,,,,,,,,,,,,
00GE,,,,,,,,,,,,,,,,,,,,,,,,,,,,,,,,,,,,,,,ABN,TEBESSA,,,,,,,,,,,,,,,,,,,,,,,,,,,,,,
00GF,,,,,,,,50,,,,,,,,,QTUP,,APFD,,OPA1,,,,,,,,,,,,,,,,,,ABN,ABN,,,,,,,,,,,,,,,,,,,,,,,,,,,,,,
00GC,,,,,,,,,,,,,,,,,,,,,,,,,,,,,,,,,,,,,,,ABN,TEBESSA,,,,,,,,,,,,,,,,,,,,,,,,,,,,,,
00GB,,,,,,,,,,,,,,,,,,,,,,,,,,,,,,,,,,,,,,,ABN,TEBESSA,,,,,,,,,,,,,,,,,,,,,,,,,,,,,,
00FL,,,,,,,,,,,,,,,,,,,,,,,,,,,,,,,,,,,,,,,ABN,TEBESSA,,,,,,,,,,,,,,,,,,,,,,,,,,,,,,
00FJ,,,,,,,,,,,,,,,,,,,,,,,,,,,,,,,,,,,,,,,ABN,TEBESSA,,,,,,,,,,,,,,,,,,,,,,,,,,,,,,
00FK,,,,,,,,,,,,,,,,,,,,,,,,,,,,,,,,,,,,,,,ABN,TEBESSA,,,,,,,,,,,,,,,,,,,,,,,,,,,,,,
00FH,,,,,,,,,,,,,,,,,,,,,,,,,,,,,,,,,,,,,,,ABN,TEBESSA,,,,,,,,,,,,,,,,,,,,,,,,,,,,,,
00FF,,,,,,,,,,,,,,,,,,,????,,OPA1,,,,,,,,,,,,,,,,,,ABN,ABN,,,,,,,,,,,,,,,,,,,,,,,,,,,,,,
00FG,,,,,,,,,,,,,,,,,,,,,,,,,,,,,,,,,,,,,,,ABN,TEBESSA,,,,,,,,,,,,,,,,,,,,,,,,,,,,,,
00FR,,,,,,,,,,,,,,,,,,,,,,,,,,,,,,,,,,,,,,,ABN,TEBESSA,,,,,,,,,,,,,,,,,,,,,,,,,,,,,,
00FS,,,,,,,,,,,,,,,,,,,,,,,,,,,,,,,,,,,,,,,ABN,TEBESSA,,,,,,,,,,,,,,,,,,,,,,,,,,,,,,
00FQ,,,,,,,,,,,,,,,,,,,,,,,,,,,,,,,,,,,,,,,ABN,TEBESSA,,,,,,,,,,,,,,,,,,,,,,,,,,,,,,
00HF,,,,,,,,,,,,,,,,,,,,,,,,,,,,,,,,,,,,,,,ABN,TEBESSA,,,,,,,,,,,,,,,,,,,,,,,,,,,,,,
00HG,,,,,,,,,,,,,,,,,,,,,,,,,,,,,,,,,,,,,,,ABN,TEBESSA,,,,,,,,,,,,,,,,,,,,,,,,,,,,,,
00HE,,,,,,,,,,,,,,,,,,,,,,,,,,,,,,,,,,,,,,,ABN,TEBESSA,,,,,,,,,,,,,,,,,,,,,,,,,,,,,,
00HB,,,,,,,,,,,,,,,,,,,,,,,,,,,,,,,,,,,,,,,ABN,TEBESSA,,,,,,,,,,,,,,,,,,,,,,,,,,,,,,
00HC,,,,,,,,,,,,,,,,,,,,,,,,,,,,,,,,,,,,,,,ABN,TEBESSA,,,,,,,,,,,,,,,,,,,,,,,,,,,,,,
0J1EC,,,,,,,,,,,,,,,,,,,,,,,,,,,,,,,,,,,,,,,MON,GAFSA,,,,,,,,,,,,,,,,,,,,,,,,,,,,,,
00GG,,,,,,,,,,,,,,,,,,,,,,,,,,,,,,,,,,,,,,,ABN,TEBESSA,,,,,,,,,,,,,,,,,,,,,,,,,,,,,,
00GH,,,,,,,,50,,,,,,,,,QTUP,,APFD,,OPA1,,,,,,,,,,,,,,,,,,ABN,ABN,,,,,,,,,,,,,,,,,,,,,,,,,,,,,,
00HL,,,,,,,,,,,,,,,,,,,,,,,,,,,,,,,,,,,,,,,ABN,TEBESSA,,,,,,,,,,,,,,,,,,,,,,,,,,,,,,
00HK,,,,,,,,,,,,,,,,,,,,,,,,,,,,,,,,,,,,,,,ABN,TEBESSA,,,,,,,,,,,,,,,,,,,,,,,,,,,,,,
0ZABC,,,,,,,,,,,,,,,,,,,,,,,,,,,,,,,,,,,,,,,24M,TEBESSA,,,,,,,,,,,,,,,,,,,,,,,,,,,,,,
0ZABP,,,,,,,,,,,,,,,,,,,,,,,,,,,,,,,,,,,,,,,24M,TEBESSA,,,,,,,,,,,,,,,,,,,,,,,,,,,,,,
00JD,,,,,,,,50,,,,,,,,,QTUP,,APFD,,OPA1,,,,,,,,,,,,,,14,,,,ABN,ABN,,,,,,,,,,,,,,,,,,,,,,,,,,,,,,
00JE,,,,,,,,,,,,,,,,,,,,,,,,,,,,,,,,,,,,,,,ABN,TEBESSA,,,,,,,,,,,,,,,,,,,,,,,,,,,,,,
00JC,,,,,,,,,,,,,,,,,,,,,,,,,,,,,,,,,,,,,,,ABN,TEBESSA,,,,,,,,,,,,,,,,,,,,,,,,,,,,,,
0ZACH,,,,,,,,,,,,,,,,,,,,,,,,,,,,,,,,,,,,,,,24M,TEBESSA,,,,,,,,,,,,,,,,,,,,,,,,,,,,,,
0ZACG,,,,,,,,,,,,,,,,,,,,,,,,,,,,,,,,,,,,,,,24M,TEBESSA,,,,,,,,,,,,,,,,,,,,,,,,,,,,,,
0ZACD,,,,,,,,,,,,,,,,,,,,,,,,,,,,,,,,,,,,,,,24M,TEBESSA,,,,,,,,,,,,,,,,,,,,,,,,,,,,,,
0ZACB,,,,,,,,,,,,,,,,,,,,,,,,,,,,,,,,,,,,,,,24M,TEBESSA,,,,,,,,,,,,,,,,,,,,,,,,,,,,,,
00GHA,,,,,,,,,,,,,,,,,,,,,,,,,,,,,,,,,,,,,,,ABN,TEBESSA,,,,,,,,,,,,,,,,,,,,,,,,,,,,,,
0ZACA,,,,,,,,,,,,,,,,,,,,,,,,,,,,,,,,,,,,,,,24M,TEBESSA,,,,,,,,,,,,,,,,,,,,,,,,,,,,,,
0DAAC,,,,,,,,,,,,,,,,,,,,,,,,,,,,,,,,,,,,,,,PSY,GAFSA,,,,,,,,,,,,,,,,,,,,,,,,,,,,,,
0DAAP,,,,,,,,,,,,,,,,,,,,,,,,,,,,,,,,,,,,,,,PSY,GAFSA,,,,,,,,,,,,,,,,,,,,,,,,,,,,,,
00GDP,,,,,,,,,,,,,,,,,,,????,,OPA1,,,,,,,,,,,,,,,,,,ABN,ABN,,,,,,,,,,,,,,,,,,,,,,,,,,,,,,
0JKBC,,,,,,,,,,,,,,,,,,,,,,,,,,,,,,,,,,,,,,,TPL,GABES (HNTM),,,,,,,,,,,,,,,,,,,,,,,,,,,,,,
0JKBP,,,,,,,,,,,,,,,,,,,,,,,,,,,,,,,,,,,,,,,TPL,GABES (HNTM),,,,,,,,,,,,,,,,,,,,,,,,,,,,,,
00GDC,,,,,,,,,,,,,,,,,,,,,,,,,,,,,,,,,,,,,,,ABN,TEBESSA,,,,,,,,,,,,,,,,,,,,,,,,,,,,,,
00GFA,,,,,,,,,,,,,,,,,,,????,,OPA1,,,,,,,,,,,,,,,,,,ABN,ABN,,,,,,,,,,,,,,,,,,,,,,,,,,,,,,
0KGBC,,,,,,,,,,,,,,,,,,,,,,,,,,,,,,,,,,,,,,,TPL,GABES (HNTM),,,,,,,,,,,,,,,,,,,,,,,,,,,,,,
0KGBP,,,,,,,,,,,,,,,,,,,,,,,,,,,,,,,,,,,,,,,TPL,GABES (HNTM),,,,,,,,,,,,,,,,,,,,,,,,,,,,,,
03AEC,,,,,,,,,,,,,,,,,,,,,,,,,,,,,,,,,,,,,,,1ME,TEBESSA,,,,,,,,,,,,,,,,,,,,,,,,,,,,,,
0TAE1,,,,,,,,,,,,,,,,,,,,,,,,,,,,,,,,,,,,,,,MRS,TEBESSA,,,,,,,,,,,,,,,,,,,,,,,,,,,,,,
0TAEC,,,,,,,,,,,,,,,,,,,,,,,,,,,,,,,,,,,,,,,MRS,TEBESSA,,,,,,,,,,,,,,,,,,,,,,,,,,,,,,
03AGC,,,,,,,,,,,,,,,,,,,,,,,,,,,,,,,,,,,,,,,CTK,MADANIYIN,,,,,,,,,,,,,,,,,,,,,,,,,,,,,,
03AFP,,,,,,,,,,,,,,,,,,,,,,,,,,,,,,,,,,,,,,,1ME,TEBESSA,,,,,,,,,,,,,,,,,,,,,,,,,,,,,,
0TABC,,,,,,,,50,,,,,,,,,,,APFD,,OPA1,,,,,,,,,,,,,,14,,,,ABN,ABN,,,,,,,,,,,,,,,,,,,,,,,,,,,,,,
0TABP,,,,,,,,,,,,,,,,,,,,,,,,,,,,,,,,,,,,,,,ABN,TEBESSA,,,,,,,,,,,,,,,,,,,,,,,,,,,,,,
03AFC,,,,,,,,,,,,,,,,,,,,,,,,,,,,,,,,,,,,,,,1ME,TEBESSA,,,,,,,,,,,,,,,,,,,,,,,,,,,,,,
03AEP,,,,,,,,,,,,,,,,,,,,,,,,,,,,,,,,,,,,,,,1ME,TEBESSA,,,,,,,,,,,,,,,,,,,,,,,,,,,,,,
04DDC,,,,,,,,,,,,,,,,,,,,,,,,,,,,,,,,,,,,,,,TMD,GABES (HNTM),,,,,,,,,,,,,,,,,,,,,,,,,,,,,,
04DDP,,,,,,,,,,,,,,,,,,,,,,,,,,,,,,,,,,,,,,,TMD,GABES (HNTM),,,,,,,,,,,,,,,,,,,,,,,,,,,,,,
00HDP,,,,,,,,,,,,,,,,,,,,,,,,,,,,,,,,,,,,,,,ABN,TEBESSA,,,,,,,,,,,,,,,,,,,,,,,,,,,,,,
00HDC,,,,,,,,,,,,,,,,,,,,,,,,,,,,,,,,,,,,,,,ABN,TEBESSA,,,,,,,,,,,,,,,,,,,,,,,,,,,,,,
0JXC,,,,,,,,,,,,,,,,,,,,,,,,,,,,,,,,,,,,,,,ELW,GAFSA,,,,,,,,,,,,,,,,,,,,,,,,,,,,,,
0HNBP,,,,,,,,,,,,,,,,,,,,,,,,,,,,,,,,,,,,,,,TLT,GABES (HNTM),,,,,,,,,,,,,,,,,,,,,,,,,,,,,,
0DBCC,,,,,,,,,,,,,,,,,,,,,,,,,,,,,,,,,,,,,,,PSY,GAFSA,,,,,,,,,,,,,,,,,,,,,,,,,,,,,,
0DBCP,,,,,,,,,,,,,,,,,,,,,,,,,,,,,,,,,,,,,,,PSY,GAFSA,,,,,,,,,,,,,,,,,,,,,,,,,,,,,,
0DBDC,,,,,,,,,,,,,,,,,,,,,,,,,,,,,,,,,,,,,,,PSY,GAFSA,,,,,,,,,,,,,,,,,,,,,,,,,,,,,,
0DBDP,,,,,,,,,,,,,,,,,,,,,,,,,,,,,,,,,,,,,,,PSY,GAFSA,,,,,,,,,,,,,,,,,,,,,,,,,,,,,,
0DBBC,,,,,,,,,,,,,,,,,,,,,,,,,,,,,,,,,,,,,,,PSY,GAFSA,,,,,,,,,,,,,,,,,,,,,,,,,,,,,,
0DBBP,,,,,,,,,,,,,,,,,,,,,,,,,,,,,,,,,,,,,,,PSY,GAFSA,,,,,,,,,,,,,,,,,,,,,,,,,,,,,,
0JLDP,,,,,,,,,,,,,,,,,,,,,,,,,,,,,,,,,,,,,,,TPL,GABES (HNTM),,,,,,,,,,,,,,,,,,,,,,,,,,,,,,
0JLBC,,,,,,,,,,,,,,,,,,,,,,,,,,,,,,,,,,,,,,,TPL,GABES (HNTM),,,,,,,,,,,,,,,,,,,,,,,,,,,,,,
0KFA,,,,,,,,,,,,,,,,,,,,,,,,,,,,,,,,,,,,,,,THE,SFAX,,,,,,,,,,,,,,,,,,,,,,,,,,,,,,
0QAEC,,,,,,,,,,,,,,,,,,,,,,,,,,,,,,,,,,,,,,,ECB,GAFSA,,,,,,,,,,,,,,,,,,,,,,,,,,,,,,
0QAEP,,,,,,,,,,,,,,,,,,,,,,,,,,,,,,,,,,,,,,,ECB,GAFSA,,,,,,,,,,,,,,,,,,,,,,,,,,,,,,
0KGA,,,,,,,,,,,,,,,,,,,,,,,,,,,,,,,,,,,,,,,THE,SFAX,,,,,,,,,,,,,,,,,,,,,,,,,,,,,,
0QAFC,,,,,,,,,,,,,,,,,,,,,,,,,,,,,,,,,,,,,,,ABN,TEBESSA,,,,,,,,,,,,,,,,,,,,,,,,,,,,,,
0KHA,,,,,,,,,,,,,,,,,,,,,,,,,,,,,,,,,,,,,,,THE,SFAX,,,,,,,,,,,,,,,,,,,,,,,,,,,,,,
0QAAP,,,,,,,,,,,,,,,,,,,,,,,,,,,,,,,,,,,,,,,ABN,TEBESSA,,,,,,,,,,,,,,,,,,,,,,,,,,,,,,
0QAAC,,,,,,,,,,,,,,,,,,,,,,,,,,,,,,,,,,,,,,,ABN,TEBESSA,,,,,,,,,,,,,,,,,,,,,,,,,,,,,,
5CCAD,,,,,,,,,,,,,,,,,,LM,,,,,,,,,,,,,,,,,,,,,CTK,THYNA-EL MAOU,,,,,,,,,,,,,,,,,,,,,,,,,,,,,,
5CCAB,,,,,,,,,,,,,,,,,,LM,,,,,,,,,,,,,,,,,,,,,CTK,THYNA-EL MAOU,,,,,,,,,,,,,,,,,,,,,,,,,,,,,,
5CCAV,,,,,,,,,,,,,,,,,,LM,,,,,,,,,,,,,,,,,,,,,CTK,GABES,,,,,,,,,,,,,,,,,,,,,,,,,,,,,,
5CCAU,,,,,,,,,,,,,,,,,,LM,,,,,,,,,,,,,,,,,,,,,CTK,GABES,,,,,,,,,,,,,,,,,,,,,,,,,,,,,,
0QAFP,,,,,,,,,,,,,,,,,,,,,,,,,,,,,,,,,,,,,,,ABN,TEBESSA,,,,,,,,,,,,,,,,,,,,,,,,,,,,,,
03AKP,,,,,,,,,,,,,,,,,,,,,,,,,,,,,,,,,,,,,,,CTK,JERBA-ZARZIS,,,,,,,,,,,,,,,,,,,,,,,,,,,,,,
03AGP,,,,,,,,,,,,,,,,,,,,,,,,,,,,,,,,,,,,,,,CTK,JERBA-ZARZIS,,,,,,,,,,,,,,,,,,,,,,,,,,,,,,
0TAEP,,,,,,,,,,,,,,,,,,,,,,,,,,,,,,,,,,,,,,,MRS,TEBESSA,,,,,,,,,,,,,,,,,,,,,,,,,,,,,,
03AKC,,,,,,,,,,,,,,,,,,,,,,,,,,,,,,,,,,,,,,,CTK,MADANIYIN,,,,,,,,,,,,,,,,,,,,,,,,,,,,,,
03AJP,,,,,,,,,,,,,,,,,,,,,,,,,,,,,,,,,,,,,,,CTK,JERBA-ZARZIS,,,,,,,,,,,,,,,,,,,,,,,,,,,,,,
03AJC,,,,,,,,,,,,,,,,,,,,,,,,,,,,,,,,,,,,,,,CTK,MADANIYIN,,,,,,,,,,,,,,,,,,,,,,,,,,,,,,
03AUP,,,,,,,,,,,,,,,,,,,,,,,,,,,,,,,,,,,,,,,CTK,JERBA-ZARZIS,,,,,,,,,,,,,,,,,,,,,,,,,,,,,,
03AUC,,,,,,,,,,,,,,,,,,,,,,,,,,,,,,,,,,,,,,,CTK,MADANIYIN,,,,,,,,,,,,,,,,,,,,,,,,,,,,,,
0LAA,,,,,,,,,,,,,,,,,,,,,,,,,,,,,,,,,,,,,,,ABN,TEBESSA,,,,,,,,,,,,,,,,,,,,,,,,,,,,,,
0LAB,,,,,,,,,,,,,,,,,,,,,,,,,,,,,,,,,,,,,,,ABN,TEBESSA,,,,,,,,,,,,,,,,,,,,,,,,,,,,,,
0LBGC,,,,,,,,,,,,,,,,,,,,,,,,,,,,,,,,,,,,,,,1ME,TEBESSA,,,,,,,,,,,,,,,,,,,,,,,,,,,,,,
0LBGP,,,,,,,,,,,,,,,,,,,,,,,,,,,,,,,,,,,,,,,1ME,TEBESSA,,,,,,,,,,,,,,,,,,,,,,,,,,,,,,
0YAFP,,,,,,,,,,,,,,,,,,,,,,,,,,,,,,,,,,,,,,,ABN,TEBESSA,,,,,,,,,,,,,,,,,,,,,,,,,,,,,,
0YB4C,,,,,,,,,,,,,,,,,,,,,,,,,,,,,,,,,,,,,,,ABN,TEBESSA,,,,,,,,,,,,,,,,,,,,,,,,,,,,,,
0YB4P,,,,,,,,,,,,,,,,,,,,,,,,,,,,,,,,,,,,,,,ABN,TEBESSA,,,,,,,,,,,,,,,,,,,,,,,,,,,,,,
0YB3C,,,,,,,,,,,,,,,,,,,,,,,,,,,,,,,,,,,,,,,ABN,TEBESSA,,,,,,,,,,,,,,,,,,,,,,,,,,,,,,
0YB3P,,,,,,,,,,,,,,,,,,,,,,,,,,,,,,,,,,,,,,,ABN,TEBESSA,,,,,,,,,,,,,,,,,,,,,,,,,,,,,,
00JFA,,,,,,,,,,,,,,,,,,,,,,,,,,,,,,,,,,,,,,,ABN,TEBESSA,,,,,,,,,,,,,,,,,,,,,,,,,,,,,,
0EGBC,,,,,,,,,,,,,,,,,,,,,,,,,,,,,,,,,,,,,,,ABN,TEBESSA,,,,,,,,,,,,,,,,,,,,,,,,,,,,,,
0EGBP,,,,,,,,,,,,,,,,,,,,,,,,,,,,,,,,,,,,,,,ABN,TEBESSA,,,,,,,,,,,,,,,,,,,,,,,,,,,,,,
00JCP,,,,,,,,,,,,,,,,,,,,,,,,,,,,,,,,,,,,,,,ABN,TEBESSA,,,,,,,,,,,,,,,,,,,,,,,,,,,,,,
00JCC,,,,,,,,,,,,,,,,,,,,,,,,,,,,,,,,,,,,,,,ABN,TEBESSA,,,,,,,,,,,,,,,,,,,,,,,,,,,,,,
00JDA,,,,,,,,,,,,,,,,,,,,,,,,,,,,,,,,,,,,,,,ABN,TEBESSA,,,,,,,,,,,,,,,,,,,,,,,,,,,,,,
0YADP,,,,,,,,,,,,,,,,,,,,,,,,,,,,,,,,,,,,,,,ABN,TEBESSA,,,,,,,,,,,,,,,,,,,,,,,,,,,,,,
0YAFC,,,,,,,,,,,,,,,,,,,,,,,,,,,,,,,,,,,,,,,ABN,TEBESSA,,,,,,,,,,,,,,,,,,,,,,,,,,,,,,
0NACC,,,,,,,,,,,,,,,,,,,,,,,,,,,,,,,,,,,,,,,PSY,GAFSA,,,,,,,,,,,,,,,,,,,,,,,,,,,,,,
0YABP,,,,,,,,,,,,,,,,,,,,,,,,,,,,,,,,,,,,,,,ABN,TEBESSA,,,,,,,,,,,,,,,,,,,,,,,,,,,,,,
0YACC,,,,,,,,,,,,,,,,,,,,,,,,,,,,,,,,,,,,,,,ABN,TEBESSA,,,,,,,,,,,,,,,,,,,,,,,,,,,,,,
0NACP,,,,,,,,,,,,,,,,,,,,,,,,,,,,,,,,,,,,,,,PSY,GAFSA,,,,,,,,,,,,,,,,,,,,,,,,,,,,,,
0YACP,,,,,,,,,,,,,,,,,,,,,,,,,,,,,,,,,,,,,,,ABN,TEBESSA,,,,,,,,,,,,,,,,,,,,,,,,,,,,,,
0YADC,,,,,,,,,,,,,,,,,,,,,,,,,,,,,,,,,,,,,,,ABN,TEBESSA,,,,,,,,,,,,,,,,,,,,,,,,,,,,,,
0YABC,,,,,,,,,,,,,,,,,,,,,,,,,,,,,,,,,,,,,,,ABN,TEBESSA,,,,,,,,,,,,,,,,,,,,,,,,,,,,,,
0YB C,,,,,,,,,,,,,,,,,,,,,,,,,,,,,,,,,,,,,,,,TEBESSA,,,,,,,,,,,,,,,,,,,,,,,,,,,,,,
0YB P,,,,,,,,,,,,,,,,,,,,,,,,,,,,,,,,,,,,,,,,TEBESSA,,,,,,,,,,,,,,,,,,,,,,,,,,,,,,
0YBPC,,,,,,,,,,,,,,,,,,,,,,,,,,,,,,,,,,,,,,,ABN,TEBESSA,,,,,,,,,,,,,,,,,,,,,,,,,,,,,,
0YBPP,,,,,,,,,,,,,,,,,,,,,,,,,,,,,,,,,,,,,,,ABN,TEBESSA,,,,,,,,,,,,,,,,,,,,,,,,,,,,,,
0YBMC,,,,,,,,,,,,,,,,,,,,,,,,,,,,,,,,,,,,,,,ABN,TEBESSA,,,,,,,,,,,,,,,,,,,,,,,,,,,,,,
0YBMP,,,,,,,,,,,,,,,,,,,,,,,,,,,,,,,,,,,,,,,ABN,TEBESSA,,,,,,,,,,,,,,,,,,,,,,,,,,,,,,
0YBNC,,,,,,,,,,,,,,,,,,,,,,,,,,,,,,,,,,,,,,,ABN,TEBESSA,,,,,,,,,,,,,,,,,,,,,,,,,,,,,,
0YBNP,,,,,,,,,,,,,,,,,,,,,,,,,,,,,,,,,,,,,,,ABN,TEBESSA,,,,,,,,,,,,,,,,,,,,,,,,,,,,,,
0YBKP,,,,,,,,,,,,,,,,,,,,,,,,,,,,,,,,,,,,,,,ABN,TEBESSA,,,,,,,,,,,,,,,,,,,,,,,,,,,,,,
0YBKC,,,,,,,,,,,,,,,,,,,,,,,,,,,,,,,,,,,,,,,ABN,TEBESSA,,,,,,,,,,,,,,,,,,,,,,,,,,,,,,
0YBLP,,,,,,,,,,,,,,,,,,,,,,,,,,,,,,,,,,,,,,,ABN,TEBESSA,,,,,,,,,,,,,,,,,,,,,,,,,,,,,,
0YBLC,,,,,,,,,,,,,,,,,,,,,,,,,,,,,,,,,,,,,,,ABN,TEBESSA,,,,,,,,,,,,,,,,,,,,,,,,,,,,,,
0YBWC,,,,,,,,,,,,,,,,,,,,,,,,,,,,,,,,,,,,,,,ABN,TEBESSA,,,,,,,,,,,,,,,,,,,,,,,,,,,,,,
0YBWP,,,,,,,,,,,,,,,,,,,,,,,,,,,,,,,,,,,,,,,ABN,TEBESSA,,,,,,,,,,,,,,,,,,,,,,,,,,,,,,
0YBUC,,,,,,,,,,,,,,,,,,,,,,,,,,,,,,,,,,,,,,,ABN,TEBESSA,,,,,,,,,,,,,,,,,,,,,,,,,,,,,,
0YBUP,,,,,,,,,,,,,,,,,,,,,,,,,,,,,,,,,,,,,,,ABN,TEBESSA,,,,,,,,,,,,,,,,,,,,,,,,,,,,,,
0YBVC,,,,,,,,,,,,,,,,,,,,,,,,,,,,,,,,,,,,,,,ABN,TEBESSA,,,,,,,,,,,,,,,,,,,,,,,,,,,,,,
0YBVP,,,,,,,,,,,,,,,,,,,,,,,,,,,,,,,,,,,,,,,ABN,TEBESSA,,,,,,,,,,,,,,,,,,,,,,,,,,,,,,
0YBSC,,,,,,,,,,,,,,,,,,,,,,,,,,,,,,,,,,,,,,,ABN,TEBESSA,,,,,,,,,,,,,,,,,,,,,,,,,,,,,,
0YBSP,,,,,,,,,,,,,,,,,,,,,,,,,,,,,,,,,,,,,,,ABN,TEBESSA,,,,,,,,,,,,,,,,,,,,,,,,,,,,,,
0YBTC,,,,,,,,50,,,,,,,,,,,APFD,,OPA1,,,,,,,,,,,,,,14,24,24,24,ABN,ABN,,,,,,,,,,,,,,,,,,,,,,,,,,,,,,
0YBTP,,,,,,,,,,,,,,,,,,,,,,,,,,,,,,,,,,,,,,,ABN,TEBESSA,,,,,,,,,,,,,,,,,,,,,,,,,,,,,,
0YBQC,,,,,,,,,,,,,,,,,,,,,,,,,,,,,,,,,,,,,,,ABN,TEBESSA,,,,,,,,,,,,,,,,,,,,,,,,,,,,,,
0YBQP,,,,,,,,,,,,,,,,,,,,,,,,,,,,,,,,,,,,,,,ABN,TEBESSA,,,,,,,,,,,,,,,,,,,,,,,,,,,,,,
0YBRC,,,,,,,,,,,,,,,,,,,,,,,,,,,,,,,,,,,,,,,ABN,TEBESSA,,,,,,,,,,,,,,,,,,,,,,,,,,,,,,
0YBRP,,,,,,,,,,,,,,,,,,,,,,,,,,,,,,,,,,,,,,,ABN,TEBESSA,,,,,,,,,,,,,,,,,,,,,,,,,,,,,,
AR00042,,,,,,79,,,,,,,,,,,,,,,,,,,,,,,,,,,,,,,,,POL,GABES (HNTM),,,,,,,,,,,,,,,,,,,,,,,,,,,,,,
AR00041,,,,,,73,,,,,,,,,,,,,,,,,,,,,,,,,,,,,,,,,POL,GABES (HNTM),,,,,,,,,,,,,,,,,,,,,,,,,,,,,,
AR00044,,,,,,138,,,,,,,,,,,,,,,,,,,,,,,,,,,,,,,,,POL,GABES (HNTM),,,,,,,,,,,,,,,,,,,,,,,,,,,,,,
AR00043,,,,,,112,,,,,,,,,,,,,,,,,,,,,,,,,,,,,,,,,POL,GABES (HNTM),,,,,,,,,,,,,,,,,,,,,,,,,,,,,,
AR00040,,,,,,60,,,,,,,,,,,,,,,,,,,,,,,,,,,,,,,,,POL,GABES (HNTM),,,,,,,,,,,,,,,,,,,,,,,,,,,,,,
0YC C,,,,,,,,,,,,,,,,,,,,,,,,,,,,,,,,,,,,,,,,TEBESSA,,,,,,,,,,,,,,,,,,,,,,,,,,,,,,
AR00053,,,,,,6,,,,,,,,,,,,,HNTS,,,,,,,,,,,,,,,,,,,,POL,GABES (HNTM),,,,,,,,,,,,,,,,,,,,,,,,,,,,,,
AR00052,,,,,,6,,,,,,,,,,,,,HNTS,,,,,,,,,,,,,,,,,,,,POL,GABES (HNTM),,,,,,,,,,,,,,,,,,,,,,,,,,,,,,
AR00055,,,,,,6,,,,,,,,,,,,,HNTS,,,,,,,,,,,,,,,,,,,,POL,GABES (HNTM),,,,,,,,,,,,,,,,,,,,,,,,,,,,,,
AR00054,,,,,,6,,,,,,,,,,,,,HNTS,,,,,,,,,,,,,,,,,,,,POL,GABES (HNTM),,,,,,,,,,,,,,,,,,,,,,,,,,,,,,
AR00051,,,,,,5,,,,,,,,,,,,,HNTS,,,,,,,,,,,,,,,,,,,,POL,GABES (HNTM),,,,,,,,,,,,,,,,,,,,,,,,,,,,,,
0YC P,,,,,,,,,,,,,,,,,,,,,,,,,,,,,,,,,,,,,,,,TEBESSA,,,,,,,,,,,,,,,,,,,,,,,,,,,,,,
AR00050,,,,,,160,,,,,,,,,,,,,,,,,,,,,,,,,,,,,,,,,POL,GABES (HNTM),,,,,,,,,,,,,,,,,,,,,,,,,,,,,,
AR00049,,,,,,160,,,,,,,,,,,,,,,,,,,,,,,,,,,,,,,,,POL,GABES (HNTM),,,,,,,,,,,,,,,,,,,,,,,,,,,,,,
AR00046,,,,,,158,,,,,,,,,,,,,,,,,,,,,,,,,,,,,,,,,POL,GABES (HNTM),,,,,,,,,,,,,,,,,,,,,,,,,,,,,,
AR00045,,,,,,158,,,,,,,,,,,,,,,,,,,,,,,,,,,,,,,,,POL,GABES (HNTM),,,,,,,,,,,,,,,,,,,,,,,,,,,,,,
AR00048,,,,,,159,,,,,,,,,,,,,,,,,,,,,,,,,,,,,,,,,POL,GABES (HNTM),,,,,,,,,,,,,,,,,,,,,,,,,,,,,,
AR00047,,,,,,158,,,,,,,,,,,,,,,,,,,,,,,,,,,,,,,,,POL,GABES (HNTM),,,,,,,,,,,,,,,,,,,,,,,,,,,,,,
AR00060,,,,,,6,,,,,,,,,,,,,HNTS,,,,,,,,,,,,,,,,,,,,POL,GABES (HNTM),,,,,,,,,,,,,,,,,,,,,,,,,,,,,,
AR00061,,,,,,6,,,,,,,,,,,,,HNTS,,,,,,,,,,,,,,,,,,,,POL,GABES (HNTM),,,,,,,,,,,,,,,,,,,,,,,,,,,,,,
AR00057,,,,,,6,,,,,,,,,,,,,HNTS,,,,,,,,,,,,,,,,,,,,POL,GABES (HNTM),,,,,,,,,,,,,,,,,,,,,,,,,,,,,,
AR00056,,,,,,6,,,,,,,,,,,,,HNTS,,,,,,,,,,,,,,,,,,,,POL,GABES (HNTM),,,,,,,,,,,,,,,,,,,,,,,,,,,,,,
AR00059,,,,,,6,,,,,,,,,,,,,HNTS,,,,,,,,,,,,,,,,,,,,POL,GABES (HNTM),,,,,,,,,,,,,,,,,,,,,,,,,,,,,,
AR00058,,,,,,6,,,,,,,,,,,,,HNTS,,,,,,,,,,,,,,,,,,,,POL,GABES (HNTM),,,,,,,,,,,,,,,,,,,,,,,,,,,,,,
0VAAP,,,,,,,,,,,,,,,,,,,,,,,,,,,,,,,,,,,,,,,ABN,TEBESSA,,,,,,,,,,,,,,,,,,,,,,,,,,,,,,
0VABC,,,,,,,,,,,,,,,,,,,,,,,,,,,,,,,,,,,,,,,ABN,TEBESSA,,,,,,,,,,,,,,,,,,,,,,,,,,,,,,
0VABP,,,,,,,,,,,,,,,,,,,,,,,,,,,,,,,,,,,,,,,ABN,TEBESSA,,,,,,,,,,,,,,,,,,,,,,,,,,,,,,
0VAAC,,,,,,,,50,,,,,,,,,,,APFD,,OPA1,,,,,,,,,,,,,,,,,,ABN,ABN,,,,,,,,,,,,,,,,,,,,,,,,,,,,,,
0YBFP,,,,,,,,,,,,,,,,,,,,,,,,,,,,,,,,,,,,,,,ABN,TEBESSA,,,,,,,,,,,,,,,,,,,,,,,,,,,,,,
0YBDP,,,,,,,,,,,,,,,,,,,,,,,,,,,,,,,,,,,,,,,ABN,TEBESSA,,,,,,,,,,,,,,,,,,,,,,,,,,,,,,
0YBEC,,,,,,,,,,,,,,,,,,,,,,,,,,,,,,,,,,,,,,,ABN,TEBESSA,,,,,,,,,,,,,,,,,,,,,,,,,,,,,,
0YBEP,,,,,,,,,,,,,,,,,,,,,,,,,,,,,,,,,,,,,,,ABN,TEBESSA,,,,,,,,,,,,,,,,,,,,,,,,,,,,,,
0YBFC,,,,,,,,,,,,,,,,,,,,,,,,,,,,,,,,,,,,,,,ABN,TEBESSA,,,,,,,,,,,,,,,,,,,,,,,,,,,,,,
0YBBP,,,,,,,,,,,,,,,,,,,,,,,,,,,,,,,,,,,,,,,ABN,TEBESSA,,,,,,,,,,,,,,,,,,,,,,,,,,,,,,
5NMH1,,,,,,,,,,,,,,,,,,LM,,,,,,,,,,,,,,,,,,,,,CTK,THYNA-EL MAOU,,,,,,,,,,,,,,,,,,,,,,,,,,,,,,
0YBCC,,,,,,,,,,,,,,,,,,,,,,,,,,,,,,,,,,,,,,,ABN,TEBESSA,,,,,,,,,,,,,,,,,,,,,,,,,,,,,,
0YBCP,,,,,,,,,,,,,,,,,,,,,,,,,,,,,,,,,,,,,,,ABN,TEBESSA,,,,,,,,,,,,,,,,,,,,,,,,,,,,,,
0YBDC,,,,,,,,,,,,,,,,,,,,,,,,,,,,,,,,,,,,,,,ABN,TEBESSA,,,,,,,,,,,,,,,,,,,,,,,,,,,,,,
0YBAC,,,,,,,,,,,,,,,,,,,,,,,,,,,,,,,,,,,,,,,ABN,TEBESSA,,,,,,,,,,,,,,,,,,,,,,,,,,,,,,
0YBAP,,,,,,,,,,,,,,,,,,,,,,,,,,,,,,,,,,,,,,,ABN,TEBESSA,,,,,,,,,,,,,,,,,,,,,,,,,,,,,,
0YBBC,,,,,,,,,,,,,,,,,,,,,,,,,,,,,,,,,,,,,,,ABN,TEBESSA,,,,,,,,,,,,,,,,,,,,,,,,,,,,,,
