Airport,Fleet,AcType,Day,Enabled,Description,EventPhase,Data
AARV,STRATEGIC,B-747P,0,true,,,9999
AARV,STRATEGIC,C-17,0,true,,,9999
AARV,STRATEGIC,C-5A,0,true,,,9999
AARV,STRATEGIC,CH47,0,true,,,0
AARV,STRATEGIC,KC-10,0,true,,,9999
ABAA,STRATEGIC,B-747P,0,true,,,9999
ABAA,STRATEGIC,C-17,0,true,,,9999
ABAA,STRATEGIC,C-5A,0,true,,,9999
ABAA,STRATEGIC,CH47,0,true,,,0
ABAA,STRATEGIC,KC-10,0,true,,,9999
ACJP,STRATEGIC,B-747P,0,true,,,9999
ACJP,STRATEGIC,C-17,0,true,,,9999
ACJP,STRATEGIC,C-5A,0,true,,,9999
ACJP,STRATEGIC,CH47,0,true,,,0
ACJP,STRATEGIC,KC-10,0,true,,,9999
ADND,STRATEGIC,B-747P,0,true,,,9999
ADND,STRATEGIC,C-17,0,true,,,9999
ADND,STRATEGIC,C-5A,0,true,,,9999
ADND,STRATEGIC,CH47,0,true,,,0
ADND,STRATEGIC,KC-10,0,true,,,9999
ADQM,STRATEGIC,B-747P,0,true,,,9999
ADQM,STRATEGIC,C-17,0,true,,,9999
ADQM,STRATEGIC,C-5A,0,true,,,9999
ADQM,STRATEGIC,CH47,0,true,,,0
ADQM,STRATEGIC,KC-10,0,true,,,9999
ADVM,STRATEGIC,B-747P,0,true,,,9999
ADVM,STRATEGIC,C-17,0,true,,,9999
ADVM,STRATEGIC,C-5A,0,true,,,9999
ADVM,STRATEGIC,CH47,0,true,,,0
ADVM,STRATEGIC,KC-10,0,true,,,9999
ADVN,STRATEGIC,B-747P,0,true,,,9999
ADVN,STRATEGIC,C-17,0,true,,,9999
ADVN,STRATEGIC,C-5A,0,true,,,9999
ADVN,STRATEGIC,CH47,0,true,,,0
ADVN,STRATEGIC,KC-10,0,true,,,9999
AECW,STRATEGIC,B-747P,0,true,,,9999
AECW,STRATEGIC,C-17,0,true,,,9999
AECW,STRATEGIC,C-5A,0,true,,,9999
AECW,STRATEGIC,CH47,0,true,,,0
AECW,STRATEGIC,KC-10,0,true,,,9999
AEDY,STRATEGIC,B-747P,0,true,,,0
AEDY,STRATEGIC,C-17,0,true,,,0
AEDY,STRATEGIC,C-5A,0,true,,,0
AEDY,STRATEGIC,CH47,0,true,,,0
AEDY,STRATEGIC,KC-10,0,true,,,0
AFMS,STRATEGIC,B-747P,0,true,,,9999
AFMS,STRATEGIC,C-17,0,true,,,9999
AFMS,STRATEGIC,C-5A,0,true,,,9999
AFMS,STRATEGIC,CH47,0,true,,,0
AFMS,STRATEGIC,KC-10,0,true,,,9999
AGGN,STRATEGIC,B-747P,0,true,,,0
AGGN,STRATEGIC,C-17,0,true,,,0
AGGN,STRATEGIC,C-5A,0,true,,,0
AGGN,STRATEGIC,CH47,0,true,,,0
AGGN,STRATEGIC,KC-10,0,true,,,0
AGWF,STRATEGIC,B-747P,0,true,,,9999
AGWF,STRATEGIC,C-17,0,true,,,9999
AGWF,STRATEGIC,C-5A,0,true,,,9999
AGWF,STRATEGIC,CH47,0,true,,,0
AGWF,STRATEGIC,KC-10,0,true,,,9999
AJBQ,STRATEGIC,B-747P,0,true,,,9999
AJBQ,STRATEGIC,C-17,0,true,,,9999
AJBQ,STRATEGIC,C-5A,0,true,,,9999
AJBQ,STRATEGIC,CH47,0,true,,,0
AJBQ,STRATEGIC,KC-10,0,true,,,9999
AJJY,STRATEGIC,B-747P,0,true,,,0
AJJY,STRATEGIC,C-17,0,true,,,0
AJJY,STRATEGIC,C-5A,0,true,,,0
AJJY,STRATEGIC,CH47,0,true,,,0
AJJY,STRATEGIC,KC-10,0,true,,,0
AJXF,STRATEGIC,B-747P,0,true,,,0
AJXF,STRATEGIC,C-17,0,true,,,0
AJXF,STRATEGIC,C-5A,0,true,,,0
AJXF,STRATEGIC,CH47,0,true,,,0
AJXF,STRATEGIC,KC-10,0,true,,,0
AMES,STRATEGIC,B-747P,0,true,,,9999
AMES,STRATEGIC,C-17,0,true,,,9999
AMES,STRATEGIC,C-5A,0,true,,,9999
AMES,STRATEGIC,CH47,0,true,,,0
AMES,STRATEGIC,KC-10,0,true,,,9999
ANZY,STRATEGIC,B-747P,0,true,,,9999
ANZY,STRATEGIC,C-17,0,true,,,9999
ANZY,STRATEGIC,C-5A,0,true,,,9999
ANZY,STRATEGIC,CH47,0,true,,,0
ANZY,STRATEGIC,KC-10,0,true,,,9999
AQLM,STRATEGIC,B-747P,0,true,,,0
AQLM,STRATEGIC,C-17,0,true,,,0
AQLM,STRATEGIC,C-5A,0,true,,,0
AQLM,STRATEGIC,CH47,0,true,,,0
AQLM,STRATEGIC,KC-10,0,true,,,0
AQRC,STRATEGIC,B-747P,0,true,,,9999
AQRC,STRATEGIC,C-17,0,true,,,9999
AQRC,STRATEGIC,C-5A,0,true,,,9999
AQRC,STRATEGIC,CH47,0,true,,,0
AQRC,STRATEGIC,KC-10,0,true,,,9999
ARNW,STRATEGIC,B-747P,0,true,,,9999
ARNW,STRATEGIC,C-17,0,true,,,9999
ARNW,STRATEGIC,C-5A,0,true,,,9999
ARNW,STRATEGIC,CH47,0,true,,,0
ARNW,STRATEGIC,KC-10,0,true,,,9999
ASCE,STRATEGIC,B-747P,0,true,,,9999
ASCE,STRATEGIC,C-17,0,true,,,9999
ASCE,STRATEGIC,C-5A,0,true,,,9999
ASCE,STRATEGIC,CH47,0,true,,,0
ASCE,STRATEGIC,KC-10,0,true,,,9999
ASHE,STRATEGIC,B-747P,0,true,,,0
ASHE,STRATEGIC,C-17,0,true,,,0
ASHE,STRATEGIC,C-5A,0,true,,,0
ASHE,STRATEGIC,CH47,0,true,,,0
ASHE,STRATEGIC,KC-10,0,true,,,0
ASPQ,STRATEGIC,B-747P,0,true,,,9999
ASPQ,STRATEGIC,C-17,0,true,,,9999
ASPQ,STRATEGIC,C-5A,0,true,,,9999
ASPQ,STRATEGIC,CH47,0,true,,,0
ASPQ,STRATEGIC,KC-10,0,true,,,9999
ATQZ,STRATEGIC,B-747P,0,true,,,9999
ATQZ,STRATEGIC,C-17,0,true,,,9999
ATQZ,STRATEGIC,C-5A,0,true,,,9999
ATQZ,STRATEGIC,CH47,0,true,,,0
ATQZ,STRATEGIC,KC-10,0,true,,,9999
ATXK,STRATEGIC,B-747P,0,true,,,0
ATXK,STRATEGIC,C-17,0,true,,,0
ATXK,STRATEGIC,C-5A,0,true,,,0
ATXK,STRATEGIC,CH47,0,true,,,0
ATXK,STRATEGIC,KC-10,0,true,,,0
AVXS,STRATEGIC,B-747P,0,true,,,9999
AVXS,STRATEGIC,C-17,0,true,,,9999
AVXS,STRATEGIC,C-5A,0,true,,,9999
AVXS,STRATEGIC,CH47,0,true,,,0
AVXS,STRATEGIC,KC-10,0,true,,,9999
AVXU,STRATEGIC,B-747P,0,true,,,9999
AVXU,STRATEGIC,C-17,0,true,,,9999
AVXU,STRATEGIC,C-5A,0,true,,,9999
AVXU,STRATEGIC,CH47,0,true,,,0
AVXU,STRATEGIC,KC-10,0,true,,,9999
AVXV,STRATEGIC,B-747P,0,true,,,0
AVXV,STRATEGIC,C-17,0,true,,,0
AVXV,STRATEGIC,C-5A,0,true,,,0
AVXV,STRATEGIC,CH47,0,true,,,0
AVXV,STRATEGIC,KC-10,0,true,,,0
AWUB,STRATEGIC,B-747P,0,true,,,0
AWUB,STRATEGIC,C-17,0,true,,,0
AWUB,STRATEGIC,C-5A,0,true,,,0
AWUB,STRATEGIC,CH47,0,true,,,0
AWUB,STRATEGIC,KC-10,0,true,,,0
AXQD,STRATEGIC,B-747P,0,true,,,9999
AXQD,STRATEGIC,C-17,0,true,,,9999
AXQD,STRATEGIC,C-5A,0,true,,,9999
AXQD,STRATEGIC,CH47,0,true,,,0
AXQD,STRATEGIC,KC-10,0,true,,,9999
AYSX,STRATEGIC,B-747P,0,true,,,9999
AYSX,STRATEGIC,C-17,0,true,,,9999
AYSX,STRATEGIC,C-5A,0,true,,,9999
AYSX,STRATEGIC,CH47,0,true,,,0
AYSX,STRATEGIC,KC-10,0,true,,,9999
BACA,STRATEGIC,B-747P,0,true,,,9999
BACA,STRATEGIC,C-17,0,true,,,9999
BACA,STRATEGIC,C-5A,0,true,,,9999
BACA,STRATEGIC,CH47,0,true,,,0
BACA,STRATEGIC,KC-10,0,true,,,9999
BAEY,STRATEGIC,B-747P,0,true,,,0
BAEY,STRATEGIC,C-17,0,true,,,0
BAEY,STRATEGIC,C-5A,0,true,,,0
BAEY,STRATEGIC,CH47,0,true,,,0
BAEY,STRATEGIC,KC-10,0,true,,,0
BBJM,STRATEGIC,B-747P,0,true,,,0
BBJM,STRATEGIC,C-17,0,true,,,0
BBJM,STRATEGIC,C-5A,0,true,,,0
BBJM,STRATEGIC,CH47,0,true,,,0
BBJM,STRATEGIC,KC-10,0,true,,,0
BFHX,STRATEGIC,B-747P,0,true,,,9999
BFHX,STRATEGIC,C-17,0,true,,,9999
BFHX,STRATEGIC,C-5A,0,true,,,9999
BFHX,STRATEGIC,CH47,0,true,,,0
BFHX,STRATEGIC,KC-10,0,true,,,9999
BFMV,STRATEGIC,B-747P,0,true,,,9999
BFMV,STRATEGIC,C-17,0,true,,,9999
BFMV,STRATEGIC,C-5A,0,true,,,9999
BFMV,STRATEGIC,CH47,0,true,,,0
BFMV,STRATEGIC,KC-10,0,true,,,9999
BJHZ,STRATEGIC,B-747P,0,true,,,0
BJHZ,STRATEGIC,C-17,0,true,,,0
BJHZ,STRATEGIC,C-5A,0,true,,,0
BJHZ,STRATEGIC,CH47,0,true,,,0
BJHZ,STRATEGIC,KC-10,0,true,,,0
BKTZ,STRATEGIC,B-747P,0,true,,,9999
BKTZ,STRATEGIC,C-17,0,true,,,9999
BKTZ,STRATEGIC,C-5A,0,true,,,9999
BKTZ,STRATEGIC,CH47,0,true,,,0
BKTZ,STRATEGIC,KC-10,0,true,,,9999
BPWZ,STRATEGIC,B-747P,0,true,,,0
BPWZ,STRATEGIC,C-17,0,true,,,0
BPWZ,STRATEGIC,C-5A,0,true,,,0
BPWZ,STRATEGIC,CH47,0,true,,,0
BPWZ,STRATEGIC,KC-10,0,true,,,0
BQWK,STRATEGIC,B-747P,0,true,,,0
BQWK,STRATEGIC,C-17,0,true,,,0
BQWK,STRATEGIC,C-5A,0,true,,,0
BQWK,STRATEGIC,CH47,0,true,,,0
BQWK,STRATEGIC,KC-10,0,true,,,0
BRKR,STRATEGIC,B-747P,0,true,,,0
BRKR,STRATEGIC,C-17,0,true,,,0
BRKR,STRATEGIC,C-5A,0,true,,,0
BRKR,STRATEGIC,CH47,0,true,,,0
BRKR,STRATEGIC,KC-10,0,true,,,0
BSEM,STRATEGIC,B-747P,0,true,,,9999
BSEM,STRATEGIC,C-17,0,true,,,9999
BSEM,STRATEGIC,C-5A,0,true,,,9999
BSEM,STRATEGIC,CH47,0,true,,,0
BSEM,STRATEGIC,KC-10,0,true,,,9999
BSRR,STRATEGIC,B-747P,0,true,,,9999
BSRR,STRATEGIC,C-17,0,true,,,9999
BSRR,STRATEGIC,C-5A,0,true,,,9999
BSRR,STRATEGIC,CH47,0,true,,,0
BSRR,STRATEGIC,KC-10,0,true,,,9999
BVGM,STRATEGIC,B-747P,0,true,,,9999
BVGM,STRATEGIC,C-17,0,true,,,9999
BVGM,STRATEGIC,C-5A,0,true,,,9999
BVGM,STRATEGIC,CH47,0,true,,,0
BVGM,STRATEGIC,KC-10,0,true,,,9999
BWBU,STRATEGIC,B-747P,0,true,,,9999
BWBU,STRATEGIC,C-17,0,true,,,9999
BWBU,STRATEGIC,C-5A,0,true,,,9999
BWBU,STRATEGIC,CH47,0,true,,,0
BWBU,STRATEGIC,KC-10,0,true,,,9999
BWKR,STRATEGIC,B-747P,0,true,,,0
BWKR,STRATEGIC,C-17,0,true,,,0
BWKR,STRATEGIC,C-5A,0,true,,,0
BWKR,STRATEGIC,CH47,0,true,,,0
BWKR,STRATEGIC,KC-10,0,true,,,0
BXRH,STRATEGIC,B-747P,0,true,,,9999
BXRH,STRATEGIC,C-17,0,true,,,9999
BXRH,STRATEGIC,C-5A,0,true,,,9999
BXRH,STRATEGIC,CH47,0,true,,,0
BXRH,STRATEGIC,KC-10,0,true,,,9999
BXUR,STRATEGIC,B-747P,0,true,,,0
BXUR,STRATEGIC,C-17,0,true,,,0
BXUR,STRATEGIC,C-5A,0,true,,,0
BXUR,STRATEGIC,CH47,0,true,,,0
BXUR,STRATEGIC,KC-10,0,true,,,0
BYKA,STRATEGIC,B-747P,0,true,,,9999
BYKA,STRATEGIC,C-17,0,true,,,9999
BYKA,STRATEGIC,C-5A,0,true,,,9999
BYKA,STRATEGIC,CH47,0,true,,,0
BYKA,STRATEGIC,KC-10,0,true,,,9999
CAAP,STRATEGIC,B-747P,0,true,,,9999
CAAP,STRATEGIC,C-17,0,true,,,9999
CAAP,STRATEGIC,C-5A,0,true,,,9999
CAAP,STRATEGIC,CH47,0,true,,,0
CAAP,STRATEGIC,KC-10,0,true,,,9999
CAAY,STRATEGIC,B-747P,0,true,,,9999
CAAY,STRATEGIC,C-17,0,true,,,9999
CAAY,STRATEGIC,C-5A,0,true,,,9999
CAAY,STRATEGIC,CH47,0,true,,,0
CAAY,STRATEGIC,KC-10,0,true,,,9999
CEKT,STRATEGIC,B-747P,0,true,,,9999
CEKT,STRATEGIC,C-17,0,true,,,9999
CEKT,STRATEGIC,C-5A,0,true,,,9999
CEKT,STRATEGIC,CH47,0,true,,,0
CEKT,STRATEGIC,KC-10,0,true,,,9999
CLAG,STRATEGIC,B-747P,0,true,,,9999
CLAG,STRATEGIC,C-17,0,true,,,9999
CLAG,STRATEGIC,C-5A,0,true,,,9999
CLAG,STRATEGIC,CH47,0,true,,,0
CLAG,STRATEGIC,KC-10,0,true,,,9999
CNBC,STRATEGIC,B-747P,0,true,,,9999
CNBC,STRATEGIC,C-17,0,true,,,9999
CNBC,STRATEGIC,C-5A,0,true,,,9999
CNBC,STRATEGIC,CH47,0,true,,,0
CNBC,STRATEGIC,KC-10,0,true,,,9999
CQLW,STRATEGIC,B-747P,0,true,,,9999
CQLW,STRATEGIC,C-17,0,true,,,9999
CQLW,STRATEGIC,C-5A,0,true,,,9999
CQLW,STRATEGIC,CH47,0,true,,,0
CQLW,STRATEGIC,KC-10,0,true,,,9999
CRWU,STRATEGIC,B-747P,0,true,,,9999
CRWU,STRATEGIC,C-17,0,true,,,9999
CRWU,STRATEGIC,C-5A,0,true,,,9999
CRWU,STRATEGIC,CH47,0,true,,,0
CRWU,STRATEGIC,KC-10,0,true,,,9999
CTCN,STRATEGIC,B-747P,0,true,,,9999
CTCN,STRATEGIC,C-17,0,true,,,9999
CTCN,STRATEGIC,C-5A,0,true,,,9999
CTCN,STRATEGIC,CH47,0,true,,,0
CTCN,STRATEGIC,KC-10,0,true,,,9999
CTGC,STRATEGIC,B-747P,0,true,,,0
CTGC,STRATEGIC,C-17,0,true,,,0
CTGC,STRATEGIC,C-5A,0,true,,,0
CTGC,STRATEGIC,CH47,0,true,,,0
CTGC,STRATEGIC,KC-10,0,true,,,0
CURZ,STRATEGIC,B-747P,0,true,,,9999
CURZ,STRATEGIC,C-17,0,true,,,9999
CURZ,STRATEGIC,C-5A,0,true,,,9999
CURZ,STRATEGIC,CH47,0,true,,,0
CURZ,STRATEGIC,KC-10,0,true,,,9999
CVPF,STRATEGIC,B-747P,0,true,,,9999
CVPF,STRATEGIC,C-17,0,true,,,9999
CVPF,STRATEGIC,C-5A,0,true,,,9999
CVPF,STRATEGIC,CH47,0,true,,,0
CVPF,STRATEGIC,KC-10,0,true,,,9999
CVVM,STRATEGIC,B-747P,0,true,,,9999
CVVM,STRATEGIC,C-17,0,true,,,9999
CVVM,STRATEGIC,C-5A,0,true,,,9999
CVVM,STRATEGIC,CH47,0,true,,,0
CVVM,STRATEGIC,KC-10,0,true,,,9999
CWKW,STRATEGIC,B-747P,0,true,,,0
CWKW,STRATEGIC,C-17,0,true,,,0
CWKW,STRATEGIC,C-5A,0,true,,,0
CWKW,STRATEGIC,CH47,0,true,,,0
CWKW,STRATEGIC,KC-10,0,true,,,0
CYWF,STRATEGIC,B-747P,0,true,,,0
CYWF,STRATEGIC,C-17,0,true,,,0
CYWF,STRATEGIC,C-5A,0,true,,,0
CYWF,STRATEGIC,CH47,0,true,,,0
CYWF,STRATEGIC,KC-10,0,true,,,0
CZQZ,STRATEGIC,B-747P,0,true,,,0
CZQZ,STRATEGIC,C-17,0,true,,,0
CZQZ,STRATEGIC,C-5A,0,true,,,0
CZQZ,STRATEGIC,CH47,0,true,,,0
CZQZ,STRATEGIC,KC-10,0,true,,,0
DCFT,STRATEGIC,B-747P,0,true,,,9999
DCFT,STRATEGIC,C-17,0,true,,,9999
DCFT,STRATEGIC,C-5A,0,true,,,9999
DCFT,STRATEGIC,CH47,0,true,,,0
DCFT,STRATEGIC,KC-10,0,true,,,9999
DDPF,STRATEGIC,B-747P,0,true,,,0
DDPF,STRATEGIC,C-17,0,true,,,0
DDPF,STRATEGIC,C-5A,0,true,,,0
DDPF,STRATEGIC,CH47,0,true,,,0
DDPF,STRATEGIC,KC-10,0,true,,,0
DESR,STRATEGIC,B-747P,0,true,,,0
DESR,STRATEGIC,C-17,0,true,,,0
DESR,STRATEGIC,C-5A,0,true,,,0
DESR,STRATEGIC,CH47,0,true,,,0
DESR,STRATEGIC,KC-10,0,true,,,0
DGAB,STRATEGIC,B-747P,0,true,,,9999
DGAB,STRATEGIC,C-17,0,true,,,9999
DGAB,STRATEGIC,C-5A,0,true,,,9999
DGAB,STRATEGIC,CH47,0,true,,,0
DGAB,STRATEGIC,KC-10,0,true,,,9999
DJCF,STRATEGIC,B-747P,0,true,,,9999
DJCF,STRATEGIC,C-17,0,true,,,9999
DJCF,STRATEGIC,C-5A,0,true,,,9999
DJCF,STRATEGIC,CH47,0,true,,,0
DJCF,STRATEGIC,KC-10,0,true,,,9999
DKFX,STRATEGIC,B-747P,0,true,,,0
DKFX,STRATEGIC,C-17,0,true,,,0
DKFX,STRATEGIC,C-5A,0,true,,,0
DKFX,STRATEGIC,CH47,0,true,,,0
DKFX,STRATEGIC,KC-10,0,true,,,0
DNNH,STRATEGIC,B-747P,0,true,,,9999
DNNH,STRATEGIC,C-17,0,true,,,9999
DNNH,STRATEGIC,C-5A,0,true,,,9999
DNNH,STRATEGIC,CH47,0,true,,,0
DNNH,STRATEGIC,KC-10,0,true,,,9999
DNNL,STRATEGIC,B-747P,0,true,,,0
DNNL,STRATEGIC,C-17,0,true,,,0
DNNL,STRATEGIC,C-5A,0,true,,,0
DNNL,STRATEGIC,CH47,0,true,,,0
DNNL,STRATEGIC,KC-10,0,true,,,0
DPEZ,STRATEGIC,B-747P,0,true,,,9999
DPEZ,STRATEGIC,C-17,0,true,,,9999
DPEZ,STRATEGIC,C-5A,0,true,,,9999
DPEZ,STRATEGIC,CH47,0,true,,,0
DPEZ,STRATEGIC,KC-10,0,true,,,9999
DPMZ,STRATEGIC,B-747P,0,true,,,9999
DPMZ,STRATEGIC,C-17,0,true,,,9999
DPMZ,STRATEGIC,C-5A,0,true,,,9999
DPMZ,STRATEGIC,CH47,0,true,,,0
DPMZ,STRATEGIC,KC-10,0,true,,,9999
DPNB,STRATEGIC,B-747P,0,true,,,0
DPNB,STRATEGIC,C-17,0,true,,,0
DPNB,STRATEGIC,C-5A,0,true,,,0
DPNB,STRATEGIC,CH47,0,true,,,0
DPNB,STRATEGIC,KC-10,0,true,,,0
DTVB,STRATEGIC,B-747P,0,true,,,9999
DTVB,STRATEGIC,C-17,0,true,,,9999
DTVB,STRATEGIC,C-5A,0,true,,,9999
DTVB,STRATEGIC,CH47,0,true,,,0
DTVB,STRATEGIC,KC-10,0,true,,,9999
DVLK,STRATEGIC,B-747P,0,true,,,0
DVLK,STRATEGIC,C-17,0,true,,,0
DVLK,STRATEGIC,C-5A,0,true,,,0
DVLK,STRATEGIC,CH47,0,true,,,0
DVLK,STRATEGIC,KC-10,0,true,,,0
DYCS,STRATEGIC,B-747P,0,true,,,0
DYCS,STRATEGIC,C-17,0,true,,,0
DYCS,STRATEGIC,C-5A,0,true,,,0
DYCS,STRATEGIC,CH47,0,true,,,0
DYCS,STRATEGIC,KC-10,0,true,,,0
EAZP,STRATEGIC,B-747P,0,true,,,9999
EAZP,STRATEGIC,C-17,0,true,,,9999
EAZP,STRATEGIC,C-5A,0,true,,,9999
EAZP,STRATEGIC,CH47,0,true,,,0
EAZP,STRATEGIC,KC-10,0,true,,,9999
EDWC,STRATEGIC,B-747P,0,true,,,9999
EDWC,STRATEGIC,C-17,0,true,,,9999
EDWC,STRATEGIC,C-5A,0,true,,,9999
EDWC,STRATEGIC,CH47,0,true,,,0
EDWC,STRATEGIC,KC-10,0,true,,,9999
EEMW,STRATEGIC,B-747P,0,true,,,9999
EEMW,STRATEGIC,C-17,0,true,,,9999
EEMW,STRATEGIC,C-5A,0,true,,,9999
EEMW,STRATEGIC,CH47,0,true,,,0
EEMW,STRATEGIC,KC-10,0,true,,,9999
EEPZ,STRATEGIC,B-747P,0,true,,,9999
EEPZ,STRATEGIC,C-17,0,true,,,9999
EEPZ,STRATEGIC,C-5A,0,true,,,9999
EEPZ,STRATEGIC,CH47,0,true,,,0
EEPZ,STRATEGIC,KC-10,0,true,,,9999
ENCK,STRATEGIC,B-747P,0,true,,,9999
ENCK,STRATEGIC,C-17,0,true,,,9999
ENCK,STRATEGIC,C-5A,0,true,,,9999
ENCK,STRATEGIC,CH47,0,true,,,0
ENCK,STRATEGIC,KC-10,0,true,,,9999
EQDF,STRATEGIC,B-747P,0,true,,,9999
EQDF,STRATEGIC,C-17,0,true,,,9999
EQDF,STRATEGIC,C-5A,0,true,,,9999
EQDF,STRATEGIC,CH47,0,true,,,0
EQDF,STRATEGIC,KC-10,0,true,,,9999
ETZB,STRATEGIC,B-747P,0,true,,,0
ETZB,STRATEGIC,C-17,0,true,,,0
ETZB,STRATEGIC,C-5A,0,true,,,0
ETZB,STRATEGIC,CH47,0,true,,,0
ETZB,STRATEGIC,KC-10,0,true,,,0
EUBC,STRATEGIC,B-747P,0,true,,,9999
EUBC,STRATEGIC,C-17,0,true,,,9999
EUBC,STRATEGIC,C-5A,0,true,,,9999
EUBC,STRATEGIC,CH47,0,true,,,0
EUBC,STRATEGIC,KC-10,0,true,,,9999
EYBD,STRATEGIC,B-747P,0,true,,,0
EYBD,STRATEGIC,C-17,0,true,,,0
EYBD,STRATEGIC,C-5A,0,true,,,0
EYBD,STRATEGIC,CH47,0,true,,,0
EYBD,STRATEGIC,KC-10,0,true,,,0
EZSE,STRATEGIC,B-747P,0,true,,,9999
EZSE,STRATEGIC,C-17,0,true,,,9999
EZSE,STRATEGIC,C-5A,0,true,,,9999
EZSE,STRATEGIC,CH47,0,true,,,0
EZSE,STRATEGIC,KC-10,0,true,,,9999
EZTH,STRATEGIC,B-747P,0,true,,,9999
EZTH,STRATEGIC,C-17,0,true,,,9999
EZTH,STRATEGIC,C-5A,0,true,,,9999
EZTH,STRATEGIC,CH47,0,true,,,0
EZTH,STRATEGIC,KC-10,0,true,,,9999
FAKZ,STRATEGIC,B-747P,0,true,,,9999
FAKZ,STRATEGIC,C-17,0,true,,,9999
FAKZ,STRATEGIC,C-5A,0,true,,,9999
FAKZ,STRATEGIC,CH47,0,true,,,0
FAKZ,STRATEGIC,KC-10,0,true,,,9999
FAXN,STRATEGIC,B-747P,0,true,,,0
FAXN,STRATEGIC,C-17,0,true,,,0
FAXN,STRATEGIC,C-5A,0,true,,,0
FAXN,STRATEGIC,CH47,0,true,,,0
FAXN,STRATEGIC,KC-10,0,true,,,0
FBMV,STRATEGIC,B-747P,0,true,,,9999
FBMV,STRATEGIC,C-17,0,true,,,9999
FBMV,STRATEGIC,C-5A,0,true,,,9999
FBMV,STRATEGIC,CH47,0,true,,,0
FBMV,STRATEGIC,KC-10,0,true,,,9999
FBNV,STRATEGIC,B-747P,0,true,,,0
FBNV,STRATEGIC,C-17,0,true,,,0
FBNV,STRATEGIC,C-5A,0,true,,,0
FBNV,STRATEGIC,CH47,0,true,,,0
FBNV,STRATEGIC,KC-10,0,true,,,0
FERX,STRATEGIC,B-747P,0,true,,,9999
FERX,STRATEGIC,C-17,0,true,,,9999
FERX,STRATEGIC,C-5A,0,true,,,9999
FERX,STRATEGIC,CH47,0,true,,,0
FERX,STRATEGIC,KC-10,0,true,,,9999
FFAR,STRATEGIC,B-747P,0,true,,,9999
FFAR,STRATEGIC,C-17,0,true,,,9999
FFAR,STRATEGIC,C-5A,0,true,,,9999
FFAR,STRATEGIC,CH47,0,true,,,0
FFAR,STRATEGIC,KC-10,0,true,,,9999
FGDC,STRATEGIC,B-747P,0,true,,,0
FGDC,STRATEGIC,C-17,0,true,,,0
FGDC,STRATEGIC,C-5A,0,true,,,0
FGDC,STRATEGIC,CH47,0,true,,,0
FGDC,STRATEGIC,KC-10,0,true,,,0
FGTZ,STRATEGIC,B-747P,0,true,,,9999
FGTZ,STRATEGIC,C-17,0,true,,,9999
FGTZ,STRATEGIC,C-5A,0,true,,,9999
FGTZ,STRATEGIC,CH47,0,true,,,0
FGTZ,STRATEGIC,KC-10,0,true,,,9999
FGWB,STRATEGIC,B-747P,0,true,,,0
FGWB,STRATEGIC,C-17,0,true,,,0
FGWB,STRATEGIC,C-5A,0,true,,,0
FGWB,STRATEGIC,CH47,0,true,,,0
FGWB,STRATEGIC,KC-10,0,true,,,0
FJMK,STRATEGIC,B-747P,0,true,,,9999
FJMK,STRATEGIC,C-17,0,true,,,9999
FJMK,STRATEGIC,C-5A,0,true,,,9999
FJMK,STRATEGIC,CH47,0,true,,,0
FJMK,STRATEGIC,KC-10,0,true,,,9999
FJRP,STRATEGIC,B-747P,0,true,,,9999
FJRP,STRATEGIC,C-17,0,true,,,9999
FJRP,STRATEGIC,C-5A,0,true,,,9999
FJRP,STRATEGIC,CH47,0,true,,,0
FJRP,STRATEGIC,KC-10,0,true,,,9999
FJXT,STRATEGIC,B-747P,0,true,,,0
FJXT,STRATEGIC,C-17,0,true,,,0
FJXT,STRATEGIC,C-5A,0,true,,,0
FJXT,STRATEGIC,CH47,0,true,,,0
FJXT,STRATEGIC,KC-10,0,true,,,0
FKNN,STRATEGIC,B-747P,0,true,,,9999
FKNN,STRATEGIC,C-17,0,true,,,9999
FKNN,STRATEGIC,C-5A,0,true,,,9999
FKNN,STRATEGIC,CH47,0,true,,,0
FKNN,STRATEGIC,KC-10,0,true,,,9999
FMJN,STRATEGIC,B-747P,0,true,,,9999
FMJN,STRATEGIC,C-17,0,true,,,9999
FMJN,STRATEGIC,C-5A,0,true,,,9999
FMJN,STRATEGIC,CH47,0,true,,,0
FMJN,STRATEGIC,KC-10,0,true,,,9999
FMLH,STRATEGIC,B-747P,0,true,,,9999
FMLH,STRATEGIC,C-17,0,true,,,9999
FMLH,STRATEGIC,C-5A,0,true,,,9999
FMLH,STRATEGIC,CH47,0,true,,,0
FMLH,STRATEGIC,KC-10,0,true,,,9999
FNWZ,STRATEGIC,B-747P,0,true,,,0
FNWZ,STRATEGIC,C-17,0,true,,,0
FNWZ,STRATEGIC,C-5A,0,true,,,0
FNWZ,STRATEGIC,CH47,0,true,,,0
FNWZ,STRATEGIC,KC-10,0,true,,,0
FPAA,STRATEGIC,B-747P,0,true,,,9999
FPAA,STRATEGIC,C-17,0,true,,,9999
FPAA,STRATEGIC,C-5A,0,true,,,9999
FPAA,STRATEGIC,CH47,0,true,,,0
FPAA,STRATEGIC,KC-10,0,true,,,9999
FSJA,STRATEGIC,B-747P,0,true,,,9999
FSJA,STRATEGIC,C-17,0,true,,,9999
FSJA,STRATEGIC,C-5A,0,true,,,9999
FSJA,STRATEGIC,CH47,0,true,,,0
FSJA,STRATEGIC,KC-10,0,true,,,9999
FSPM,STRATEGIC,B-747P,0,true,,,9999
FSPM,STRATEGIC,C-17,0,true,,,9999
FSPM,STRATEGIC,C-5A,0,true,,,9999
FSPM,STRATEGIC,CH47,0,true,,,0
FSPM,STRATEGIC,KC-10,0,true,,,9999
FTEP,STRATEGIC,B-747P,0,true,,,0
FTEP,STRATEGIC,C-17,0,true,,,0
FTEP,STRATEGIC,C-5A,0,true,,,0
FTEP,STRATEGIC,CH47,0,true,,,0
FTEP,STRATEGIC,KC-10,0,true,,,0
FTEV,STRATEGIC,B-747P,0,true,,,0
FTEV,STRATEGIC,C-17,0,true,,,0
FTEV,STRATEGIC,C-5A,0,true,,,0
FTEV,STRATEGIC,CH47,0,true,,,0
FTEV,STRATEGIC,KC-10,0,true,,,0
FTFA,STRATEGIC,B-747P,0,true,,,0
FTFA,STRATEGIC,C-17,0,true,,,0
FTFA,STRATEGIC,C-5A,0,true,,,0
FTFA,STRATEGIC,CH47,0,true,,,0
FTFA,STRATEGIC,KC-10,0,true,,,0
FTQW,STRATEGIC,B-747P,0,true,,,9999
FTQW,STRATEGIC,C-17,0,true,,,9999
FTQW,STRATEGIC,C-5A,0,true,,,9999
FTQW,STRATEGIC,CH47,0,true,,,0
FTQW,STRATEGIC,KC-10,0,true,,,9999
FTZH,STRATEGIC,B-747P,0,true,,,0
FTZH,STRATEGIC,C-17,0,true,,,0
FTZH,STRATEGIC,C-5A,0,true,,,0
FTZH,STRATEGIC,CH47,0,true,,,0
FTZH,STRATEGIC,KC-10,0,true,,,0
FUQN,STRATEGIC,B-747P,0,true,,,0
FUQN,STRATEGIC,C-17,0,true,,,0
FUQN,STRATEGIC,C-5A,0,true,,,0
FUQN,STRATEGIC,CH47,0,true,,,0
FUQN,STRATEGIC,KC-10,0,true,,,0
FUTL,STRATEGIC,B-747P,0,true,,,9999
FUTL,STRATEGIC,C-17,0,true,,,9999
FUTL,STRATEGIC,C-5A,0,true,,,9999
FUTL,STRATEGIC,CH47,0,true,,,0
FUTL,STRATEGIC,KC-10,0,true,,,9999
FUZD,STRATEGIC,B-747P,0,true,,,0
FUZD,STRATEGIC,C-17,0,true,,,0
FUZD,STRATEGIC,C-5A,0,true,,,0
FUZD,STRATEGIC,CH47,0,true,,,0
FUZD,STRATEGIC,KC-10,0,true,,,0
FWJH,STRATEGIC,B-747P,0,true,,,9999
FWJH,STRATEGIC,C-17,0,true,,,9999
FWJH,STRATEGIC,C-5A,0,true,,,9999
FWJH,STRATEGIC,CH47,0,true,,,0
FWJH,STRATEGIC,KC-10,0,true,,,9999
FXBM,STRATEGIC,B-747P,0,true,,,9999
FXBM,STRATEGIC,C-17,0,true,,,9999
FXBM,STRATEGIC,C-5A,0,true,,,9999
FXBM,STRATEGIC,CH47,0,true,,,0
FXBM,STRATEGIC,KC-10,0,true,,,9999
FXSB,STRATEGIC,B-747P,0,true,,,0
FXSB,STRATEGIC,C-17,0,true,,,0
FXSB,STRATEGIC,C-5A,0,true,,,0
FXSB,STRATEGIC,CH47,0,true,,,0
FXSB,STRATEGIC,KC-10,0,true,,,0
GAMH,STRATEGIC,B-747P,0,true,,,0
GAMH,STRATEGIC,C-17,0,true,,,0
GAMH,STRATEGIC,C-5A,0,true,,,0
GAMH,STRATEGIC,CH47,0,true,,,0
GAMH,STRATEGIC,KC-10,0,true,,,0
GEQZ,STRATEGIC,B-747P,0,true,,,9999
GEQZ,STRATEGIC,C-17,0,true,,,9999
GEQZ,STRATEGIC,C-5A,0,true,,,9999
GEQZ,STRATEGIC,CH47,0,true,,,0
GEQZ,STRATEGIC,KC-10,0,true,,,9999
GHLN,STRATEGIC,B-747P,0,true,,,0
GHLN,STRATEGIC,C-17,0,true,,,0
GHLN,STRATEGIC,C-5A,0,true,,,0
GHLN,STRATEGIC,CH47,0,true,,,0
GHLN,STRATEGIC,KC-10,0,true,,,0
GJFZ,STRATEGIC,B-747P,0,true,,,9999
GJFZ,STRATEGIC,C-17,0,true,,,9999
GJFZ,STRATEGIC,C-5A,0,true,,,9999
GJFZ,STRATEGIC,CH47,0,true,,,0
GJFZ,STRATEGIC,KC-10,0,true,,,9999
GJKZ,STRATEGIC,B-747P,0,true,,,0
GJKZ,STRATEGIC,C-17,0,true,,,0
GJKZ,STRATEGIC,C-5A,0,true,,,0
GJKZ,STRATEGIC,CH47,0,true,,,0
GJKZ,STRATEGIC,KC-10,0,true,,,0
GKVB,STRATEGIC,B-747P,0,true,,,0
GKVB,STRATEGIC,C-17,0,true,,,0
GKVB,STRATEGIC,C-5A,0,true,,,0
GKVB,STRATEGIC,CH47,0,true,,,0
GKVB,STRATEGIC,KC-10,0,true,,,0
GLEN,STRATEGIC,B-747P,0,true,,,9999
GLEN,STRATEGIC,C-17,0,true,,,9999
GLEN,STRATEGIC,C-5A,0,true,,,9999
GLEN,STRATEGIC,CH47,0,true,,,0
GLEN,STRATEGIC,KC-10,0,true,,,9999
GLRZ,STRATEGIC,B-747P,0,true,,,9999
GLRZ,STRATEGIC,C-17,0,true,,,9999
GLRZ,STRATEGIC,C-5A,0,true,,,9999
GLRZ,STRATEGIC,CH47,0,true,,,0
GLRZ,STRATEGIC,KC-10,0,true,,,9999
GPGK,STRATEGIC,B-747P,0,true,,,9999
GPGK,STRATEGIC,C-17,0,true,,,9999
GPGK,STRATEGIC,C-5A,0,true,,,9999
GPGK,STRATEGIC,CH47,0,true,,,0
GPGK,STRATEGIC,KC-10,0,true,,,9999
GRAQ,STRATEGIC,B-747P,0,true,,,9999
GRAQ,STRATEGIC,C-17,0,true,,,9999
GRAQ,STRATEGIC,C-5A,0,true,,,9999
GRAQ,STRATEGIC,CH47,0,true,,,0
GRAQ,STRATEGIC,KC-10,0,true,,,9999
GUQE,STRATEGIC,B-747P,0,true,,,0
GUQE,STRATEGIC,C-17,0,true,,,0
GUQE,STRATEGIC,C-5A,0,true,,,0
GUQE,STRATEGIC,CH47,0,true,,,0
GUQE,STRATEGIC,KC-10,0,true,,,0
GWAW,STRATEGIC,B-747P,0,true,,,9999
GWAW,STRATEGIC,C-17,0,true,,,9999
GWAW,STRATEGIC,C-5A,0,true,,,9999
GWAW,STRATEGIC,CH47,0,true,,,0
GWAW,STRATEGIC,KC-10,0,true,,,9999
GWDD,STRATEGIC,B-747P,0,true,,,9999
GWDD,STRATEGIC,C-17,0,true,,,9999
GWDD,STRATEGIC,C-5A,0,true,,,9999
GWDD,STRATEGIC,CH47,0,true,,,0
GWDD,STRATEGIC,KC-10,0,true,,,9999
GYRZ,STRATEGIC,B-747P,0,true,,,0
GYRZ,STRATEGIC,C-17,0,true,,,0
GYRZ,STRATEGIC,C-5A,0,true,,,0
GYRZ,STRATEGIC,CH47,0,true,,,0
GYRZ,STRATEGIC,KC-10,0,true,,,0
HAWR,STRATEGIC,B-747P,0,true,,,9999
HAWR,STRATEGIC,C-17,0,true,,,9999
HAWR,STRATEGIC,C-5A,0,true,,,9999
HAWR,STRATEGIC,CH47,0,true,,,0
HAWR,STRATEGIC,KC-10,0,true,,,9999
HAYW,STRATEGIC,B-747P,0,true,,,9999
HAYW,STRATEGIC,C-17,0,true,,,9999
HAYW,STRATEGIC,C-5A,0,true,,,9999
HAYW,STRATEGIC,CH47,0,true,,,0
HAYW,STRATEGIC,KC-10,0,true,,,9999
HBFB,STRATEGIC,B-747P,0,true,,,9999
HBFB,STRATEGIC,C-17,0,true,,,9999
HBFB,STRATEGIC,C-5A,0,true,,,9999
HBFB,STRATEGIC,CH47,0,true,,,0
HBFB,STRATEGIC,KC-10,0,true,,,9999
HFZY,STRATEGIC,B-747P,0,true,,,9999
HFZY,STRATEGIC,C-17,0,true,,,9999
HFZY,STRATEGIC,C-5A,0,true,,,9999
HFZY,STRATEGIC,CH47,0,true,,,0
HFZY,STRATEGIC,KC-10,0,true,,,9999
HGQC,STRATEGIC,B-747P,0,true,,,9999
HGQC,STRATEGIC,C-17,0,true,,,9999
HGQC,STRATEGIC,C-5A,0,true,,,9999
HGQC,STRATEGIC,CH47,0,true,,,0
HGQC,STRATEGIC,KC-10,0,true,,,9999
HKRZ,STRATEGIC,B-747P,0,true,,,9999
HKRZ,STRATEGIC,C-17,0,true,,,9999
HKRZ,STRATEGIC,C-5A,0,true,,,9999
HKRZ,STRATEGIC,CH47,0,true,,,0
HKRZ,STRATEGIC,KC-10,0,true,,,9999
HNTK,STRATEGIC,B-747P,0,true,,,0
HNTK,STRATEGIC,C-17,0,true,,,0
HNTK,STRATEGIC,C-5A,0,true,,,0
HNTK,STRATEGIC,CH47,0,true,,,0
HNTK,STRATEGIC,KC-10,0,true,,,0
HPBF,STRATEGIC,B-747P,0,true,,,0
HPBF,STRATEGIC,C-17,0,true,,,0
HPBF,STRATEGIC,C-5A,0,true,,,0
HPBF,STRATEGIC,CH47,0,true,,,0
HPBF,STRATEGIC,KC-10,0,true,,,0
HSKD,STRATEGIC,B-747P,0,true,,,9999
HSKD,STRATEGIC,C-17,0,true,,,9999
HSKD,STRATEGIC,C-5A,0,true,,,9999
HSKD,STRATEGIC,CH47,0,true,,,0
HSKD,STRATEGIC,KC-10,0,true,,,9999
HTUV,STRATEGIC,B-747P,0,true,,,9999
HTUV,STRATEGIC,C-17,0,true,,,9999
HTUV,STRATEGIC,C-5A,0,true,,,9999
HTUV,STRATEGIC,CH47,0,true,,,0
HTUV,STRATEGIC,KC-10,0,true,,,9999
HTUX,STRATEGIC,B-747P,0,true,,,0
HTUX,STRATEGIC,C-17,0,true,,,0
HTUX,STRATEGIC,C-5A,0,true,,,0
HTUX,STRATEGIC,CH47,0,true,,,0
HTUX,STRATEGIC,KC-10,0,true,,,0
HUUA,STRATEGIC,B-747P,0,true,,,0
HUUA,STRATEGIC,C-17,0,true,,,0
HUUA,STRATEGIC,C-5A,0,true,,,0
HUUA,STRATEGIC,CH47,0,true,,,0
HUUA,STRATEGIC,KC-10,0,true,,,0
HXCZ,STRATEGIC,B-747P,0,true,,,9999
HXCZ,STRATEGIC,C-17,0,true,,,9999
HXCZ,STRATEGIC,C-5A,0,true,,,9999
HXCZ,STRATEGIC,CH47,0,true,,,0
HXCZ,STRATEGIC,KC-10,0,true,,,9999
JAFZ,STRATEGIC,B-747P,0,true,,,9999
JAFZ,STRATEGIC,C-17,0,true,,,9999
JAFZ,STRATEGIC,C-5A,0,true,,,9999
JAFZ,STRATEGIC,CH47,0,true,,,0
JAFZ,STRATEGIC,KC-10,0,true,,,9999
JBUU,STRATEGIC,B-747P,0,true,,,9999
JBUU,STRATEGIC,C-17,0,true,,,9999
JBUU,STRATEGIC,C-5A,0,true,,,9999
JBUU,STRATEGIC,CH47,0,true,,,0
JBUU,STRATEGIC,KC-10,0,true,,,9999
JCGU,STRATEGIC,B-747P,0,true,,,9999
JCGU,STRATEGIC,C-17,0,true,,,9999
JCGU,STRATEGIC,C-5A,0,true,,,9999
JCGU,STRATEGIC,CH47,0,true,,,0
JCGU,STRATEGIC,KC-10,0,true,,,9999
JEAH,STRATEGIC,B-747P,0,true,,,0
JEAH,STRATEGIC,C-17,0,true,,,0
JEAH,STRATEGIC,C-5A,0,true,,,0
JEAH,STRATEGIC,CH47,0,true,,,0
JEAH,STRATEGIC,KC-10,0,true,,,0
JFSD,STRATEGIC,B-747P,0,true,,,0
JFSD,STRATEGIC,C-17,0,true,,,0
JFSD,STRATEGIC,C-5A,0,true,,,0
JFSD,STRATEGIC,CH47,0,true,,,0
JFSD,STRATEGIC,KC-10,0,true,,,0
JHPM,STRATEGIC,B-747P,0,true,,,9999
JHPM,STRATEGIC,C-17,0,true,,,9999
JHPM,STRATEGIC,C-5A,0,true,,,9999
JHPM,STRATEGIC,CH47,0,true,,,0
JHPM,STRATEGIC,KC-10,0,true,,,9999
JHVQ,STRATEGIC,B-747P,0,true,,,9999
JHVQ,STRATEGIC,C-17,0,true,,,9999
JHVQ,STRATEGIC,C-5A,0,true,,,9999
JHVQ,STRATEGIC,CH47,0,true,,,0
JHVQ,STRATEGIC,KC-10,0,true,,,9999
JKSE,STRATEGIC,B-747P,0,true,,,9999
JKSE,STRATEGIC,C-17,0,true,,,9999
JKSE,STRATEGIC,C-5A,0,true,,,9999
JKSE,STRATEGIC,CH47,0,true,,,0
JKSE,STRATEGIC,KC-10,0,true,,,9999
JLQN,STRATEGIC,B-747P,0,true,,,9999
JLQN,STRATEGIC,C-17,0,true,,,9999
JLQN,STRATEGIC,C-5A,0,true,,,9999
JLQN,STRATEGIC,CH47,0,true,,,0
JLQN,STRATEGIC,KC-10,0,true,,,9999
JLSN,STRATEGIC,B-747P,0,true,,,9999
JLSN,STRATEGIC,C-17,0,true,,,9999
JLSN,STRATEGIC,C-5A,0,true,,,9999
JLSN,STRATEGIC,CH47,0,true,,,0
JLSN,STRATEGIC,KC-10,0,true,,,9999
JLSS,STRATEGIC,B-747P,0,true,,,9999
JLSS,STRATEGIC,C-17,0,true,,,9999
JLSS,STRATEGIC,C-5A,0,true,,,9999
JLSS,STRATEGIC,CH47,0,true,,,0
JLSS,STRATEGIC,KC-10,0,true,,,9999
JLWS,STRATEGIC,B-747P,0,true,,,9999
JLWS,STRATEGIC,C-17,0,true,,,9999
JLWS,STRATEGIC,C-5A,0,true,,,9999
JLWS,STRATEGIC,CH47,0,true,,,0
JLWS,STRATEGIC,KC-10,0,true,,,9999
JPNN,STRATEGIC,B-747P,0,true,,,9999
JPNN,STRATEGIC,C-17,0,true,,,9999
JPNN,STRATEGIC,C-5A,0,true,,,9999
JPNN,STRATEGIC,CH47,0,true,,,0
JPNN,STRATEGIC,KC-10,0,true,,,9999
JPPK,STRATEGIC,B-747P,0,true,,,9999
JPPK,STRATEGIC,C-17,0,true,,,9999
JPPK,STRATEGIC,C-5A,0,true,,,9999
JPPK,STRATEGIC,CH47,0,true,,,0
JPPK,STRATEGIC,KC-10,0,true,,,9999
JQMA,STRATEGIC,B-747P,0,true,,,9999
JQMA,STRATEGIC,C-17,0,true,,,9999
JQMA,STRATEGIC,C-5A,0,true,,,9999
JQMA,STRATEGIC,CH47,0,true,,,0
JQMA,STRATEGIC,KC-10,0,true,,,9999
JREZ,STRATEGIC,B-747P,0,true,,,0
JREZ,STRATEGIC,C-17,0,true,,,0
JREZ,STRATEGIC,C-5A,0,true,,,0
JREZ,STRATEGIC,CH47,0,true,,,0
JREZ,STRATEGIC,KC-10,0,true,,,0
JTVE,STRATEGIC,B-747P,0,true,,,9999
JTVE,STRATEGIC,C-17,0,true,,,9999
JTVE,STRATEGIC,C-5A,0,true,,,9999
JTVE,STRATEGIC,CH47,0,true,,,0
JTVE,STRATEGIC,KC-10,0,true,,,9999
JUBJ,STRATEGIC,B-747P,0,true,,,9999
JUBJ,STRATEGIC,C-17,0,true,,,9999
JUBJ,STRATEGIC,C-5A,0,true,,,9999
JUBJ,STRATEGIC,CH47,0,true,,,0
JUBJ,STRATEGIC,KC-10,0,true,,,9999
JXPJ,STRATEGIC,B-747P,0,true,,,9999
JXPJ,STRATEGIC,C-17,0,true,,,9999
JXPJ,STRATEGIC,C-5A,0,true,,,9999
JXPJ,STRATEGIC,CH47,0,true,,,0
JXPJ,STRATEGIC,KC-10,0,true,,,9999
KBHT,STRATEGIC,B-747P,0,true,,,9999
KBHT,STRATEGIC,C-17,0,true,,,9999
KBHT,STRATEGIC,C-5A,0,true,,,9999
KBHT,STRATEGIC,CH47,0,true,,,0
KBHT,STRATEGIC,KC-10,0,true,,,9999
KEAQ,STRATEGIC,B-747P,0,true,,,9999
KEAQ,STRATEGIC,C-17,0,true,,,9999
KEAQ,STRATEGIC,C-5A,0,true,,,9999
KEAQ,STRATEGIC,CH47,0,true,,,0
KEAQ,STRATEGIC,KC-10,0,true,,,9999
KJGW,STRATEGIC,B-747P,0,true,,,0
KJGW,STRATEGIC,C-17,0,true,,,0
KJGW,STRATEGIC,C-5A,0,true,,,0
KJGW,STRATEGIC,CH47,0,true,,,0
KJGW,STRATEGIC,KC-10,0,true,,,0
KKGA,STRATEGIC,B-747P,0,true,,,9999
KKGA,STRATEGIC,C-17,0,true,,,9999
KKGA,STRATEGIC,C-5A,0,true,,,9999
KKGA,STRATEGIC,CH47,0,true,,,0
KKGA,STRATEGIC,KC-10,0,true,,,9999
KLZU,STRATEGIC,B-747P,0,true,,,9999
KLZU,STRATEGIC,C-17,0,true,,,9999
KLZU,STRATEGIC,C-5A,0,true,,,9999
KLZU,STRATEGIC,CH47,0,true,,,0
KLZU,STRATEGIC,KC-10,0,true,,,9999
KNMD,STRATEGIC,B-747P,0,true,,,0
KNMD,STRATEGIC,C-17,0,true,,,0
KNMD,STRATEGIC,C-5A,0,true,,,0
KNMD,STRATEGIC,CH47,0,true,,,0
KNMD,STRATEGIC,KC-10,0,true,,,0
KRSM,STRATEGIC,B-747P,0,true,,,0
KRSM,STRATEGIC,C-17,0,true,,,0
KRSM,STRATEGIC,C-5A,0,true,,,0
KRSM,STRATEGIC,CH47,0,true,,,0
KRSM,STRATEGIC,KC-10,0,true,,,0
KWRD,STRATEGIC,B-747P,0,true,,,0
KWRD,STRATEGIC,C-17,0,true,,,0
KWRD,STRATEGIC,C-5A,0,true,,,0
KWRD,STRATEGIC,CH47,0,true,,,0
KWRD,STRATEGIC,KC-10,0,true,,,0
KXPD,STRATEGIC,B-747P,0,true,,,9999
KXPD,STRATEGIC,C-17,0,true,,,9999
KXPD,STRATEGIC,C-5A,0,true,,,9999
KXPD,STRATEGIC,CH47,0,true,,,0
KXPD,STRATEGIC,KC-10,0,true,,,9999
KYJL,STRATEGIC,B-747P,0,true,,,0
KYJL,STRATEGIC,C-17,0,true,,,0
KYJL,STRATEGIC,C-5A,0,true,,,0
KYJL,STRATEGIC,CH47,0,true,,,0
KYJL,STRATEGIC,KC-10,0,true,,,0
KZTV,STRATEGIC,B-747P,0,true,,,0
KZTV,STRATEGIC,C-17,0,true,,,0
KZTV,STRATEGIC,C-5A,0,true,,,0
KZTV,STRATEGIC,CH47,0,true,,,0
KZTV,STRATEGIC,KC-10,0,true,,,0
KZVP,STRATEGIC,B-747P,0,true,,,9999
KZVP,STRATEGIC,C-17,0,true,,,9999
KZVP,STRATEGIC,C-5A,0,true,,,9999
KZVP,STRATEGIC,CH47,0,true,,,0
KZVP,STRATEGIC,KC-10,0,true,,,9999
LDXF,STRATEGIC,B-747P,0,true,,,9999
LDXF,STRATEGIC,C-17,0,true,,,9999
LDXF,STRATEGIC,C-5A,0,true,,,9999
LDXF,STRATEGIC,CH47,0,true,,,0
LDXF,STRATEGIC,KC-10,0,true,,,9999
LEXG,STRATEGIC,B-747P,0,true,,,0
LEXG,STRATEGIC,C-17,0,true,,,0
LEXG,STRATEGIC,C-5A,0,true,,,0
LEXG,STRATEGIC,CH47,0,true,,,0
LEXG,STRATEGIC,KC-10,0,true,,,0
LFSU,STRATEGIC,B-747P,0,true,,,9999
LFSU,STRATEGIC,C-17,0,true,,,9999
LFSU,STRATEGIC,C-5A,0,true,,,9999
LFSU,STRATEGIC,CH47,0,true,,,0
LFSU,STRATEGIC,KC-10,0,true,,,9999
LHNZ,STRATEGIC,B-747P,0,true,,,9999
LHNZ,STRATEGIC,C-17,0,true,,,9999
LHNZ,STRATEGIC,C-5A,0,true,,,9999
LHNZ,STRATEGIC,CH47,0,true,,,0
LHNZ,STRATEGIC,KC-10,0,true,,,9999
LKLW,STRATEGIC,B-747P,0,true,,,9999
LKLW,STRATEGIC,C-17,0,true,,,9999
LKLW,STRATEGIC,C-5A,0,true,,,9999
LKLW,STRATEGIC,CH47,0,true,,,0
LKLW,STRATEGIC,KC-10,0,true,,,9999
LKTC,STRATEGIC,B-747P,0,true,,,9999
LKTC,STRATEGIC,C-17,0,true,,,9999
LKTC,STRATEGIC,C-5A,0,true,,,9999
LKTC,STRATEGIC,CH47,0,true,,,0
LKTC,STRATEGIC,KC-10,0,true,,,9999
LLFN,STRATEGIC,B-747P,0,true,,,9999
LLFN,STRATEGIC,C-17,0,true,,,9999
LLFN,STRATEGIC,C-5A,0,true,,,9999
LLFN,STRATEGIC,CH47,0,true,,,0
LLFN,STRATEGIC,KC-10,0,true,,,9999
LRXQ,STRATEGIC,B-747P,0,true,,,9999
LRXQ,STRATEGIC,C-17,0,true,,,9999
LRXQ,STRATEGIC,C-5A,0,true,,,9999
LRXQ,STRATEGIC,CH47,0,true,,,0
LRXQ,STRATEGIC,KC-10,0,true,,,9999
LSBC,STRATEGIC,B-747P,0,true,,,9999
LSBC,STRATEGIC,C-17,0,true,,,9999
LSBC,STRATEGIC,C-5A,0,true,,,9999
LSBC,STRATEGIC,CH47,0,true,,,0
LSBC,STRATEGIC,KC-10,0,true,,,9999
LSGA,STRATEGIC,B-747P,0,true,,,9999
LSGA,STRATEGIC,C-17,0,true,,,9999
LSGA,STRATEGIC,C-5A,0,true,,,9999
LSGA,STRATEGIC,CH47,0,true,,,0
LSGA,STRATEGIC,KC-10,0,true,,,9999
LSGE,STRATEGIC,B-747P,0,true,,,0
LSGE,STRATEGIC,C-17,0,true,,,0
LSGE,STRATEGIC,C-5A,0,true,,,0
LSGE,STRATEGIC,CH47,0,true,,,0
LSGE,STRATEGIC,KC-10,0,true,,,0
LTUY,STRATEGIC,B-747P,0,true,,,9999
LTUY,STRATEGIC,C-17,0,true,,,9999
LTUY,STRATEGIC,C-5A,0,true,,,9999
LTUY,STRATEGIC,CH47,0,true,,,0
LTUY,STRATEGIC,KC-10,0,true,,,9999
LTYB,STRATEGIC,B-747P,0,true,,,9999
LTYB,STRATEGIC,C-17,0,true,,,9999
LTYB,STRATEGIC,C-5A,0,true,,,9999
LTYB,STRATEGIC,CH47,0,true,,,0
LTYB,STRATEGIC,KC-10,0,true,,,9999
LUXC,STRATEGIC,B-747P,0,true,,,9999
LUXC,STRATEGIC,C-17,0,true,,,9999
LUXC,STRATEGIC,C-5A,0,true,,,9999
LUXC,STRATEGIC,CH47,0,true,,,0
LUXC,STRATEGIC,KC-10,0,true,,,9999
LVDB,STRATEGIC,B-747P,0,true,,,9999
LVDB,STRATEGIC,C-17,0,true,,,9999
LVDB,STRATEGIC,C-5A,0,true,,,9999
LVDB,STRATEGIC,CH47,0,true,,,0
LVDB,STRATEGIC,KC-10,0,true,,,9999
LVQX,STRATEGIC,B-747P,0,true,,,9999
LVQX,STRATEGIC,C-17,0,true,,,9999
LVQX,STRATEGIC,C-5A,0,true,,,9999
LVQX,STRATEGIC,CH47,0,true,,,0
LVQX,STRATEGIC,KC-10,0,true,,,9999
LVSH,STRATEGIC,B-747P,0,true,,,9999
LVSH,STRATEGIC,C-17,0,true,,,9999
LVSH,STRATEGIC,C-5A,0,true,,,9999
LVSH,STRATEGIC,CH47,0,true,,,0
LVSH,STRATEGIC,KC-10,0,true,,,9999
LWRC,STRATEGIC,B-747P,0,true,,,9999
LWRC,STRATEGIC,C-17,0,true,,,9999
LWRC,STRATEGIC,C-5A,0,true,,,9999
LWRC,STRATEGIC,CH47,0,true,,,0
LWRC,STRATEGIC,KC-10,0,true,,,9999
LXEZ,STRATEGIC,B-747P,0,true,,,0
LXEZ,STRATEGIC,C-17,0,true,,,0
LXEZ,STRATEGIC,C-5A,0,true,,,0
LXEZ,STRATEGIC,CH47,0,true,,,0
LXEZ,STRATEGIC,KC-10,0,true,,,0
LYAX,STRATEGIC,B-747P,0,true,,,0
LYAX,STRATEGIC,C-17,0,true,,,0
LYAX,STRATEGIC,C-5A,0,true,,,0
LYAX,STRATEGIC,CH47,0,true,,,0
LYAX,STRATEGIC,KC-10,0,true,,,0
LYBH,STRATEGIC,B-747P,0,true,,,9999
LYBH,STRATEGIC,C-17,0,true,,,9999
LYBH,STRATEGIC,C-5A,0,true,,,9999
LYBH,STRATEGIC,CH47,0,true,,,0
LYBH,STRATEGIC,KC-10,0,true,,,9999
LYNM,STRATEGIC,B-747P,0,true,,,9999
LYNM,STRATEGIC,C-17,0,true,,,9999
LYNM,STRATEGIC,C-5A,0,true,,,9999
LYNM,STRATEGIC,CH47,0,true,,,0
LYNM,STRATEGIC,KC-10,0,true,,,9999
MAHG,STRATEGIC,B-747P,0,true,,,0
MAHG,STRATEGIC,C-17,0,true,,,0
MAHG,STRATEGIC,C-5A,0,true,,,0
MAHG,STRATEGIC,CH47,0,true,,,0
MAHG,STRATEGIC,KC-10,0,true,,,0
MBMV,STRATEGIC,B-747P,0,true,,,9999
MBMV,STRATEGIC,C-17,0,true,,,9999
MBMV,STRATEGIC,C-5A,0,true,,,9999
MBMV,STRATEGIC,CH47,0,true,,,0
MBMV,STRATEGIC,KC-10,0,true,,,9999
MBPB,STRATEGIC,B-747P,0,true,,,0
MBPB,STRATEGIC,C-17,0,true,,,0
MBPB,STRATEGIC,C-5A,0,true,,,0
MBPB,STRATEGIC,CH47,0,true,,,0
MBPB,STRATEGIC,KC-10,0,true,,,0
MDVL,STRATEGIC,B-747P,0,true,,,9999
MDVL,STRATEGIC,C-17,0,true,,,9999
MDVL,STRATEGIC,C-5A,0,true,,,9999
MDVL,STRATEGIC,CH47,0,true,,,0
MDVL,STRATEGIC,KC-10,0,true,,,9999
MDWY,STRATEGIC,B-747P,0,true,,,9999
MDWY,STRATEGIC,C-17,0,true,,,9999
MDWY,STRATEGIC,C-5A,0,true,,,9999
MDWY,STRATEGIC,CH47,0,true,,,0
MDWY,STRATEGIC,KC-10,0,true,,,9999
MEAN,STRATEGIC,B-747P,0,true,,,9999
MEAN,STRATEGIC,C-17,0,true,,,9999
MEAN,STRATEGIC,C-5A,0,true,,,9999
MEAN,STRATEGIC,CH47,0,true,,,0
MEAN,STRATEGIC,KC-10,0,true,,,9999
MEPJ,STRATEGIC,B-747P,0,true,,,0
MEPJ,STRATEGIC,C-17,0,true,,,0
MEPJ,STRATEGIC,C-5A,0,true,,,0
MEPJ,STRATEGIC,CH47,0,true,,,0
MEPJ,STRATEGIC,KC-10,0,true,,,0
MFWM,STRATEGIC,B-747P,0,true,,,9999
MFWM,STRATEGIC,C-17,0,true,,,9999
MFWM,STRATEGIC,C-5A,0,true,,,9999
MFWM,STRATEGIC,CH47,0,true,,,0
MFWM,STRATEGIC,KC-10,0,true,,,9999
MHMV,STRATEGIC,B-747P,0,true,,,0
MHMV,STRATEGIC,C-17,0,true,,,0
MHMV,STRATEGIC,C-5A,0,true,,,0
MHMV,STRATEGIC,CH47,0,true,,,0
MHMV,STRATEGIC,KC-10,0,true,,,0
MJDH,STRATEGIC,B-747P,0,true,,,9999
MJDH,STRATEGIC,C-17,0,true,,,9999
MJDH,STRATEGIC,C-5A,0,true,,,9999
MJDH,STRATEGIC,CH47,0,true,,,0
MJDH,STRATEGIC,KC-10,0,true,,,9999
MLRV,STRATEGIC,B-747P,0,true,,,9999
MLRV,STRATEGIC,C-17,0,true,,,9999
MLRV,STRATEGIC,C-5A,0,true,,,9999
MLRV,STRATEGIC,CH47,0,true,,,0
MLRV,STRATEGIC,KC-10,0,true,,,9999
MNWA,STRATEGIC,B-747P,0,true,,,9999
MNWA,STRATEGIC,C-17,0,true,,,9999
MNWA,STRATEGIC,C-5A,0,true,,,9999
MNWA,STRATEGIC,CH47,0,true,,,0
MNWA,STRATEGIC,KC-10,0,true,,,9999
MPCP,STRATEGIC,B-747P,0,true,,,9999
MPCP,STRATEGIC,C-17,0,true,,,9999
MPCP,STRATEGIC,C-5A,0,true,,,9999
MPCP,STRATEGIC,CH47,0,true,,,0
MPCP,STRATEGIC,KC-10,0,true,,,9999
MPLS,STRATEGIC,B-747P,0,true,,,9999
MPLS,STRATEGIC,C-17,0,true,,,9999
MPLS,STRATEGIC,C-5A,0,true,,,9999
MPLS,STRATEGIC,CH47,0,true,,,0
MPLS,STRATEGIC,KC-10,0,true,,,9999
MQNA,STRATEGIC,B-747P,0,true,,,0
MQNA,STRATEGIC,C-17,0,true,,,0
MQNA,STRATEGIC,C-5A,0,true,,,0
MQNA,STRATEGIC,CH47,0,true,,,0
MQNA,STRATEGIC,KC-10,0,true,,,0
MSET,STRATEGIC,B-747P,0,true,,,0
MSET,STRATEGIC,C-17,0,true,,,0
MSET,STRATEGIC,C-5A,0,true,,,0
MSET,STRATEGIC,CH47,0,true,,,0
MSET,STRATEGIC,KC-10,0,true,,,0
MSQB,STRATEGIC,B-747P,0,true,,,0
MSQB,STRATEGIC,C-17,0,true,,,0
MSQB,STRATEGIC,C-5A,0,true,,,0
MSQB,STRATEGIC,CH47,0,true,,,0
MSQB,STRATEGIC,KC-10,0,true,,,0
MTET,STRATEGIC,B-747P,0,true,,,9999
MTET,STRATEGIC,C-17,0,true,,,9999
MTET,STRATEGIC,C-5A,0,true,,,9999
MTET,STRATEGIC,CH47,0,true,,,0
MTET,STRATEGIC,KC-10,0,true,,,9999
MUHJ,STRATEGIC,B-747P,0,true,,,0
MUHJ,STRATEGIC,C-17,0,true,,,0
MUHJ,STRATEGIC,C-5A,0,true,,,0
MUHJ,STRATEGIC,CH47,0,true,,,0
MUHJ,STRATEGIC,KC-10,0,true,,,0
MXDP,STRATEGIC,B-747P,0,true,,,9999
MXDP,STRATEGIC,C-17,0,true,,,9999
MXDP,STRATEGIC,C-5A,0,true,,,9999
MXDP,STRATEGIC,CH47,0,true,,,0
MXDP,STRATEGIC,KC-10,0,true,,,9999
MXRD,STRATEGIC,B-747P,0,true,,,9999
MXRD,STRATEGIC,C-17,0,true,,,9999
MXRD,STRATEGIC,C-5A,0,true,,,9999
MXRD,STRATEGIC,CH47,0,true,,,0
MXRD,STRATEGIC,KC-10,0,true,,,9999
MYMW,STRATEGIC,B-747P,0,true,,,9999
MYMW,STRATEGIC,C-17,0,true,,,9999
MYMW,STRATEGIC,C-5A,0,true,,,9999
MYMW,STRATEGIC,CH47,0,true,,,0
MYMW,STRATEGIC,KC-10,0,true,,,9999
MYXZ,STRATEGIC,B-747P,0,true,,,0
MYXZ,STRATEGIC,C-17,0,true,,,0
MYXZ,STRATEGIC,C-5A,0,true,,,0
MYXZ,STRATEGIC,CH47,0,true,,,0
MYXZ,STRATEGIC,KC-10,0,true,,,0
NCBW,STRATEGIC,B-747P,0,true,,,9999
NCBW,STRATEGIC,C-17,0,true,,,9999
NCBW,STRATEGIC,C-5A,0,true,,,9999
NCBW,STRATEGIC,CH47,0,true,,,0
NCBW,STRATEGIC,KC-10,0,true,,,9999
NEWR,STRATEGIC,B-747P,0,true,,,9999
NEWR,STRATEGIC,C-17,0,true,,,9999
NEWR,STRATEGIC,C-5A,0,true,,,9999
NEWR,STRATEGIC,CH47,0,true,,,0
NEWR,STRATEGIC,KC-10,0,true,,,9999
NEYU,STRATEGIC,B-747P,0,true,,,9999
NEYU,STRATEGIC,C-17,0,true,,,9999
NEYU,STRATEGIC,C-5A,0,true,,,9999
NEYU,STRATEGIC,CH47,0,true,,,0
NEYU,STRATEGIC,KC-10,0,true,,,9999
NGCB,STRATEGIC,B-747P,0,true,,,9999
NGCB,STRATEGIC,C-17,0,true,,,9999
NGCB,STRATEGIC,C-5A,0,true,,,9999
NGCB,STRATEGIC,CH47,0,true,,,0
NGCB,STRATEGIC,KC-10,0,true,,,9999
NGWV,STRATEGIC,B-747P,0,true,,,9999
NGWV,STRATEGIC,C-17,0,true,,,9999
NGWV,STRATEGIC,C-5A,0,true,,,9999
NGWV,STRATEGIC,CH47,0,true,,,0
NGWV,STRATEGIC,KC-10,0,true,,,9999
NKAK,STRATEGIC,B-747P,0,true,,,0
NKAK,STRATEGIC,C-17,0,true,,,0
NKAK,STRATEGIC,C-5A,0,true,,,0
NKAK,STRATEGIC,CH47,0,true,,,0
NKAK,STRATEGIC,KC-10,0,true,,,0
NLZG,STRATEGIC,B-747P,0,true,,,9999
NLZG,STRATEGIC,C-17,0,true,,,9999
NLZG,STRATEGIC,C-5A,0,true,,,9999
NLZG,STRATEGIC,CH47,0,true,,,0
NLZG,STRATEGIC,KC-10,0,true,,,9999
NNGX,STRATEGIC,B-747P,0,true,,,0
NNGX,STRATEGIC,C-17,0,true,,,0
NNGX,STRATEGIC,C-5A,0,true,,,0
NNGX,STRATEGIC,CH47,0,true,,,0
NNGX,STRATEGIC,KC-10,0,true,,,0
NPTM,STRATEGIC,B-747P,0,true,,,9999
NPTM,STRATEGIC,C-17,0,true,,,9999
NPTM,STRATEGIC,C-5A,0,true,,,9999
NPTM,STRATEGIC,CH47,0,true,,,0
NPTM,STRATEGIC,KC-10,0,true,,,9999
NPTN,STRATEGIC,B-747P,0,true,,,9999
NPTN,STRATEGIC,C-17,0,true,,,9999
NPTN,STRATEGIC,C-5A,0,true,,,9999
NPTN,STRATEGIC,CH47,0,true,,,0
NPTN,STRATEGIC,KC-10,0,true,,,9999
NRCH,STRATEGIC,B-747P,0,true,,,0
NRCH,STRATEGIC,C-17,0,true,,,0
NRCH,STRATEGIC,C-5A,0,true,,,0
NRCH,STRATEGIC,CH47,0,true,,,0
NRCH,STRATEGIC,KC-10,0,true,,,0
NRTX,STRATEGIC,B-747P,0,true,,,9999
NRTX,STRATEGIC,C-17,0,true,,,9999
NRTX,STRATEGIC,C-5A,0,true,,,9999
NRTX,STRATEGIC,CH47,0,true,,,0
NRTX,STRATEGIC,KC-10,0,true,,,9999
NSAG,STRATEGIC,B-747P,0,true,,,9999
NSAG,STRATEGIC,C-17,0,true,,,9999
NSAG,STRATEGIC,C-5A,0,true,,,9999
NSAG,STRATEGIC,CH47,0,true,,,0
NSAG,STRATEGIC,KC-10,0,true,,,9999
NSQG,STRATEGIC,B-747P,0,true,,,9999
NSQG,STRATEGIC,C-17,0,true,,,9999
NSQG,STRATEGIC,C-5A,0,true,,,9999
NSQG,STRATEGIC,CH47,0,true,,,0
NSQG,STRATEGIC,KC-10,0,true,,,9999
NTEA,STRATEGIC,B-747P,0,true,,,9999
NTEA,STRATEGIC,C-17,0,true,,,9999
NTEA,STRATEGIC,C-5A,0,true,,,9999
NTEA,STRATEGIC,CH47,0,true,,,0
NTEA,STRATEGIC,KC-10,0,true,,,9999
NTWM,STRATEGIC,B-747P,0,true,,,9999
NTWM,STRATEGIC,C-17,0,true,,,9999
NTWM,STRATEGIC,C-5A,0,true,,,9999
NTWM,STRATEGIC,CH47,0,true,,,0
NTWM,STRATEGIC,KC-10,0,true,,,9999
NUEX,STRATEGIC,B-747P,0,true,,,0
NUEX,STRATEGIC,C-17,0,true,,,0
NUEX,STRATEGIC,C-5A,0,true,,,0
NUEX,STRATEGIC,CH47,0,true,,,0
NUEX,STRATEGIC,KC-10,0,true,,,0
NVZR,STRATEGIC,B-747P,0,true,,,0
NVZR,STRATEGIC,C-17,0,true,,,0
NVZR,STRATEGIC,C-5A,0,true,,,0
NVZR,STRATEGIC,CH47,0,true,,,0
NVZR,STRATEGIC,KC-10,0,true,,,0
NWXN,STRATEGIC,B-747P,0,true,,,0
NWXN,STRATEGIC,C-17,0,true,,,0
NWXN,STRATEGIC,C-5A,0,true,,,0
NWXN,STRATEGIC,CH47,0,true,,,0
NWXN,STRATEGIC,KC-10,0,true,,,0
NYJY,STRATEGIC,B-747P,0,true,,,9999
NYJY,STRATEGIC,C-17,0,true,,,9999
NYJY,STRATEGIC,C-5A,0,true,,,9999
NYJY,STRATEGIC,CH47,0,true,,,0
NYJY,STRATEGIC,KC-10,0,true,,,9999
NZAS,STRATEGIC,B-747P,0,true,,,0
NZAS,STRATEGIC,C-17,0,true,,,0
NZAS,STRATEGIC,C-5A,0,true,,,0
NZAS,STRATEGIC,CH47,0,true,,,0
NZAS,STRATEGIC,KC-10,0,true,,,0
OPA1,STRATEGIC,B-747P,0,true,,,0
OPA1,STRATEGIC,C-17,0,true,,,0
OPA1,STRATEGIC,C-5A,0,true,,,0
OPA1,STRATEGIC,CH47,0,true,,,0
OPA1,STRATEGIC,KC-10,0,true,,,0
PBXP,STRATEGIC,B-747P,0,true,,,9999
PBXP,STRATEGIC,C-17,0,true,,,9999
PBXP,STRATEGIC,C-5A,0,true,,,9999
PBXP,STRATEGIC,CH47,0,true,,,0
PBXP,STRATEGIC,KC-10,0,true,,,9999
PCZP,STRATEGIC,B-747P,0,true,,,0
PCZP,STRATEGIC,C-17,0,true,,,0
PCZP,STRATEGIC,C-5A,0,true,,,0
PCZP,STRATEGIC,CH47,0,true,,,0
PCZP,STRATEGIC,KC-10,0,true,,,0
PHMS,STRATEGIC,B-747P,0,true,,,9999
PHMS,STRATEGIC,C-17,0,true,,,9999
PHMS,STRATEGIC,C-5A,0,true,,,9999
PHMS,STRATEGIC,CH47,0,true,,,0
PHMS,STRATEGIC,KC-10,0,true,,,9999
PJFS,STRATEGIC,B-747P,0,true,,,9999
PJFS,STRATEGIC,C-17,0,true,,,9999
PJFS,STRATEGIC,C-5A,0,true,,,9999
PJFS,STRATEGIC,CH47,0,true,,,0
PJFS,STRATEGIC,KC-10,0,true,,,9999
PJMS,STRATEGIC,B-747P,0,true,,,9999
PJMS,STRATEGIC,C-17,0,true,,,9999
PJMS,STRATEGIC,C-5A,0,true,,,9999
PJMS,STRATEGIC,CH47,0,true,,,0
PJMS,STRATEGIC,KC-10,0,true,,,9999
PJVY,STRATEGIC,B-747P,0,true,,,0
PJVY,STRATEGIC,C-17,0,true,,,0
PJVY,STRATEGIC,C-5A,0,true,,,0
PJVY,STRATEGIC,CH47,0,true,,,0
PJVY,STRATEGIC,KC-10,0,true,,,0
PLXL,STRATEGIC,B-747P,0,true,,,9999
PLXL,STRATEGIC,C-17,0,true,,,9999
PLXL,STRATEGIC,C-5A,0,true,,,9999
PLXL,STRATEGIC,CH47,0,true,,,0
PLXL,STRATEGIC,KC-10,0,true,,,9999
PNQS,STRATEGIC,B-747P,0,true,,,0
PNQS,STRATEGIC,C-17,0,true,,,0
PNQS,STRATEGIC,C-5A,0,true,,,0
PNQS,STRATEGIC,CH47,0,true,,,0
PNQS,STRATEGIC,KC-10,0,true,,,0
PPSB,STRATEGIC,B-747P,0,true,,,9999
PPSB,STRATEGIC,C-17,0,true,,,9999
PPSB,STRATEGIC,C-5A,0,true,,,9999
PPSB,STRATEGIC,CH47,0,true,,,0
PPSB,STRATEGIC,KC-10,0,true,,,9999
PQSY,STRATEGIC,B-747P,0,true,,,9999
PQSY,STRATEGIC,C-17,0,true,,,9999
PQSY,STRATEGIC,C-5A,0,true,,,9999
PQSY,STRATEGIC,CH47,0,true,,,0
PQSY,STRATEGIC,KC-10,0,true,,,9999
PQWY,STRATEGIC,B-747P,0,true,,,0
PQWY,STRATEGIC,C-17,0,true,,,0
PQWY,STRATEGIC,C-5A,0,true,,,0
PQWY,STRATEGIC,CH47,0,true,,,0
PQWY,STRATEGIC,KC-10,0,true,,,0
PRJY,STRATEGIC,B-747P,0,true,,,9999
PRJY,STRATEGIC,C-17,0,true,,,9999
PRJY,STRATEGIC,C-5A,0,true,,,9999
PRJY,STRATEGIC,CH47,0,true,,,0
PRJY,STRATEGIC,KC-10,0,true,,,9999
PRNG,STRATEGIC,B-747P,0,true,,,9999
PRNG,STRATEGIC,C-17,0,true,,,9999
PRNG,STRATEGIC,C-5A,0,true,,,9999
PRNG,STRATEGIC,CH47,0,true,,,0
PRNG,STRATEGIC,KC-10,0,true,,,9999
PRQE,STRATEGIC,B-747P,0,true,,,0
PRQE,STRATEGIC,C-17,0,true,,,0
PRQE,STRATEGIC,C-5A,0,true,,,0
PRQE,STRATEGIC,CH47,0,true,,,0
PRQE,STRATEGIC,KC-10,0,true,,,0
PSAX,STRATEGIC,B-747P,0,true,,,9999
PSAX,STRATEGIC,C-17,0,true,,,9999
PSAX,STRATEGIC,C-5A,0,true,,,9999
PSAX,STRATEGIC,CH47,0,true,,,0
PSAX,STRATEGIC,KC-10,0,true,,,9999
PSBE,STRATEGIC,B-747P,0,true,,,9999
PSBE,STRATEGIC,C-17,0,true,,,9999
PSBE,STRATEGIC,C-5A,0,true,,,9999
PSBE,STRATEGIC,CH47,0,true,,,0
PSBE,STRATEGIC,KC-10,0,true,,,9999
PSTE,STRATEGIC,B-747P,0,true,,,9999
PSTE,STRATEGIC,C-17,0,true,,,9999
PSTE,STRATEGIC,C-5A,0,true,,,9999
PSTE,STRATEGIC,CH47,0,true,,,0
PSTE,STRATEGIC,KC-10,0,true,,,9999
PSXE,STRATEGIC,B-747P,0,true,,,0
PSXE,STRATEGIC,C-17,0,true,,,0
PSXE,STRATEGIC,C-5A,0,true,,,0
PSXE,STRATEGIC,CH47,0,true,,,0
PSXE,STRATEGIC,KC-10,0,true,,,0
PTFL,STRATEGIC,B-747P,0,true,,,0
PTFL,STRATEGIC,C-17,0,true,,,0
PTFL,STRATEGIC,C-5A,0,true,,,0
PTFL,STRATEGIC,CH47,0,true,,,0
PTFL,STRATEGIC,KC-10,0,true,,,0
PUBW,STRATEGIC,B-747P,0,true,,,9999
PUBW,STRATEGIC,C-17,0,true,,,9999
PUBW,STRATEGIC,C-5A,0,true,,,9999
PUBW,STRATEGIC,CH47,0,true,,,0
PUBW,STRATEGIC,KC-10,0,true,,,9999
PYGY,STRATEGIC,B-747P,0,true,,,9999
PYGY,STRATEGIC,C-17,0,true,,,9999
PYGY,STRATEGIC,C-5A,0,true,,,9999
PYGY,STRATEGIC,CH47,0,true,,,0
PYGY,STRATEGIC,KC-10,0,true,,,9999
PYKL,STRATEGIC,B-747P,0,true,,,9999
PYKL,STRATEGIC,C-17,0,true,,,9999
PYKL,STRATEGIC,C-5A,0,true,,,9999
PYKL,STRATEGIC,CH47,0,true,,,0
PYKL,STRATEGIC,KC-10,0,true,,,9999
PYVR,STRATEGIC,B-747P,0,true,,,9999
PYVR,STRATEGIC,C-17,0,true,,,9999
PYVR,STRATEGIC,C-5A,0,true,,,9999
PYVR,STRATEGIC,CH47,0,true,,,0
PYVR,STRATEGIC,KC-10,0,true,,,9999
QALG,STRATEGIC,B-747P,0,true,,,9999
QALG,STRATEGIC,C-17,0,true,,,9999
QALG,STRATEGIC,C-5A,0,true,,,9999
QALG,STRATEGIC,CH47,0,true,,,0
QALG,STRATEGIC,KC-10,0,true,,,9999
QCFE,STRATEGIC,B-747P,0,true,,,9999
QCFE,STRATEGIC,C-17,0,true,,,9999
QCFE,STRATEGIC,C-5A,0,true,,,9999
QCFE,STRATEGIC,CH47,0,true,,,0
QCFE,STRATEGIC,KC-10,0,true,,,9999
QCQQ,STRATEGIC,B-747P,0,true,,,9999
QCQQ,STRATEGIC,C-17,0,true,,,9999
QCQQ,STRATEGIC,C-5A,0,true,,,9999
QCQQ,STRATEGIC,CH47,0,true,,,0
QCQQ,STRATEGIC,KC-10,0,true,,,9999
QFQE,STRATEGIC,B-747P,0,true,,,0
QFQE,STRATEGIC,C-17,0,true,,,0
QFQE,STRATEGIC,C-5A,0,true,,,0
QFQE,STRATEGIC,CH47,0,true,,,0
QFQE,STRATEGIC,KC-10,0,true,,,0
QJKL,STRATEGIC,B-747P,0,true,,,0
QJKL,STRATEGIC,C-17,0,true,,,0
QJKL,STRATEGIC,C-5A,0,true,,,0
QJKL,STRATEGIC,CH47,0,true,,,0
QJKL,STRATEGIC,KC-10,0,true,,,0
QJVF,STRATEGIC,B-747P,0,true,,,0
QJVF,STRATEGIC,C-17,0,true,,,0
QJVF,STRATEGIC,C-5A,0,true,,,0
QJVF,STRATEGIC,CH47,0,true,,,0
QJVF,STRATEGIC,KC-10,0,true,,,0
QJWG,STRATEGIC,B-747P,0,true,,,9999
QJWG,STRATEGIC,C-17,0,true,,,9999
QJWG,STRATEGIC,C-5A,0,true,,,9999
QJWG,STRATEGIC,CH47,0,true,,,0
QJWG,STRATEGIC,KC-10,0,true,,,9999
QKJA,STRATEGIC,B-747P,0,true,,,0
QKJA,STRATEGIC,C-17,0,true,,,0
QKJA,STRATEGIC,C-5A,0,true,,,0
QKJA,STRATEGIC,CH47,0,true,,,0
QKJA,STRATEGIC,KC-10,0,true,,,0
QMSN,STRATEGIC,B-747P,0,true,,,9999
QMSN,STRATEGIC,C-17,0,true,,,9999
QMSN,STRATEGIC,C-5A,0,true,,,9999
QMSN,STRATEGIC,CH47,0,true,,,0
QMSN,STRATEGIC,KC-10,0,true,,,9999
QNVA,STRATEGIC,B-747P,0,true,,,9999
QNVA,STRATEGIC,C-17,0,true,,,9999
QNVA,STRATEGIC,C-5A,0,true,,,9999
QNVA,STRATEGIC,CH47,0,true,,,0
QNVA,STRATEGIC,KC-10,0,true,,,9999
QRAW,STRATEGIC,B-747P,0,true,,,9999
QRAW,STRATEGIC,C-17,0,true,,,9999
QRAW,STRATEGIC,C-5A,0,true,,,9999
QRAW,STRATEGIC,CH47,0,true,,,0
QRAW,STRATEGIC,KC-10,0,true,,,9999
QSEU,STRATEGIC,B-747P,0,true,,,0
QSEU,STRATEGIC,C-17,0,true,,,0
QSEU,STRATEGIC,C-5A,0,true,,,0
QSEU,STRATEGIC,CH47,0,true,,,0
QSEU,STRATEGIC,KC-10,0,true,,,0
QTXL,STRATEGIC,B-747P,0,true,,,9999
QTXL,STRATEGIC,C-17,0,true,,,9999
QTXL,STRATEGIC,C-5A,0,true,,,9999
QTXL,STRATEGIC,CH47,0,true,,,0
QTXL,STRATEGIC,KC-10,0,true,,,9999
QYZH,STRATEGIC,B-747P,0,true,,,0
QYZH,STRATEGIC,C-17,0,true,,,0
QYZH,STRATEGIC,C-5A,0,true,,,0
QYZH,STRATEGIC,CH47,0,true,,,0
QYZH,STRATEGIC,KC-10,0,true,,,0
RDRD,STRATEGIC,B-747P,0,true,,,0
RDRD,STRATEGIC,C-17,0,true,,,0
RDRD,STRATEGIC,C-5A,0,true,,,0
RDRD,STRATEGIC,CH47,0,true,,,0
RDRD,STRATEGIC,KC-10,0,true,,,0
REAG,STRATEGIC,B-747P,0,true,,,9999
REAG,STRATEGIC,C-17,0,true,,,9999
REAG,STRATEGIC,C-5A,0,true,,,9999
REAG,STRATEGIC,CH47,0,true,,,0
REAG,STRATEGIC,KC-10,0,true,,,9999
RJVF,STRATEGIC,B-747P,0,true,,,9999
RJVF,STRATEGIC,C-17,0,true,,,9999
RJVF,STRATEGIC,C-5A,0,true,,,9999
RJVF,STRATEGIC,CH47,0,true,,,0
RJVF,STRATEGIC,KC-10,0,true,,,9999
RKMF,STRATEGIC,B-747P,0,true,,,0
RKMF,STRATEGIC,C-17,0,true,,,0
RKMF,STRATEGIC,C-5A,0,true,,,0
RKMF,STRATEGIC,CH47,0,true,,,0
RKMF,STRATEGIC,KC-10,0,true,,,0
RPYA,STRATEGIC,B-747P,0,true,,,9999
RPYA,STRATEGIC,C-17,0,true,,,9999
RPYA,STRATEGIC,C-5A,0,true,,,9999
RPYA,STRATEGIC,CH47,0,true,,,0
RPYA,STRATEGIC,KC-10,0,true,,,9999
RQMN,STRATEGIC,B-747P,0,true,,,9999
RQMN,STRATEGIC,C-17,0,true,,,9999
RQMN,STRATEGIC,C-5A,0,true,,,9999
RQMN,STRATEGIC,CH47,0,true,,,0
RQMN,STRATEGIC,KC-10,0,true,,,9999
RQNA,STRATEGIC,B-747P,0,true,,,9999
RQNA,STRATEGIC,C-17,0,true,,,9999
RQNA,STRATEGIC,C-5A,0,true,,,9999
RQNA,STRATEGIC,CH47,0,true,,,0
RQNA,STRATEGIC,KC-10,0,true,,,9999
RQWP,STRATEGIC,B-747P,0,true,,,9999
RQWP,STRATEGIC,C-17,0,true,,,9999
RQWP,STRATEGIC,C-5A,0,true,,,9999
RQWP,STRATEGIC,CH47,0,true,,,0
RQWP,STRATEGIC,KC-10,0,true,,,9999
RRPQ,STRATEGIC,B-747P,0,true,,,9999
RRPQ,STRATEGIC,C-17,0,true,,,9999
RRPQ,STRATEGIC,C-5A,0,true,,,9999
RRPQ,STRATEGIC,CH47,0,true,,,0
RRPQ,STRATEGIC,KC-10,0,true,,,9999
RVKQ,STRATEGIC,B-747P,0,true,,,9999
RVKQ,STRATEGIC,C-17,0,true,,,9999
RVKQ,STRATEGIC,C-5A,0,true,,,9999
RVKQ,STRATEGIC,CH47,0,true,,,0
RVKQ,STRATEGIC,KC-10,0,true,,,9999
RZQH,STRATEGIC,B-747P,0,true,,,0
RZQH,STRATEGIC,C-17,0,true,,,0
RZQH,STRATEGIC,C-5A,0,true,,,0
RZQH,STRATEGIC,CH47,0,true,,,0
RZQH,STRATEGIC,KC-10,0,true,,,0
SACB,STRATEGIC,B-747P,0,true,,,9999
SACB,STRATEGIC,C-17,0,true,,,9999
SACB,STRATEGIC,C-5A,0,true,,,9999
SACB,STRATEGIC,CH47,0,true,,,0
SACB,STRATEGIC,KC-10,0,true,,,9999
SAEJ,STRATEGIC,B-747P,0,true,,,9999
SAEJ,STRATEGIC,C-17,0,true,,,9999
SAEJ,STRATEGIC,C-5A,0,true,,,9999
SAEJ,STRATEGIC,CH47,0,true,,,0
SAEJ,STRATEGIC,KC-10,0,true,,,9999
SBDQ,STRATEGIC,B-747P,0,true,,,9999
SBDQ,STRATEGIC,C-17,0,true,,,9999
SBDQ,STRATEGIC,C-5A,0,true,,,9999
SBDQ,STRATEGIC,CH47,0,true,,,0
SBDQ,STRATEGIC,KC-10,0,true,,,9999
SBDW,STRATEGIC,B-747P,0,true,,,0
SBDW,STRATEGIC,C-17,0,true,,,0
SBDW,STRATEGIC,C-5A,0,true,,,0
SBDW,STRATEGIC,CH47,0,true,,,0
SBDW,STRATEGIC,KC-10,0,true,,,0
SCEY,STRATEGIC,B-747P,0,true,,,0
SCEY,STRATEGIC,C-17,0,true,,,0
SCEY,STRATEGIC,C-5A,0,true,,,0
SCEY,STRATEGIC,CH47,0,true,,,0
SCEY,STRATEGIC,KC-10,0,true,,,0
SEA1,STRATEGIC,B-747P,0,true,,,0
SEA1,STRATEGIC,C-17,0,true,,,0
SEA1,STRATEGIC,C-5A,0,true,,,0
SEA1,STRATEGIC,CH47,0,true,,,0
SEA1,STRATEGIC,KC-10,0,true,,,0
SFPH,STRATEGIC,B-747P,0,true,,,9999
SFPH,STRATEGIC,C-17,0,true,,,9999
SFPH,STRATEGIC,C-5A,0,true,,,9999
SFPH,STRATEGIC,CH47,0,true,,,0
SFPH,STRATEGIC,KC-10,0,true,,,9999
SGBP,STRATEGIC,B-747P,0,true,,,0
SGBP,STRATEGIC,C-17,0,true,,,0
SGBP,STRATEGIC,C-5A,0,true,,,0
SGBP,STRATEGIC,CH47,0,true,,,0
SGBP,STRATEGIC,KC-10,0,true,,,0
SGPA,STRATEGIC,B-747P,0,true,,,9999
SGPA,STRATEGIC,C-17,0,true,,,9999
SGPA,STRATEGIC,C-5A,0,true,,,9999
SGPA,STRATEGIC,CH47,0,true,,,0
SGPA,STRATEGIC,KC-10,0,true,,,9999
SHA5,STRATEGIC,B-747P,0,true,,,9999
SHA5,STRATEGIC,C-17,0,true,,,9999
SHA5,STRATEGIC,C-5A,0,true,,,9999
SHA5,STRATEGIC,CH47,0,true,,,0
SHA5,STRATEGIC,KC-10,0,true,,,9999
SHAR,STRATEGIC,B-747P,0,true,,,9999
SHAR,STRATEGIC,C-17,0,true,,,9999
SHAR,STRATEGIC,C-5A,0,true,,,9999
SHAR,STRATEGIC,CH47,0,true,,,0
SHAR,STRATEGIC,KC-10,0,true,,,9999
SHCZ,STRATEGIC,B-747P,0,true,,,9999
SHCZ,STRATEGIC,C-17,0,true,,,9999
SHCZ,STRATEGIC,C-5A,0,true,,,9999
SHCZ,STRATEGIC,CH47,0,true,,,0
SHCZ,STRATEGIC,KC-10,0,true,,,9999
SHYQ,STRATEGIC,B-747P,0,true,,,0
SHYQ,STRATEGIC,C-17,0,true,,,0
SHYQ,STRATEGIC,C-5A,0,true,,,0
SHYQ,STRATEGIC,CH47,0,true,,,0
SHYQ,STRATEGIC,KC-10,0,true,,,0
SKKA,STRATEGIC,B-747P,0,true,,,9999
SKKA,STRATEGIC,C-17,0,true,,,9999
SKKA,STRATEGIC,C-5A,0,true,,,9999
SKKA,STRATEGIC,CH47,0,true,,,0
SKKA,STRATEGIC,KC-10,0,true,,,9999
SMYU,STRATEGIC,B-747P,0,true,,,0
SMYU,STRATEGIC,C-17,0,true,,,0
SMYU,STRATEGIC,C-5A,0,true,,,0
SMYU,STRATEGIC,CH47,0,true,,,0
SMYU,STRATEGIC,KC-10,0,true,,,0
SPBN,STRATEGIC,B-747P,0,true,,,9999
SPBN,STRATEGIC,C-17,0,true,,,9999
SPBN,STRATEGIC,C-5A,0,true,,,9999
SPBN,STRATEGIC,CH47,0,true,,,0
SPBN,STRATEGIC,KC-10,0,true,,,9999
STDF,STRATEGIC,B-747P,0,true,,,9999
STDF,STRATEGIC,C-17,0,true,,,9999
STDF,STRATEGIC,C-5A,0,true,,,9999
STDF,STRATEGIC,CH47,0,true,,,0
STDF,STRATEGIC,KC-10,0,true,,,9999
STRL,STRATEGIC,B-747P,0,true,,,0
STRL,STRATEGIC,C-17,0,true,,,0
STRL,STRATEGIC,C-5A,0,true,,,0
STRL,STRATEGIC,CH47,0,true,,,0
STRL,STRATEGIC,KC-10,0,true,,,0
STXG,STRATEGIC,B-747P,0,true,,,9999
STXG,STRATEGIC,C-17,0,true,,,9999
STXG,STRATEGIC,C-5A,0,true,,,9999
STXG,STRATEGIC,CH47,0,true,,,0
STXG,STRATEGIC,KC-10,0,true,,,9999
SXHT,STRATEGIC,B-747P,0,true,,,0
SXHT,STRATEGIC,C-17,0,true,,,0
SXHT,STRATEGIC,C-5A,0,true,,,0
SXHT,STRATEGIC,CH47,0,true,,,0
SXHT,STRATEGIC,KC-10,0,true,,,0
SYCM,STRATEGIC,B-747P,0,true,,,9999
SYCM,STRATEGIC,C-17,0,true,,,9999
SYCM,STRATEGIC,C-5A,0,true,,,9999
SYCM,STRATEGIC,CH47,0,true,,,0
SYCM,STRATEGIC,KC-10,0,true,,,9999
SZDT,STRATEGIC,B-747P,0,true,,,9999
SZDT,STRATEGIC,C-17,0,true,,,9999
SZDT,STRATEGIC,C-5A,0,true,,,9999
SZDT,STRATEGIC,CH47,0,true,,,0
SZDT,STRATEGIC,KC-10,0,true,,,9999
SZTN,STRATEGIC,B-747P,0,true,,,9999
SZTN,STRATEGIC,C-17,0,true,,,9999
SZTN,STRATEGIC,C-5A,0,true,,,9999
SZTN,STRATEGIC,CH47,0,true,,,0
SZTN,STRATEGIC,KC-10,0,true,,,9999
TAXU,STRATEGIC,B-747P,0,true,,,9999
TAXU,STRATEGIC,C-17,0,true,,,9999
TAXU,STRATEGIC,C-5A,0,true,,,9999
TAXU,STRATEGIC,CH47,0,true,,,0
TAXU,STRATEGIC,KC-10,0,true,,,9999
TDHV,STRATEGIC,B-747P,0,true,,,0
TDHV,STRATEGIC,C-17,0,true,,,0
TDHV,STRATEGIC,C-5A,0,true,,,0
TDHV,STRATEGIC,CH47,0,true,,,0
TDHV,STRATEGIC,KC-10,0,true,,,0
TDKA,STRATEGIC,B-747P,0,true,,,9999
TDKA,STRATEGIC,C-17,0,true,,,9999
TDKA,STRATEGIC,C-5A,0,true,,,9999
TDKA,STRATEGIC,CH47,0,true,,,0
TDKA,STRATEGIC,KC-10,0,true,,,9999
TDXG,STRATEGIC,B-747P,0,true,,,9999
TDXG,STRATEGIC,C-17,0,true,,,9999
TDXG,STRATEGIC,C-5A,0,true,,,9999
TDXG,STRATEGIC,CH47,0,true,,,0
TDXG,STRATEGIC,KC-10,0,true,,,9999
TFMT,STRATEGIC,B-747P,0,true,,,9999
TFMT,STRATEGIC,C-17,0,true,,,9999
TFMT,STRATEGIC,C-5A,0,true,,,9999
TFMT,STRATEGIC,CH47,0,true,,,0
TFMT,STRATEGIC,KC-10,0,true,,,9999
THWA,STRATEGIC,B-747P,0,true,,,0
THWA,STRATEGIC,C-17,0,true,,,0
THWA,STRATEGIC,C-5A,0,true,,,0
THWA,STRATEGIC,CH47,0,true,,,0
THWA,STRATEGIC,KC-10,0,true,,,0
TKXA,STRATEGIC,B-747P,0,true,,,0
TKXA,STRATEGIC,C-17,0,true,,,0
TKXA,STRATEGIC,C-5A,0,true,,,0
TKXA,STRATEGIC,CH47,0,true,,,0
TKXA,STRATEGIC,KC-10,0,true,,,0
TMKH,STRATEGIC,B-747P,0,true,,,0
TMKH,STRATEGIC,C-17,0,true,,,0
TMKH,STRATEGIC,C-5A,0,true,,,0
TMKH,STRATEGIC,CH47,0,true,,,0
TMKH,STRATEGIC,KC-10,0,true,,,0
TPAL,STRATEGIC,B-747P,0,true,,,9999
TPAL,STRATEGIC,C-17,0,true,,,9999
TPAL,STRATEGIC,C-5A,0,true,,,9999
TPAL,STRATEGIC,CH47,0,true,,,0
TPAL,STRATEGIC,KC-10,0,true,,,9999
TQKD,STRATEGIC,B-747P,0,true,,,9999
TQKD,STRATEGIC,C-17,0,true,,,9999
TQKD,STRATEGIC,C-5A,0,true,,,9999
TQKD,STRATEGIC,CH47,0,true,,,0
TQKD,STRATEGIC,KC-10,0,true,,,9999
TWAC,STRATEGIC,B-747P,0,true,,,9999
TWAC,STRATEGIC,C-17,0,true,,,9999
TWAC,STRATEGIC,C-5A,0,true,,,9999
TWAC,STRATEGIC,CH47,0,true,,,0
TWAC,STRATEGIC,KC-10,0,true,,,9999
TWLR,STRATEGIC,B-747P,0,true,,,9999
TWLR,STRATEGIC,C-17,0,true,,,9999
TWLR,STRATEGIC,C-5A,0,true,,,9999
TWLR,STRATEGIC,CH47,0,true,,,0
TWLR,STRATEGIC,KC-10,0,true,,,9999
TXCE,STRATEGIC,B-747P,0,true,,,9999
TXCE,STRATEGIC,C-17,0,true,,,9999
TXCE,STRATEGIC,C-5A,0,true,,,9999
TXCE,STRATEGIC,CH47,0,true,,,0
TXCE,STRATEGIC,KC-10,0,true,,,9999
TYFR,STRATEGIC,B-747P,0,true,,,0
TYFR,STRATEGIC,C-17,0,true,,,0
TYFR,STRATEGIC,C-5A,0,true,,,0
TYFR,STRATEGIC,CH47,0,true,,,0
TYFR,STRATEGIC,KC-10,0,true,,,0
TYMX,STRATEGIC,B-747P,0,true,,,9999
TYMX,STRATEGIC,C-17,0,true,,,9999
TYMX,STRATEGIC,C-5A,0,true,,,9999
TYMX,STRATEGIC,CH47,0,true,,,0
TYMX,STRATEGIC,KC-10,0,true,,,9999
UABY,STRATEGIC,B-747P,0,true,,,9999
UABY,STRATEGIC,C-17,0,true,,,9999
UABY,STRATEGIC,C-5A,0,true,,,9999
UABY,STRATEGIC,CH47,0,true,,,0
UABY,STRATEGIC,KC-10,0,true,,,9999
UBHP,STRATEGIC,B-747P,0,true,,,9999
UBHP,STRATEGIC,C-17,0,true,,,9999
UBHP,STRATEGIC,C-5A,0,true,,,9999
UBHP,STRATEGIC,CH47,0,true,,,0
UBHP,STRATEGIC,KC-10,0,true,,,9999
UBNS,STRATEGIC,B-747P,0,true,,,9999
UBNS,STRATEGIC,C-17,0,true,,,9999
UBNS,STRATEGIC,C-5A,0,true,,,9999
UBNS,STRATEGIC,CH47,0,true,,,0
UBNS,STRATEGIC,KC-10,0,true,,,9999
UCTL,STRATEGIC,B-747P,0,true,,,9999
UCTL,STRATEGIC,C-17,0,true,,,9999
UCTL,STRATEGIC,C-5A,0,true,,,9999
UCTL,STRATEGIC,CH47,0,true,,,0
UCTL,STRATEGIC,KC-10,0,true,,,9999
UEBL,STRATEGIC,B-747P,0,true,,,9999
UEBL,STRATEGIC,C-17,0,true,,,9999
UEBL,STRATEGIC,C-5A,0,true,,,9999
UEBL,STRATEGIC,CH47,0,true,,,0
UEBL,STRATEGIC,KC-10,0,true,,,9999
UGCF,STRATEGIC,B-747P,0,true,,,9999
UGCF,STRATEGIC,C-17,0,true,,,9999
UGCF,STRATEGIC,C-5A,0,true,,,9999
UGCF,STRATEGIC,CH47,0,true,,,0
UGCF,STRATEGIC,KC-10,0,true,,,9999
UGZX,STRATEGIC,B-747P,0,true,,,0
UGZX,STRATEGIC,C-17,0,true,,,0
UGZX,STRATEGIC,C-5A,0,true,,,0
UGZX,STRATEGIC,CH47,0,true,,,0
UGZX,STRATEGIC,KC-10,0,true,,,0
UHCE,STRATEGIC,B-747P,0,true,,,9999
UHCE,STRATEGIC,C-17,0,true,,,9999
UHCE,STRATEGIC,C-5A,0,true,,,9999
UHCE,STRATEGIC,CH47,0,true,,,0
UHCE,STRATEGIC,KC-10,0,true,,,9999
UHGN,STRATEGIC,B-747P,0,true,,,0
UHGN,STRATEGIC,C-17,0,true,,,0
UHGN,STRATEGIC,C-5A,0,true,,,0
UHGN,STRATEGIC,CH47,0,true,,,0
UHGN,STRATEGIC,KC-10,0,true,,,0
UHHZ,STRATEGIC,B-747P,0,true,,,0
UHHZ,STRATEGIC,C-17,0,true,,,0
UHHZ,STRATEGIC,C-5A,0,true,,,0
UHHZ,STRATEGIC,CH47,0,true,,,0
UHHZ,STRATEGIC,KC-10,0,true,,,0
ULLT,STRATEGIC,B-747P,0,true,,,0
ULLT,STRATEGIC,C-17,0,true,,,0
ULLT,STRATEGIC,C-5A,0,true,,,0
ULLT,STRATEGIC,CH47,0,true,,,0
ULLT,STRATEGIC,KC-10,0,true,,,0
ULYB,STRATEGIC,B-747P,0,true,,,9999
ULYB,STRATEGIC,C-17,0,true,,,9999
ULYB,STRATEGIC,C-5A,0,true,,,9999
ULYB,STRATEGIC,CH47,0,true,,,0
ULYB,STRATEGIC,KC-10,0,true,,,9999
UMLH,STRATEGIC,B-747P,0,true,,,9999
UMLH,STRATEGIC,C-17,0,true,,,9999
UMLH,STRATEGIC,C-5A,0,true,,,9999
UMLH,STRATEGIC,CH47,0,true,,,0
UMLH,STRATEGIC,KC-10,0,true,,,9999
UMXB,STRATEGIC,B-747P,0,true,,,0
UMXB,STRATEGIC,C-17,0,true,,,0
UMXB,STRATEGIC,C-5A,0,true,,,0
UMXB,STRATEGIC,CH47,0,true,,,0
UMXB,STRATEGIC,KC-10,0,true,,,0
USEB,STRATEGIC,B-747P,0,true,,,9999
USEB,STRATEGIC,C-17,0,true,,,9999
USEB,STRATEGIC,C-5A,0,true,,,9999
USEB,STRATEGIC,CH47,0,true,,,0
USEB,STRATEGIC,KC-10,0,true,,,9999
USQP,STRATEGIC,B-747P,0,true,,,9999
USQP,STRATEGIC,C-17,0,true,,,9999
USQP,STRATEGIC,C-5A,0,true,,,9999
USQP,STRATEGIC,CH47,0,true,,,0
USQP,STRATEGIC,KC-10,0,true,,,9999
UTKY,STRATEGIC,B-747P,0,true,,,9999
UTKY,STRATEGIC,C-17,0,true,,,9999
UTKY,STRATEGIC,C-5A,0,true,,,9999
UTKY,STRATEGIC,CH47,0,true,,,0
UTKY,STRATEGIC,KC-10,0,true,,,9999
UTSE,STRATEGIC,B-747P,0,true,,,9999
UTSE,STRATEGIC,C-17,0,true,,,9999
UTSE,STRATEGIC,C-5A,0,true,,,9999
UTSE,STRATEGIC,CH47,0,true,,,0
UTSE,STRATEGIC,KC-10,0,true,,,9999
UWDE,STRATEGIC,B-747P,0,true,,,9999
UWDE,STRATEGIC,C-17,0,true,,,9999
UWDE,STRATEGIC,C-5A,0,true,,,9999
UWDE,STRATEGIC,CH47,0,true,,,0
UWDE,STRATEGIC,KC-10,0,true,,,9999
UWDG,STRATEGIC,B-747P,0,true,,,9999
UWDG,STRATEGIC,C-17,0,true,,,9999
UWDG,STRATEGIC,C-5A,0,true,,,9999
UWDG,STRATEGIC,CH47,0,true,,,0
UWDG,STRATEGIC,KC-10,0,true,,,9999
UZXM,STRATEGIC,B-747P,0,true,,,9999
UZXM,STRATEGIC,C-17,0,true,,,9999
UZXM,STRATEGIC,C-5A,0,true,,,9999
UZXM,STRATEGIC,CH47,0,true,,,0
UZXM,STRATEGIC,KC-10,0,true,,,9999
UZYJ,STRATEGIC,B-747P,0,true,,,9999
UZYJ,STRATEGIC,C-17,0,true,,,9999
UZYJ,STRATEGIC,C-5A,0,true,,,9999
UZYJ,STRATEGIC,CH47,0,true,,,0
UZYJ,STRATEGIC,KC-10,0,true,,,9999
VBDZ,STRATEGIC,B-747P,0,true,,,9999
VBDZ,STRATEGIC,C-17,0,true,,,9999
VBDZ,STRATEGIC,C-5A,0,true,,,9999
VBDZ,STRATEGIC,CH47,0,true,,,0
VBDZ,STRATEGIC,KC-10,0,true,,,9999
VDYD,STRATEGIC,B-747P,0,true,,,0
VDYD,STRATEGIC,C-17,0,true,,,0
VDYD,STRATEGIC,C-5A,0,true,,,0
VDYD,STRATEGIC,CH47,0,true,,,0
VDYD,STRATEGIC,KC-10,0,true,,,0
VFUL,STRATEGIC,B-747P,0,true,,,9999
VFUL,STRATEGIC,C-17,0,true,,,9999
VFUL,STRATEGIC,C-5A,0,true,,,9999
VFUL,STRATEGIC,CH47,0,true,,,0
VFUL,STRATEGIC,KC-10,0,true,,,9999
VFZM,STRATEGIC,B-747P,0,true,,,9999
VFZM,STRATEGIC,C-17,0,true,,,9999
VFZM,STRATEGIC,C-5A,0,true,,,9999
VFZM,STRATEGIC,CH47,0,true,,,0
VFZM,STRATEGIC,KC-10,0,true,,,9999
VGHV,STRATEGIC,B-747P,0,true,,,0
VGHV,STRATEGIC,C-17,0,true,,,0
VGHV,STRATEGIC,C-5A,0,true,,,0
VGHV,STRATEGIC,CH47,0,true,,,0
VGHV,STRATEGIC,KC-10,0,true,,,0
VGLZ,STRATEGIC,B-747P,0,true,,,9999
VGLZ,STRATEGIC,C-17,0,true,,,9999
VGLZ,STRATEGIC,C-5A,0,true,,,9999
VGLZ,STRATEGIC,CH47,0,true,,,0
VGLZ,STRATEGIC,KC-10,0,true,,,9999
VHRJ,STRATEGIC,B-747P,0,true,,,9999
VHRJ,STRATEGIC,C-17,0,true,,,9999
VHRJ,STRATEGIC,C-5A,0,true,,,9999
VHRJ,STRATEGIC,CH47,0,true,,,0
VHRJ,STRATEGIC,KC-10,0,true,,,9999
VKAG,STRATEGIC,B-747P,0,true,,,0
VKAG,STRATEGIC,C-17,0,true,,,0
VKAG,STRATEGIC,C-5A,0,true,,,0
VKAG,STRATEGIC,CH47,0,true,,,0
VKAG,STRATEGIC,KC-10,0,true,,,0
VLSB,STRATEGIC,B-747P,0,true,,,0
VLSB,STRATEGIC,C-17,0,true,,,0
VLSB,STRATEGIC,C-5A,0,true,,,0
VLSB,STRATEGIC,CH47,0,true,,,0
VLSB,STRATEGIC,KC-10,0,true,,,0
VNVP,STRATEGIC,B-747P,0,true,,,9999
VNVP,STRATEGIC,C-17,0,true,,,9999
VNVP,STRATEGIC,C-5A,0,true,,,9999
VNVP,STRATEGIC,CH47,0,true,,,0
VNVP,STRATEGIC,KC-10,0,true,,,9999
VRJT,STRATEGIC,B-747P,0,true,,,0
VRJT,STRATEGIC,C-17,0,true,,,0
VRJT,STRATEGIC,C-5A,0,true,,,0
VRJT,STRATEGIC,CH47,0,true,,,0
VRJT,STRATEGIC,KC-10,0,true,,,0
VSFP,STRATEGIC,B-747P,0,true,,,9999
VSFP,STRATEGIC,C-17,0,true,,,9999
VSFP,STRATEGIC,C-5A,0,true,,,9999
VSFP,STRATEGIC,CH47,0,true,,,0
VSFP,STRATEGIC,KC-10,0,true,,,9999
VSMR,STRATEGIC,B-747P,0,true,,,0
VSMR,STRATEGIC,C-17,0,true,,,0
VSMR,STRATEGIC,C-5A,0,true,,,0
VSMR,STRATEGIC,CH47,0,true,,,0
VSMR,STRATEGIC,KC-10,0,true,,,0
VSSB,STRATEGIC,B-747P,0,true,,,9999
VSSB,STRATEGIC,C-17,0,true,,,9999
VSSB,STRATEGIC,C-5A,0,true,,,9999
VSSB,STRATEGIC,CH47,0,true,,,0
VSSB,STRATEGIC,KC-10,0,true,,,9999
VTNB,STRATEGIC,B-747P,0,true,,,9999
VTNB,STRATEGIC,C-17,0,true,,,9999
VTNB,STRATEGIC,C-5A,0,true,,,9999
VTNB,STRATEGIC,CH47,0,true,,,0
VTNB,STRATEGIC,KC-10,0,true,,,9999
VUKL,STRATEGIC,B-747P,0,true,,,9999
VUKL,STRATEGIC,C-17,0,true,,,9999
VUKL,STRATEGIC,C-5A,0,true,,,9999
VUKL,STRATEGIC,CH47,0,true,,,0
VUKL,STRATEGIC,KC-10,0,true,,,9999
VVRK,STRATEGIC,B-747P,0,true,,,9999
VVRK,STRATEGIC,C-17,0,true,,,9999
VVRK,STRATEGIC,C-5A,0,true,,,9999
VVRK,STRATEGIC,CH47,0,true,,,0
VVRK,STRATEGIC,KC-10,0,true,,,9999
VWLB,STRATEGIC,B-747P,0,true,,,0
VWLB,STRATEGIC,C-17,0,true,,,0
VWLB,STRATEGIC,C-5A,0,true,,,0
VWLB,STRATEGIC,CH47,0,true,,,0
VWLB,STRATEGIC,KC-10,0,true,,,0
VXTM,STRATEGIC,B-747P,0,true,,,9999
VXTM,STRATEGIC,C-17,0,true,,,9999
VXTM,STRATEGIC,C-5A,0,true,,,9999
VXTM,STRATEGIC,CH47,0,true,,,0
VXTM,STRATEGIC,KC-10,0,true,,,9999
VYFJ,STRATEGIC,B-747P,0,true,,,9999
VYFJ,STRATEGIC,C-17,0,true,,,9999
VYFJ,STRATEGIC,C-5A,0,true,,,9999
VYFJ,STRATEGIC,CH47,0,true,,,0
VYFJ,STRATEGIC,KC-10,0,true,,,9999
VYHK,STRATEGIC,B-747P,0,true,,,0
VYHK,STRATEGIC,C-17,0,true,,,0
VYHK,STRATEGIC,C-5A,0,true,,,0
VYHK,STRATEGIC,CH47,0,true,,,0
VYHK,STRATEGIC,KC-10,0,true,,,0
VZAS,STRATEGIC,B-747P,0,true,,,9999
VZAS,STRATEGIC,C-17,0,true,,,9999
VZAS,STRATEGIC,C-5A,0,true,,,9999
VZAS,STRATEGIC,CH47,0,true,,,0
VZAS,STRATEGIC,KC-10,0,true,,,9999
VZBT,STRATEGIC,B-747P,0,true,,,9999
VZBT,STRATEGIC,C-17,0,true,,,9999
VZBT,STRATEGIC,C-5A,0,true,,,9999
VZBT,STRATEGIC,CH47,0,true,,,0
VZBT,STRATEGIC,KC-10,0,true,,,9999
VZCR,STRATEGIC,B-747P,0,true,,,9999
VZCR,STRATEGIC,C-17,0,true,,,9999
VZCR,STRATEGIC,C-5A,0,true,,,9999
VZCR,STRATEGIC,CH47,0,true,,,0
VZCR,STRATEGIC,KC-10,0,true,,,9999
VZXY,STRATEGIC,B-747P,0,true,,,9999
VZXY,STRATEGIC,C-17,0,true,,,9999
VZXY,STRATEGIC,C-5A,0,true,,,9999
VZXY,STRATEGIC,CH47,0,true,,,0
VZXY,STRATEGIC,KC-10,0,true,,,9999
WAAR,STRATEGIC,B-747P,0,true,,,9999
WAAR,STRATEGIC,C-17,0,true,,,9999
WAAR,STRATEGIC,C-5A,0,true,,,9999
WAAR,STRATEGIC,CH47,0,true,,,0
WAAR,STRATEGIC,KC-10,0,true,,,9999
WAAZ,STRATEGIC,B-747P,0,true,,,9999
WAAZ,STRATEGIC,C-17,0,true,,,9999
WAAZ,STRATEGIC,C-5A,0,true,,,9999
WAAZ,STRATEGIC,CH47,0,true,,,0
WAAZ,STRATEGIC,KC-10,0,true,,,9999
WEAS,STRATEGIC,B-747P,0,true,,,0
WEAS,STRATEGIC,C-17,0,true,,,0
WEAS,STRATEGIC,C-5A,0,true,,,0
WEAS,STRATEGIC,CH47,0,true,,,0
WEAS,STRATEGIC,KC-10,0,true,,,0
WERS,STRATEGIC,B-747P,0,true,,,9999
WERS,STRATEGIC,C-17,0,true,,,9999
WERS,STRATEGIC,C-5A,0,true,,,9999
WERS,STRATEGIC,CH47,0,true,,,0
WERS,STRATEGIC,KC-10,0,true,,,9999
WFGE,STRATEGIC,B-747P,0,true,,,9999
WFGE,STRATEGIC,C-17,0,true,,,9999
WFGE,STRATEGIC,C-5A,0,true,,,9999
WFGE,STRATEGIC,CH47,0,true,,,0
WFGE,STRATEGIC,KC-10,0,true,,,9999
WHAY,STRATEGIC,B-747P,0,true,,,9999
WHAY,STRATEGIC,C-17,0,true,,,9999
WHAY,STRATEGIC,C-5A,0,true,,,9999
WHAY,STRATEGIC,CH47,0,true,,,0
WHAY,STRATEGIC,KC-10,0,true,,,9999
WJAE,STRATEGIC,B-747P,0,true,,,9999
WJAE,STRATEGIC,C-17,0,true,,,9999
WJAE,STRATEGIC,C-5A,0,true,,,9999
WJAE,STRATEGIC,CH47,0,true,,,0
WJAE,STRATEGIC,KC-10,0,true,,,9999
WKVB,STRATEGIC,B-747P,0,true,,,9999
WKVB,STRATEGIC,C-17,0,true,,,9999
WKVB,STRATEGIC,C-5A,0,true,,,9999
WKVB,STRATEGIC,CH47,0,true,,,0
WKVB,STRATEGIC,KC-10,0,true,,,9999
WRLK,STRATEGIC,B-747P,0,true,,,9999
WRLK,STRATEGIC,C-17,0,true,,,9999
WRLK,STRATEGIC,C-5A,0,true,,,9999
WRLK,STRATEGIC,CH47,0,true,,,0
WRLK,STRATEGIC,KC-10,0,true,,,9999
WSVC,STRATEGIC,B-747P,0,true,,,0
WSVC,STRATEGIC,C-17,0,true,,,0
WSVC,STRATEGIC,C-5A,0,true,,,0
WSVC,STRATEGIC,CH47,0,true,,,0
WSVC,STRATEGIC,KC-10,0,true,,,0
WWYK,STRATEGIC,B-747P,0,true,,,0
WWYK,STRATEGIC,C-17,0,true,,,0
WWYK,STRATEGIC,C-5A,0,true,,,0
WWYK,STRATEGIC,CH47,0,true,,,0
WWYK,STRATEGIC,KC-10,0,true,,,0
WYTD,STRATEGIC,B-747P,0,true,,,9999
WYTD,STRATEGIC,C-17,0,true,,,9999
WYTD,STRATEGIC,C-5A,0,true,,,9999
WYTD,STRATEGIC,CH47,0,true,,,0
WYTD,STRATEGIC,KC-10,0,true,,,9999
XBGX,STRATEGIC,B-747P,0,true,,,0
XBGX,STRATEGIC,C-17,0,true,,,0
XBGX,STRATEGIC,C-5A,0,true,,,0
XBGX,STRATEGIC,CH47,0,true,,,0
XBGX,STRATEGIC,KC-10,0,true,,,0
XCQN,STRATEGIC,B-747P,0,true,,,9999
XCQN,STRATEGIC,C-17,0,true,,,9999
XCQN,STRATEGIC,C-5A,0,true,,,9999
XCQN,STRATEGIC,CH47,0,true,,,0
XCQN,STRATEGIC,KC-10,0,true,,,9999
XDAT,STRATEGIC,B-747P,0,true,,,0
XDAT,STRATEGIC,C-17,0,true,,,0
XDAT,STRATEGIC,C-5A,0,true,,,0
XDAT,STRATEGIC,CH47,0,true,,,0
XDAT,STRATEGIC,KC-10,0,true,,,0
XDQU,STRATEGIC,B-747P,0,true,,,9999
XDQU,STRATEGIC,C-17,0,true,,,9999
XDQU,STRATEGIC,C-5A,0,true,,,9999
XDQU,STRATEGIC,CH47,0,true,,,0
XDQU,STRATEGIC,KC-10,0,true,,,9999
XGFG,STRATEGIC,B-747P,0,true,,,9999
XGFG,STRATEGIC,C-17,0,true,,,9999
XGFG,STRATEGIC,C-5A,0,true,,,9999
XGFG,STRATEGIC,CH47,0,true,,,0
XGFG,STRATEGIC,KC-10,0,true,,,9999
XHEA,STRATEGIC,B-747P,0,true,,,9999
XHEA,STRATEGIC,C-17,0,true,,,9999
XHEA,STRATEGIC,C-5A,0,true,,,9999
XHEA,STRATEGIC,CH47,0,true,,,0
XHEA,STRATEGIC,KC-10,0,true,,,9999
XHZG,STRATEGIC,B-747P,0,true,,,9999
XHZG,STRATEGIC,C-17,0,true,,,9999
XHZG,STRATEGIC,C-5A,0,true,,,9999
XHZG,STRATEGIC,CH47,0,true,,,0
XHZG,STRATEGIC,KC-10,0,true,,,9999
XJJD,STRATEGIC,B-747P,0,true,,,9999
XJJD,STRATEGIC,C-17,0,true,,,9999
XJJD,STRATEGIC,C-5A,0,true,,,9999
XJJD,STRATEGIC,CH47,0,true,,,0
XJJD,STRATEGIC,KC-10,0,true,,,9999
XLEW,STRATEGIC,B-747P,0,true,,,9999
XLEW,STRATEGIC,C-17,0,true,,,9999
XLEW,STRATEGIC,C-5A,0,true,,,9999
XLEW,STRATEGIC,CH47,0,true,,,0
XLEW,STRATEGIC,KC-10,0,true,,,9999
XLWU,STRATEGIC,B-747P,0,true,,,0
XLWU,STRATEGIC,C-17,0,true,,,0
XLWU,STRATEGIC,C-5A,0,true,,,0
XLWU,STRATEGIC,CH47,0,true,,,0
XLWU,STRATEGIC,KC-10,0,true,,,0
XNSM,STRATEGIC,B-747P,0,true,,,9999
XNSM,STRATEGIC,C-17,0,true,,,9999
XNSM,STRATEGIC,C-5A,0,true,,,9999
XNSM,STRATEGIC,CH47,0,true,,,0
XNSM,STRATEGIC,KC-10,0,true,,,9999
XQDT,STRATEGIC,B-747P,0,true,,,0
XQDT,STRATEGIC,C-17,0,true,,,0
XQDT,STRATEGIC,C-5A,0,true,,,0
XQDT,STRATEGIC,CH47,0,true,,,0
XQDT,STRATEGIC,KC-10,0,true,,,0
XTBT,STRATEGIC,B-747P,0,true,,,9999
XTBT,STRATEGIC,C-17,0,true,,,9999
XTBT,STRATEGIC,C-5A,0,true,,,9999
XTBT,STRATEGIC,CH47,0,true,,,0
XTBT,STRATEGIC,KC-10,0,true,,,9999
XTLF,STRATEGIC,B-747P,0,true,,,9999
XTLF,STRATEGIC,C-17,0,true,,,9999
XTLF,STRATEGIC,C-5A,0,true,,,9999
XTLF,STRATEGIC,CH47,0,true,,,0
XTLF,STRATEGIC,KC-10,0,true,,,9999
XUMU,STRATEGIC,B-747P,0,true,,,0
XUMU,STRATEGIC,C-17,0,true,,,0
XUMU,STRATEGIC,C-5A,0,true,,,0
XUMU,STRATEGIC,CH47,0,true,,,0
XUMU,STRATEGIC,KC-10,0,true,,,0
XZPR,STRATEGIC,B-747P,0,true,,,9999
XZPR,STRATEGIC,C-17,0,true,,,9999
XZPR,STRATEGIC,C-5A,0,true,,,9999
XZPR,STRATEGIC,CH47,0,true,,,0
XZPR,STRATEGIC,KC-10,0,true,,,9999
YAQF,STRATEGIC,B-747P,0,true,,,0
YAQF,STRATEGIC,C-17,0,true,,,0
YAQF,STRATEGIC,C-5A,0,true,,,0
YAQF,STRATEGIC,CH47,0,true,,,0
YAQF,STRATEGIC,KC-10,0,true,,,0
YEQW,STRATEGIC,B-747P,0,true,,,9999
YEQW,STRATEGIC,C-17,0,true,,,9999
YEQW,STRATEGIC,C-5A,0,true,,,9999
YEQW,STRATEGIC,CH47,0,true,,,0
YEQW,STRATEGIC,KC-10,0,true,,,9999
YFXQ,STRATEGIC,B-747P,0,true,,,9999
YFXQ,STRATEGIC,C-17,0,true,,,9999
YFXQ,STRATEGIC,C-5A,0,true,,,9999
YFXQ,STRATEGIC,CH47,0,true,,,0
YFXQ,STRATEGIC,KC-10,0,true,,,9999
YMGC,STRATEGIC,B-747P,0,true,,,9999
YMGC,STRATEGIC,C-17,0,true,,,9999
YMGC,STRATEGIC,C-5A,0,true,,,9999
YMGC,STRATEGIC,CH47,0,true,,,0
YMGC,STRATEGIC,KC-10,0,true,,,9999
YMXZ,STRATEGIC,B-747P,0,true,,,9999
YMXZ,STRATEGIC,C-17,0,true,,,9999
YMXZ,STRATEGIC,C-5A,0,true,,,9999
YMXZ,STRATEGIC,CH47,0,true,,,0
YMXZ,STRATEGIC,KC-10,0,true,,,9999
YRLZ,STRATEGIC,B-747P,0,true,,,9999
YRLZ,STRATEGIC,C-17,0,true,,,9999
YRLZ,STRATEGIC,C-5A,0,true,,,9999
YRLZ,STRATEGIC,CH47,0,true,,,0
YRLZ,STRATEGIC,KC-10,0,true,,,9999
YTPM,STRATEGIC,B-747P,0,true,,,0
YTPM,STRATEGIC,C-17,0,true,,,0
YTPM,STRATEGIC,C-5A,0,true,,,0
YTPM,STRATEGIC,CH47,0,true,,,0
YTPM,STRATEGIC,KC-10,0,true,,,0
YUAC,STRATEGIC,B-747P,0,true,,,9999
YUAC,STRATEGIC,C-17,0,true,,,9999
YUAC,STRATEGIC,C-5A,0,true,,,9999
YUAC,STRATEGIC,CH47,0,true,,,0
YUAC,STRATEGIC,KC-10,0,true,,,9999
YVEW,STRATEGIC,B-747P,0,true,,,9999
YVEW,STRATEGIC,C-17,0,true,,,9999
YVEW,STRATEGIC,C-5A,0,true,,,9999
YVEW,STRATEGIC,CH47,0,true,,,0
YVEW,STRATEGIC,KC-10,0,true,,,9999
YVGQ,STRATEGIC,B-747P,0,true,,,9999
YVGQ,STRATEGIC,C-17,0,true,,,9999
YVGQ,STRATEGIC,C-5A,0,true,,,9999
YVGQ,STRATEGIC,CH47,0,true,,,0
YVGQ,STRATEGIC,KC-10,0,true,,,9999
YVPG,STRATEGIC,B-747P,0,true,,,9999
YVPG,STRATEGIC,C-17,0,true,,,9999
YVPG,STRATEGIC,C-5A,0,true,,,9999
YVPG,STRATEGIC,CH47,0,true,,,0
YVPG,STRATEGIC,KC-10,0,true,,,9999
YWHG,STRATEGIC,B-747P,0,true,,,0
YWHG,STRATEGIC,C-17,0,true,,,0
YWHG,STRATEGIC,C-5A,0,true,,,0
YWHG,STRATEGIC,CH47,0,true,,,0
YWHG,STRATEGIC,KC-10,0,true,,,0
YXKB,STRATEGIC,B-747P,0,true,,,9999
YXKB,STRATEGIC,C-17,0,true,,,9999
YXKB,STRATEGIC,C-5A,0,true,,,9999
YXKB,STRATEGIC,CH47,0,true,,,0
YXKB,STRATEGIC,KC-10,0,true,,,9999
YZEU,STRATEGIC,B-747P,0,true,,,9999
YZEU,STRATEGIC,C-17,0,true,,,9999
YZEU,STRATEGIC,C-5A,0,true,,,9999
YZEU,STRATEGIC,CH47,0,true,,,0
YZEU,STRATEGIC,KC-10,0,true,,,9999
YZJU,STRATEGIC,B-747P,0,true,,,9999
YZJU,STRATEGIC,C-17,0,true,,,9999
YZJU,STRATEGIC,C-5A,0,true,,,9999
YZJU,STRATEGIC,CH47,0,true,,,0
YZJU,STRATEGIC,KC-10,0,true,,,9999
ZAWN,STRATEGIC,B-747P,0,true,,,0
ZAWN,STRATEGIC,C-17,0,true,,,0
ZAWN,STRATEGIC,C-5A,0,true,,,0
ZAWN,STRATEGIC,CH47,0,true,,,0
ZAWN,STRATEGIC,KC-10,0,true,,,0
ZFKN,STRATEGIC,B-747P,0,true,,,0
ZFKN,STRATEGIC,C-17,0,true,,,0
ZFKN,STRATEGIC,C-5A,0,true,,,0
ZFKN,STRATEGIC,CH47,0,true,,,0
ZFKN,STRATEGIC,KC-10,0,true,,,0
ZHAH,STRATEGIC,B-747P,0,true,,,9999
ZHAH,STRATEGIC,C-17,0,true,,,9999
ZHAH,STRATEGIC,C-5A,0,true,,,9999
ZHAH,STRATEGIC,CH47,0,true,,,0
ZHAH,STRATEGIC,KC-10,0,true,,,9999
ZHTV,STRATEGIC,B-747P,0,true,,,0
ZHTV,STRATEGIC,C-17,0,true,,,0
ZHTV,STRATEGIC,C-5A,0,true,,,0
ZHTV,STRATEGIC,CH47,0,true,,,0
ZHTV,STRATEGIC,KC-10,0,true,,,0
ZJXD,STRATEGIC,B-747P,0,true,,,0
ZJXD,STRATEGIC,C-17,0,true,,,0
ZJXD,STRATEGIC,C-5A,0,true,,,0
ZJXD,STRATEGIC,CH47,0,true,,,0
ZJXD,STRATEGIC,KC-10,0,true,,,0
ZLJP,STRATEGIC,B-747P,0,true,,,9999
ZLJP,STRATEGIC,C-17,0,true,,,9999
ZLJP,STRATEGIC,C-5A,0,true,,,9999
ZLJP,STRATEGIC,CH47,0,true,,,0
ZLJP,STRATEGIC,KC-10,0,true,,,9999
ZNRE,STRATEGIC,B-747P,0,true,,,0
ZNRE,STRATEGIC,C-17,0,true,,,0
ZNRE,STRATEGIC,C-5A,0,true,,,0
ZNRE,STRATEGIC,CH47,0,true,,,0
ZNRE,STRATEGIC,KC-10,0,true,,,0
ZQEL,STRATEGIC,B-747P,0,true,,,9999
ZQEL,STRATEGIC,C-17,0,true,,,9999
ZQEL,STRATEGIC,C-5A,0,true,,,9999
ZQEL,STRATEGIC,CH47,0,true,,,0
ZQEL,STRATEGIC,KC-10,0,true,,,9999
ZRCE,STRATEGIC,B-747P,0,true,,,0
ZRCE,STRATEGIC,C-17,0,true,,,0
ZRCE,STRATEGIC,C-5A,0,true,,,0
ZRCE,STRATEGIC,CH47,0,true,,,0
ZRCE,STRATEGIC,KC-10,0,true,,,0
ZRUZ,STRATEGIC,B-747P,0,true,,,9999
ZRUZ,STRATEGIC,C-17,0,true,,,9999
ZRUZ,STRATEGIC,C-5A,0,true,,,9999
ZRUZ,STRATEGIC,CH47,0,true,,,0
ZRUZ,STRATEGIC,KC-10,0,true,,,9999
ZRVL,STRATEGIC,B-747P,0,true,,,9999
ZRVL,STRATEGIC,C-17,0,true,,,9999
ZRVL,STRATEGIC,C-5A,0,true,,,9999
ZRVL,STRATEGIC,CH47,0,true,,,0
ZRVL,STRATEGIC,KC-10,0,true,,,9999
