Name,Geoloc,TypeCode,InboundCargo,InboundPax,OutboundCargo,OutboundPax
NW ATLANTIC,00A1,OCN,NNGX,NNGX,NNGX,NNGX
INDIAN OCEAN,00IO,OCN,FGDC,FGDC,FGDC,FGDC
WESTERN MED,00XT,SEA,WSVC,WSVC,WSVC,WSVC
ABBEVILLE,AAFR,CTY,MYXZ,MYXZ,MYXZ,MYXZ
ABERDEEN PROV GND,AAMP,AIN,FJXT,FJXT,FJXT,FJXT
ABIDJAN,AAPV,PRT,FTZH,FTZH,FTZH,FTZH
ABILENE,AART,CTY,FNWZ,FNWZ,FNWZ,FNWZ
ABILENE RGNL,AARV,CAP,FNWZ,FNWZ,FNWZ,FNWZ
ABSTON,ABAA,AGS,PNQS,PNQS,PNQS,PNQS
AD DAMMAM,ABFL,PRT,ATXK,ATXK,ATXK,ATXK
ADELPHI,ABTW,COM,BXUR,BXUR,BXUR,BXUR
ADELPHI,ABXK,NYI,BXUR,BXUR,BXUR,BXUR
LOS ANGELES,ACJP,AFS,FUZD,FUZD,FUZD,FUZD
AIEA,ACWE,RPA,KZTV,KZTV,KZTV,KZTV
AKRON,ADHB,CTY,DYCS,DYCS,DYCS,DYCS
AL BAHRAYN MINA S,ADKH,PRT,ATXK,ATXK,ATXK,ATXK
AL MAHDIYAH,ADLS,PRT,FUQN,FUQN,FUQN,FUQN
ALAMEDA,ADNA,CTY,TDHV,TDHV,TDHV,TDHV
ALAMEDA,ADNB,CTY,KJGW,KJGW,KJGW,KJGW
ALAMEDA,ADNC,MFC,KJGW,KJGW,KJGW,KJGW
ALAMEDA NAS,ADND,MAP,KJGW,KJGW,KJGW,KJGW
ALAMEDA,ADNE,NYI,KJGW,KJGW,KJGW,KJGW
ALAMEDA NAS,ADNF,AMO,KJGW,KJGW,KJGW,KJGW
ALAMEDA,ADNG,ADM,KJGW,KJGW,KJGW,KJGW
ALAMEDA PT MARAD,ADNK,PRT,KJGW,KJGW,KJGW,KJGW
ALAMEDA        BA,ADNR,STG,KJGW,KJGW,KJGW,KJGW
ALAMOGORDO WHITE,ADQM,CAP,KWRD,KWRD,KWRD,KWRD
ALBANY,ADUK,CTY,MYXZ,MYXZ,MYXZ,MYXZ
ALBANY        MSC,ADUP,STG,QSEU,QSEU,QSEU,QSEU
ALBANY,ADUQ,MGI,MYXZ,MYXZ,MYXZ,MYXZ
ALBANY,ADVK,CTY,YTPM,YTPM,YTPM,YTPM
ALBANY INTL,ADVM,IAP,YTPM,YTPM,YTPM,YTPM
SOUTHWEST GEORGIA,ADVN,CAP,QSEU,QSEU,QSEU,QSEU
ALBEMARLE,ADXV,CTY,TMKH,TMKH,TMKH,TMKH
ALBERT,ADYK,CTY,WWYK,WWYK,WWYK,WWYK
ALBUQUERQUE,AEBS,CTY,MHMV,MHMV,MHMV,MHMV
ALCOA,AECW,AGS,PSXE,PSXE,PSXE,PSXE
ALCONBURY,AEDY,IAP,AEDY,AEDY,AEDY,AEDY
ALEXANDER CITY,AELJ,CTY,PNQS,PNQS,PNQS,PNQS
ALEXANDRIA,AELU,PRT,CWKW,CWKW,CWKW,CWKW
ALEXANDRIA,AEPL,ADM,BXUR,BXUR,BXUR,BXUR
ALEXANDRIA,AEPQ,CTY,BXUR,BXUR,BXUR,BXUR
ALGECIRAS,AEQT,PRT,UMXB,UMXB,UMXB,UMXB
ALLENDALE,AFKB,CTY,BBJM,BBJM,BBJM,BBJM
LEHIGH VALLEY INT,AFMS,CAP,ZAWN,ZAWN,ZAWN,ZAWN
ALLENTOWN,AFMY,CTY,ZAWN,ZAWN,ZAWN,ZAWN
ALTUS AFB,AGGN,MAP,AGGN,AGGN,AGGN,AGGN
RICK HUSBAND AMAR,AGWF,CAP,CZQZ,CZQZ,CZQZ,CZQZ
AMES,AHQM,CTY,SGBP,SGBP,SGBP,SGBP
AMITYVILLE,AHTM,CTY,PTFL,PTFL,PTFL,PTFL
ANACORTES,AHWQ,PRT,PQWY,PQWY,PQWY,PQWY
ANACOSTIA,AHXM,NYI,BXUR,BXUR,BXUR,BXUR
ANCHORAGE,AJAM,CTY,FXSB,FXSB,FXSB,FXSB
TED STEVENS ANCHO,AJBQ,IAP,FXSB,FXSB,FXSB,FXSB
ANCHORAGE,AJBR,PRT,FXSB,FXSB,FXSB,FXSB
ANCONA,AJGX,PRT,ASHE,ASHE,ASHE,ASHE
ANDERSEN AFB,AJJY,MAP,AJJY,AJJY,AJJY,AJJY
ANDERSON,AJND,CTY,CTGC,CTGC,CTGC,CTGC
JOINT BASE ANDREW,AJXF,MAP,AJXF,AJXF,AJXF,AJXF
ANDREWS       ANG,AJXH,ANX,AJXF,AJXF,AJXF,AJXF
ANDREWS AFB,AJXL,ADM,AJXF,AJXF,AJXF,AJXF
ANNAPOLIS,AKUS,CTY,AJXF,AJXF,AJXF,AJXF
ANNAPOLIS,AKUU,PRT,AJXF,AJXF,AJXF,AJXF
ANNISTON,AKWB,STG,BRKR,BRKR,BRKR,BRKR
ANNISTON ARMY DEP,AKWQ,AIN,BRKR,BRKR,BRKR,BRKR
ANNISTON ARMY DEP,AKWS,AMO,BRKR,BRKR,BRKR,BRKR
ANNISTON,AKWU,CTY,BRKR,BRKR,BRKR,BRKR
ANSON,ALEX,CTY,FNWZ,FNWZ,FNWZ,FNWZ
ANTWERP,ALRF,PRT,VWLB,VWLB,VWLB,VWLB
APPLETON,AMCG,CTY,HTUX,HTUX,HTUX,HTUX
APRA HARBOR,AMCQ,PRT,AJJY,AJJY,AJJY,AJJY
ARACAY ABAJO,AMES,AFD,ULLT,ULLT,ULLT,ULLT
ARDEN HILLS,AMVP,CTY,QJKL,QJKL,QJKL,QJKL
ARDMORE,AMYJ,CTY,WWYK,WWYK,WWYK,WWYK
ANNAPOLIS,ANAD,CLN,AJXF,AJXF,AJXF,AJXF
ARNOLD,ANZY,AFS,CYWF,CYWF,CYWF,CYWF
AS SUKHAYRAH,APFD,PRT,HNTK,HNTK,HNTK,HNTK
ASH SHUWAIKH COMM,APGW,PRT,ATXK,ATXK,ATXK,ATXK
ASHLAND,APKH,CTY,BRKR,BRKR,BRKR,BRKR
ASHLAND,APNG,CTY,DYCS,DYCS,DYCS,DYCS
ASHTART,APRJ,PRT,JEAH,JEAH,JEAH,JEAH
ATHENS,AQEN,AIN,BRKR,BRKR,BRKR,BRKR
ATHENS,AQEZ,CTY,AQLM,AQLM,AQLM,AQLM
HARTSFIELD JACKSO,AQLM,CAP,AQLM,AQLM,AQLM,AQLM
ATLANTA,AQLV,CTY,FGWB,FGWB,FGWB,FGWB
ATLANTA,AQLW,NAV,AQLM,AQLM,AQLM,AQLM
ATLANTA,AQLZ,ADM,AQLM,AQLM,AQLM,AQLM
FT GILLEM,AQMV,AIN,AQLM,AQLM,AQLM,AQLM
ATLANTIC CITY MUN,AQRC,CAP,PTFL,PTFL,PTFL,PTFL
AUGUSTA,ARNS,CTY,VLSB,VLSB,VLSB,VLSB
AUGUSTA RGNL AT B,ARNW,JAP,BBJM,BBJM,BBJM,BBJM
AUGUSTA,ARPM,CTY,PRQE,PRQE,PRQE,PRQE
AUGUSTA,ARPZ,CTY,NNGX,NNGX,NNGX,NNGX
AURORA,ARTZ,CTY,TDHV,TDHV,TDHV,TDHV
AURORA,ARUZ,CTY,DPNB,DPNB,DPNB,DPNB
AUSTIN,ASAZ,CTY,BJHZ,BJHZ,BJHZ,BJHZ
AUSTIN STRAUBEL I,ASCE,CAP,HTUX,HTUX,HTUX,HTUX
AVIANO AB,ASHE,MAP,ASHE,ASHE,ASHE,ASHE
MACDILL AFB AUX F,ASPQ,MAP,SXHT,SXHT,SXHT,SXHT
BADIN,ATNV,COM,TMKH,TMKH,TMKH,TMKH
BADIN,ATNZ,CTY,TMKH,TMKH,TMKH,TMKH
FORT WAYNE INTL,ATQZ,IAP,CTGC,CTGC,CTGC,CTGC
BAHRAIN INTL,ATXK,IAP,ATXK,ATXK,ATXK,ATXK
BAILEYS CROSS RDS,ATYC,CTY,BXUR,BXUR,BXUR,BXUR
BAKERSFIELD,AUSJ,CTY,TKXA,TKXA,TKXA,TKXA
BALTIMORE,AVBT,CTY,AJXF,AJXF,AJXF,AJXF
BALTIMORE OUTPORT,AVBU,PRT,AJXF,AJXF,AJXF,AJXF
BALTIMORE HLNDS,AVDC,CTY,AJXF,AJXF,AJXF,AJXF
BANGOR,AVND,CTY,NRCH,NRCH,NRCH,NRCH
BANGOR NAVAL SUBM,AVPN,NBA,PQWY,PQWY,PQWY,PQWY
BANGOR POMFPAL,AVPR,STG,PQWY,PQWY,PQWY,PQWY
BANGOR,AVPV,NYI,PQWY,PQWY,PQWY,PQWY
BANZART,AVTB,PRT,WSVC,WSVC,WSVC,WSVC
BARBERS POINT CGA,AVXS,CGI,AVXV,AVXV,AVXV,AVXV
KAPOLEI,AVXU,CTY,AVXV,AVXV,AVXV,AVXV
KALAELOA,AVXV,JAP,AVXV,AVXV,AVXV,AVXV
BARBERS POINT NAS,AVXW,AMO,AVXV,AVXV,AVXV,AVXV
BARCELONA,AVYX,PRT,XBGX,XBGX,XBGX,XBGX
BARKSDALE AFB,AWUB,MAP,AWUB,AWUB,AWUB,AWUB
WESTFIELD BARNES,AXQD,JAP,YTPM,YTPM,YTPM,YTPM
BARSTOW       MSC,AYDE,STG,HUUA,HUUA,HUUA,HUUA
BARSTOW,AYDK,MGI,HUUA,HUUA,HUUA,HUUA
BARTH,AYER,PRT,VWLB,VWLB,VWLB,VWLB
MOBILE RGNL,AYSX,JAP,MAHG,MAHG,MAHG,MAHG
BATON ROUGE,AYYX,CTY,GAMH,GAMH,GAMH,GAMH
BATON ROUGE,AYYY,PRT,GAMH,GAMH,GAMH,GAMH
BATTLE CREEK,AYZZ,CTY,CTGC,CTGC,CTGC,CTGC
BAY CITY,AZJH,CTY,ZJXD,ZJXD,ZJXD,ZJXD
BAYONNE,AZTE,NYI,PTFL,PTFL,PTFL,PTFL
BAYONNE,AZTG,PRT,PTFL,PTFL,PTFL,PTFL
BANBAN,BACA,APT,UGZX,UGZX,UGZX,UGZX
BEALE AFB,BAEY,MAP,BAEY,BAEY,BAEY,BAEY
BEALE,BASD,ANX,BAEY,BAEY,BAEY,BAEY
BEAUFORT,BBGP,PRT,DNNL,DNNL,DNNL,DNNL
BEAUFORT MCAS,BBJM,MAP,BBJM,BBJM,BBJM,BBJM
BEAUFORT NAVY,BBJS,HSP,BBJM,BBJM,BBJM,BBJM
BEAUMONT T2,BBNQ,PRT,GAMH,GAMH,GAMH,GAMH
BEAUMONT,BBNR,CTY,GAMH,GAMH,GAMH,GAMH
BEAUMONT,BBNV,PRT,GAMH,GAMH,GAMH,GAMH
BEAVER FALLS,BCDZ,CTY,DYCS,DYCS,DYCS,DYCS
BECKLEY,BCMV,CTY,PSXE,PSXE,PSXE,PSXE
BELEN,BDQZ,CTY,MHMV,MHMV,MHMV,MHMV
BELLE CHASSE,BEGS,CTY,MAHG,MAHG,MAHG,MAHG
BELLEAIR BLUFFS,BELL,CTY,NVZR,NVZR,NVZR,NVZR
BELLINGHAM INTL,BFHX,IAP,PQWY,PQWY,PQWY,PQWY
BELLOWS AFS,BFMV,AFS,LYAX,LYAX,LYAX,LYAX
BELOIT,BFTZ,CTY,HTUX,HTUX,HTUX,HTUX
AUSTIN BERGSTROM,BJHZ,JAP,BJHZ,BJHZ,BJHZ,BJHZ
NASHVILLE INTL,BKTZ,JAP,CYWF,CYWF,CYWF,CYWF
BESSEMER,BLMR,CTY,BRKR,BRKR,BRKR,BRKR
WRNM MEDICAL CTR,BMGM,HSP,BXUR,BXUR,BXUR,BXUR
BIG STONE GAP,BPRE,CTY,PSXE,PSXE,PSXE,PSXE
BIGGS AAF,BPWZ,MAP,BPWZ,BPWZ,BPWZ,BPWZ
BILLINGS,BQKY,CTY,NZAS,NZAS,NZAS,NZAS
BINGHAMTON,BQUG,CTY,JREZ,JREZ,JREZ,JREZ
MUHAMMAD QASIM,BQWA,PRT,VGHV,VGHV,VGHV,VGHV
BIR EL ATER,BQWK,APT,HNTK,HNTK,HNTK,HNTK
BREMERTON,BRAE,HSP,PQWY,PQWY,PQWY,PQWY
BIRMINGHAM,BRKM,CTY,BRKR,BRKR,BRKR,BRKR
BIRMINGHAM SHUTTL,BRKR,JAP,BRKR,BRKR,BRKR,BRKR
BISMARCK,BSEH,CTY,QJVF,QJVF,QJVF,QJVF
BISMARCK MUNI,BSEM,JAP,QJVF,QJVF,QJVF,QJVF
BIZERTE,BSRK,CTY,FUQN,FUQN,FUQN,FUQN
BIZERTE,BSRL,PRT,WSVC,WSVC,WSVC,WSVC
SIDI AHMED AIR BA,BSRR,IAP,WSVC,WSVC,WSVC,WSVC
BLACKSTONE,BTHP,CTY,MUHJ,MUHJ,MUHJ,MUHJ
BLOOMINGTON,BUWC,CTY,DPNB,DPNB,DPNB,DPNB
BLUE ASH,BVGM,AGS,ZHTV,ZHTV,ZHTV,ZHTV
BLUE GRASS DEPOT,BVJS,AMO,WEAS,WEAS,WEAS,WEAS
BLUE GRASS,BWBU,CAP,WEAS,WEAS,WEAS,WEAS
ARKANSAS INTL,BWKR,MAP,BWKR,BWKR,BWKR,BWKR
BLYTHEVILLE,BWKV,CTY,BWKR,BWKR,BWKR,BWKR
BOISE AIR TERMINA,BXRH,JAP,QYZH,QYZH,QYZH,QYZH
BOISE,BXRM,CTY,QYZH,QYZH,QYZH,QYZH
BOLLING AFB HELI,BXUR,MHP,BXUR,BXUR,BXUR,BXUR
RABAH BITAT,BYKA,CAP,WSVC,WSVC,WSVC,WSVC
BONE,BYKC,PRT,WSVC,WSVC,WSVC,WSVC
BONE AND SCHEMES,BYKF,CTY,WSVC,WSVC,WSVC,WSVC
CAMP PENDLETON MC,CAAP,MAP,ETZB,ETZB,ETZB,ETZB
CAPE CANAVERAL AF,CAAY,AFB,SXHT,SXHT,SXHT,SXHT
CP LEJUENE,CABM,HSP,DNNL,DNNL,DNNL,DNNL
BOSTON,CAMD,CTY,NNGX,NNGX,NNGX,NNGX
BOSTON,CAMK,NYI,NNGX,NNGX,NNGX,NNGX
BOTHELL,CBEF,CTY,PQWY,PQWY,PQWY,PQWY
BOWLING GREEN,CCTS,CTY,CYWF,CYWF,CYWF,CYWF
BRADLEY INTL,CEKT,JAP,YTPM,YTPM,YTPM,YTPM
BRANDON,CFGM,CTY,MAHG,MAHG,MAHG,MAHG
CHERRY POINT,CHBA,HSP,DNNL,DNNL,DNNL,DNNL
CHARLESTON,CHBM,ADM,DKFX,DKFX,DKFX,DKFX
BREMERHAVEN,CHCY,PRT,VWLB,VWLB,VWLB,VWLB
BREMERTON,CHEV,NYI,PQWY,PQWY,PQWY,PQWY
BREMERTON SEALAND,CHEX,PRT,PQWY,PQWY,PQWY,PQWY
BRENHAM,CHJY,CTY,BJHZ,BJHZ,BJHZ,BJHZ
BREVARD,CHSY,CTY,PSXE,PSXE,PSXE,PSXE
BRIDGETON,CJJY,CTY,MSQB,MSQB,MSQB,MSQB
BRISTOL,CKMQ,PRT,PTFL,PTFL,PTFL,PTFL
CLEAR CREEK,CLAG,APT,FXSB,FXSB,FXSB,FXSB
BROCKTON,CLCH,CTY,NNGX,NNGX,NNGX,NNGX
BROKEN ARROW,CLLH,CTY,WWYK,WWYK,WWYK,WWYK
BRONX,CLXR,CTY,PTFL,PTFL,PTFL,PTFL
BROOKINGS,CMHF,CTY,QJKL,QJKL,QJKL,QJKL
BROOKLYN,CMMC,CTY,PTFL,PTFL,PTFL,PTFL
BROOKLYN,CMXJ,NYI,PTFL,PTFL,PTFL,PTFL
BROOKPARK,CMZJ,CTY,DYCS,DYCS,DYCS,DYCS
BROOKS CITY BASE,CNBC,AFS,MBPB,MBPB,MBPB,MBPB
BROUSSARD,CNRA,CTY,GAMH,GAMH,GAMH,GAMH
CORPUS CHRISTI,CPBE,HSP,MBPB,MBPB,MBPB,MBPB
BROWNSVILLE,CPJF,CTY,PJVY,PJVY,PJVY,PJVY
BROWNSVILLE,CPNF,CTY,MBPB,MBPB,MBPB,MBPB
BRUNSWICK,CQJP,CTY,LEXG,LEXG,LEXG,LEXG
BRUNSWICK EXECUTI,CQLW,CAP,NNGX,NNGX,NNGX,NNGX
BUCKLEY AFB,CRWU,MAP,TDHV,TDHV,TDHV,TDHV
BUECHEL,CSEM,CTY,WEAS,WEAS,WEAS,WEAS
BUFFALO,CSHW,ADM,JREZ,JREZ,JREZ,JREZ
BUFFALO,CSJF,CTY,QJKL,QJKL,QJKL,QJKL
BUFFALO,CSKQ,CTY,JREZ,JREZ,JREZ,JREZ
USAF ACADEMY BULL,CTCN,APT,TDHV,TDHV,TDHV,TDHV
GRISSOM AFRES,CTGB,RTC,CTGC,CTGC,CTGC,CTGC
GRISSOM ARB,CTGC,MAP,CTGC,CTGC,CTGC,CTGC
BURLINGTON INTL,CURZ,IAP,THWA,THWA,THWA,THWA
BUTLER,CVLD,CTY,DYCS,DYCS,DYCS,DYCS
BUTNER,CVLK,CTY,TMKH,TMKH,TMKH,TMKH
BUTTS AAF,CVPF,MAP,TDHV,TDHV,TDHV,TDHV
RICHMOND INTL,CVVM,JAP,MUHJ,MUHJ,MUHJ,MUHJ
CADILLAC,CWBG,CTY,ZJXD,ZJXD,ZJXD,ZJXD
CADIZ,CWCE,CTY,DYCS,DYCS,DYCS,DYCS
CADIZ,CWCP,PRT,UMXB,UMXB,UMXB,UMXB
CAGAYAN DE ORO,CWGV,PRT,EYBD,EYBD,EYBD,EYBD
CP LEJEUNE,CWKR,STG,DNNL,DNNL,DNNL,DNNL
CAIRO WEST,CWKW,AFD,CWKW,CWKW,CWKW,CWKW
CALDWELL,CWWK,CTY,QYZH,QYZH,QYZH,QYZH
CAMDEN,CYCQ,CTY,AWUB,AWUB,AWUB,AWUB
CAMDEN,CYEQ,CTY,ZAWN,ZAWN,ZAWN,ZAWN
CAMDEN,CYJU,CTY,VLSB,VLSB,VLSB,VLSB
CP J T ROBINSON,CYPV,AIN,NKAK,NKAK,NKAK,NKAK
CAMP H M SMITH,CYTW,ADM,KZTV,KZTV,KZTV,KZTV
CAMPBELL AAF,CYWF,MAP,CYWF,CYWF,CYWF,CYWF
CANDO,CZJF,CTY,JFSD,JFSD,JFSD,JFSD
CANNON AFB,CZQZ,MAP,CZQZ,CZQZ,CZQZ,CZQZ
CAPE GIRARDEAU,DBMT,CTY,VDYD,VDYD,VDYD,VDYD
CAPE MAY,DBRT,CTY,FJXT,FJXT,FJXT,FJXT
ABRAHAM LINCOLN C,DCFT,JAP,MSQB,MSQB,MSQB,MSQB
FORT WORTH NAS JR,DDPF,MAP,DDPF,DDPF,DDPF,DDPF
CARSWELL,DDPK,AMO,DDPF,DDPF,DDPF,DDPF
CARSWELL,DDQW,NAV,DDPF,DDPF,DDPF,DDPF
CARTHAGE,DEFW,CTY,YWHG,YWHG,YWHG,YWHG
CASPER,DERM,CTY,GHLN,GHLN,GHLN,GHLN
CASTLE,DESR,APT,DESR,DESR,DESR,DESR
CECIL,DGAB,MAP,LSGE,LSGE,LSGE,LSGE
CEDAR RAPIDS,DGGB,CTY,YAQF,YAQF,YAQF,YAQF
CEDAR RAPIDS,DGGD,NYI,YAQF,YAQF,YAQF,YAQF
CENTERVILLE,DGXC,AIN,BRKR,BRKR,BRKR,BRKR
CHAMBERSBURG,DHQB,CTY,PJVY,PJVY,PJVY,PJVY
CHAMBLEE,DHRF,CTY,AQLM,AQLM,AQLM,AQLM
CHANNEL ISLANDS A,DJCF,AGS,TKXA,TKXA,TKXA,TKXA
CHARLESTON,DKAD,CTY,NKAK,NKAK,NKAK,NKAK
JB CHARLESTON,DKFX,JAP,DKFX,DKFX,DKFX,DKFX
CHARLESTON NAVY,DKFY,AMO,DKFX,DKFX,DKFX,DKFX
NORTH CHARLESTON,DKGJ,RTC,DKFX,DKFX,DKFX,DKFX
CHARLESTON,DKGK,CTY,DKFX,DKFX,DKFX,DKFX
CHARLESTON,DKGL,NYI,DKFX,DKFX,DKFX,DKFX
CHARLESTON    NWS,DKGT,AMO,DKFX,DKFX,DKFX,DKFX
CHARLESTON,DKSD,PRT,DKFX,DKFX,DKFX,DKFX
CHARLESTON NAVY,DKTB,HSP,DKFX,DKFX,DKFX,DKFX
CHARLESTON,DKTT,NAV,ZHTV,ZHTV,ZHTV,ZHTV
CHARLESTON,DKTX,CTY,ZHTV,ZHTV,ZHTV,ZHTV
CHARLESTON NAV YD,DKVL,NYI,DKFX,DKFX,DKFX,DKFX
CHARLOTTE,DLAL,CTY,VLSB,VLSB,VLSB,VLSB
CHATTANOOGA,DLUL,CTY,CYWF,CYWF,CYWF,CYWF
CHEATHAM ANX  NSC,DLZC,STG,MUHJ,MUHJ,MUHJ,MUHJ
CHEROKEE,DNJC,CTY,SGBP,SGBP,SGBP,SGBP
CHERRY POINT,DNNH,AFS,DNNL,DNNL,DNNL,DNNL
CHERRY POINT MCAS,DNNL,MAP,DNNL,DNNL,DNNL,DNNL
MCAS CHERRY POINT,DNNM,STG,DNNL,DNNL,DNNL,DNNL
CHESTER,DNRV,CTY,ZAWN,ZAWN,ZAWN,ZAWN
CHEYENNE,DPEV,CTY,GHLN,GHLN,GHLN,GHLN
CHEYENNE RGNL JER,DPEZ,JAP,GHLN,GHLN,GHLN,GHLN
CHEYENNE MT CMPLX,DPFM,CTY,TDHV,TDHV,TDHV,TDHV
CHICAGO,DPLX,CTY,DPNB,DPNB,DPNB,DPNB
CHICAGO,DPMA,STG,DPNB,DPNB,DPNB,DPNB
CHICAGO,DPMD,PRT,DPNB,DPNB,DPNB,DPNB
CHICAGO OHARE INT,DPMZ,JAP,DPNB,DPNB,DPNB,DPNB
OHARE,DPNB,RTC,DPNB,DPNB,DPNB,DPNB
CHICAGO RIDGE,DPNV,CTY,DPNB,DPNB,DPNB,DPNB
CHICOPEE,DPYZ,CTY,YTPM,YTPM,YTPM,YTPM
CHINHAE,DRUG,PRT,MEPJ,MEPJ,MEPJ,MEPJ
CHIPPEWA FALLS,DRYL,CTY,HTUX,HTUX,HTUX,HTUX
CINCINNATI NORTHE,DTVB,CAP,ZHTV,ZHTV,ZHTV,ZHTV
CINCINNATI,DTVP,CTY,ZHTV,ZHTV,ZHTV,ZHTV
CINCINNATI,DTWB,DFP,ZHTV,ZHTV,ZHTV,ZHTV
CLACKAMAS,DUHW,CTY,PQWY,PQWY,PQWY,PQWY
CLARION,DVGK,CTY,DYCS,DYCS,DYCS,DYCS
DIOSDADO MACAPAGA,DVLK,APT,DVLK,DVLK,DVLK,DVLK
CLARKSBURG,DVYP,CTY,PJVY,PJVY,PJVY,PJVY
CLEAR FORK,DXFX,CTY,PSXE,PSXE,PSXE,PSXE
CLEVELAND HOPKINS,DYCS,CAP,DYCS,DYCS,DYCS,DYCS
CLEVELAND NAVY,DYCZ,ADM,DYCS,DYCS,DYCS,DYCS
CLEVELAND,DYDV,CTY,PSXE,PSXE,PSXE,PSXE
CLINTON,DYVS,CTY,NNGX,NNGX,NNGX,NNGX
CLINTON,DYWP,CTY,GAMH,GAMH,GAMH,GAMH
CLINTON,DYXQ,CTY,VKAG,VKAG,VKAG,VKAG
CLOVIS,EAPD,CTY,CZQZ,CZQZ,CZQZ,CZQZ
CLYDE,EAQQ,CTY,PSXE,PSXE,PSXE,PSXE
MIDDLE GEORGIA RG,EAZP,CAP,UHHZ,UHHZ,UHHZ,UHHZ
COLOMBO,EDME,PRT,FGDC,FGDC,FGDC,FGDC
COLORADO SPRINGS,EDUG,STG,TDHV,TDHV,TDHV,TDHV
COLORADO SPRINGS,EDUJ,CTY,TDHV,TDHV,TDHV,TDHV
COLTS NECK,EDVT,CTY,PTFL,PTFL,PTFL,PTFL
COLUMBIA,EDWC,APT,DESR,DESR,DESR,DESR
COLUMBIA,EDYN,CTY,YWHG,YWHG,YWHG,YWHG
COLUMBIA,EEBS,CTY,VLSB,VLSB,VLSB,VLSB
COLUMBUS,EEHR,CTY,MYXZ,MYXZ,MYXZ,MYXZ
COLUMBUS,EEMW,CAP,MYXZ,MYXZ,MYXZ,MYXZ
COLUMBUS AFB,EEPZ,MAP,BRKR,BRKR,BRKR,BRKR
COLUMBUS,EFGH,ADM,ZHTV,ZHTV,ZHTV,ZHTV
COLUMBUS,EFGV,CTY,ZHTV,ZHTV,ZHTV,ZHTV
COLUMBUS ARMY DEP,EFGX,STG,ZHTV,ZHTV,ZHTV,ZHTV
COLUMBUS,EFHH,ADM,ZHTV,ZHTV,ZHTV,ZHTV
COMPTON,EGDZ,CTY,FUZD,FUZD,FUZD,FUZD
CONCORD,EGNA,AMO,XDAT,XDAT,XDAT,XDAT
CONCORD,EGND,CTY,XDAT,XDAT,XDAT,XDAT
CONCORD       NWS,EGNF,AMO,XDAT,XDAT,XDAT,XDAT
CONCORD,EGNN,PRT,KJGW,KJGW,KJGW,KJGW
CONNELLSVILLE,EHNP,CTY,PJVY,PJVY,PJVY,PJVY
CONWAY,EJSP,CTY,NKAK,NKAK,NKAK,NKAK
COOS BAY,EKWU,PRT,PQWY,PQWY,PQWY,PQWY
COOS HEAD,EKWW,CTY,BAEY,BAEY,BAEY,BAEY
CORONADO,EMVX,NYI,RZQH,RZQH,RZQH,RZQH
CORONADO SD   NPB,EMVY,NYI,RZQH,RZQH,RZQH,RZQH
CORPUS CHRISTI,ENCB,STG,MBPB,MBPB,MBPB,MBPB
CORPUS CHRISTI,ENCF,CTY,MBPB,MBPB,MBPB,MBPB
CORPUS CHRISTI,ENCJ,DEP,MBPB,MBPB,MBPB,MBPB
CORPUS CHRISTI NA,ENCK,MAP,MBPB,MBPB,MBPB,MBPB
CORPUS CHRISTI NA,ENCN,PRT,MBPB,MBPB,MBPB,MBPB
ENID,ENID,RTC,WWYK,WWYK,WWYK,WWYK
COUNCIL BLUFFS,EPKA,CTY,SGBP,SGBP,SGBP,SGBP
COVENTRY,EQDF,AGS,NNGX,NNGX,NNGX,NNGX
FT A P HILL,EQYH,AIN,BXUR,BXUR,BXUR,BXUR
CP ATTERBURY,ERCH,AIN,WEAS,WEAS,WEAS,WEAS
CP BEAUREGARD,ERDH,AIN,GAMH,GAMH,GAMH,GAMH
CP BLANDING,ERDY,AIN,LSGE,LSGE,LSGE,LSGE
ERIE,ERIE,RTC,DYCS,DYCS,DYCS,DYCS
CP DAWSON,ERUW,AIN,PJVY,PJVY,PJVY,PJVY
CP DODGE,ESBW,AIN,SGBP,SGBP,SGBP,SGBP
FT DRUM,ESGM,AIN,JREZ,JREZ,JREZ,JREZ
CP ELMORE,ESHH,MGI,SBDW,SBDW,SBDW,SBDW
CP EDWARDS,ESLM,AIN,NNGX,NNGX,NNGX,NNGX
CP GRAYLING,ESPS,AIN,ZJXD,ZJXD,ZJXD,ZJXD
CAMP LEJEUNE,ETFA,STG,DNNL,DNNL,DNNL,DNNL
CP LEJEUNE,ETFB,MGI,DNNL,DNNL,DNNL,DNNL
FT MCCOY,ETMB,AIN,YAQF,YAQF,YAQF,YAQF
CP MURRAY,ETRB,AIN,PQWY,PQWY,PQWY,PQWY
CP PENDLETON NAVY,ETVL,HSP,ETZB,ETZB,ETZB,ETZB
CP PARKS,ETVM,AIN,KJGW,KJGW,KJGW,KJGW
CP PENDLETON,ETZB,MGI,ETZB,ETZB,ETZB,ETZB
CP PENDLETON,ETZC,STG,ETZB,ETZB,ETZB,ETZB
CP PERRY,EUBC,AGS,DYCS,DYCS,DYCS,DYCS
FT PICKETT,EUDB,AIN,MUHJ,MUHJ,MUHJ,MUHJ
CP RAPID,EUFG,AIN,GHLN,GHLN,GHLN,GHLN
CP RILEA,EUFM,AIN,PQWY,PQWY,PQWY,PQWY
CP RIPLEY,EUFN,AIN,QJKL,QJKL,QJKL,QJKL
CP ROBERTS,EUHB,AIN,XUMU,XUMU,XUMU,XUMU
CP ROBINSON,EUKB,AIN,NKAK,NKAK,NKAK,NKAK
CP SHELBY,EURB,AIN,MAHG,MAHG,MAHG,MAHG
CP SMITH,EUVB,MGI,KZTV,KZTV,KZTV,KZTV
CP SMITH      MCC,EUVH,STG,KZTV,KZTV,KZTV,KZTV
CP SMITH       BA,EUVJ,STG,KZTV,KZTV,KZTV,KZTV
CAMP H M SMITH,EUVK,STG,KZTV,KZTV,KZTV,KZTV
CRANE,EWFK,NYI,CTGC,CTGC,CTGC,CTGC
CRANE         AAP,EWFL,AMO,CTGC,CTGC,CTGC,CTGC
CRESCENT CITY,EWYN,CTY,BAEY,BAEY,BAEY,BAEY
CRESTON,EXAN,CTY,SGBP,SGBP,SGBP,SGBP
CRESTVIEW,EXCN,CTY,FTEP,FTEP,FTEP,FTEP
CROCKETT,EXGM,PRT,XDAT,XDAT,XDAT,XDAT
SUBIC BAY INTL,EYBD,MAP,EYBD,EYBD,EYBD,EYBD
DADEVILLE,EZGG,CTY,PNQS,PNQS,PNQS,PNQS
DAHLGREN,EZHK,CTY,AJXF,AJXF,AJXF,AJXF
DAKAR,EZMU,PRT,UMXB,UMXB,UMXB,UMXB
DALLAS FORT WORTH,EZSE,CAP,DDPF,DDPF,DDPF,DDPF
DALLAS,EZTC,CTY,DDPF,DDPF,DDPF,DDPF
MILLENNIUM DALLAS,EZTH,MAP,DDPF,DDPF,DDPF,DDPF
DALLAS AFIT 02,EZTV,SCH,DDPF,DDPF,DDPF,DDPF
DALLAS AFIT 03,EZTW,SCH,DDPF,DDPF,DDPF,DDPF
DAM NECK,EZXV,TNG,SBDW,SBDW,SBDW,SBDW
DANA POINT,FAFL,PRT,FUZD,FUZD,FUZD,FUZD
MONTGOMERY RGNL,FAKZ,JAP,PNQS,PNQS,PNQS,PNQS
DANVILLE,FAQZ,CTY,CTGC,CTGC,CTGC,CTGC
DARMSTADT AAF,FAXN,APT,FAXN,FAXN,FAXN,FAXN
DAVENPORT,FBDH,CTY,DPNB,DPNB,DPNB,DPNB
OWENSBORO DAVIESS,FBMV,CAP,CYWF,CYWF,CYWF,CYWF
DAVIS MONTHAN AFB,FBNV,MAP,FBNV,FBNV,FBNV,FBNV
DAVIS MONTHAN,FBPW,RRL,FBNV,FBNV,FBNV,FBNV
DAYTON,FCHZ,CTY,ZHTV,ZHTV,ZHTV,ZHTV
DAYTON DESC,FCKD,DEP,ZHTV,ZHTV,ZHTV,ZHTV
DAYTONA BEACH,FCLF,CTY,SXHT,SXHT,SXHT,SXHT
DECATUR,FCXN,CTY,BRKR,BRKR,BRKR,BRKR
DEF DEPOT OGDEN,FDHB,AIN,KRSM,KRSM,KRSM,KRSM
DELAWARE,FDVA,CTY,ZHTV,ZHTV,ZHTV,ZHTV
DEMOPOLIS,FEDX,CTY,PNQS,PNQS,PNQS,PNQS
DENVER,FEQM,CTY,TDHV,TDHV,TDHV,TDHV
DENVER,FERR,NAV,TDHV,TDHV,TDHV,TDHV
DENVER INTL,FERX,IAP,TDHV,TDHV,TDHV,TDHV
DES MOINES,FFAJ,CTY,SGBP,SGBP,SGBP,SGBP
DES MOINES INTL,FFAR,JAP,SGBP,SGBP,SGBP,SGBP
DETROIT,FFJF,CTY,DYCS,DYCS,DYCS,DYCS
DETROIT,FFJG,ADM,DYCS,DYCS,DYCS,DYCS
DETROIT MET,FFKG,STG,DYCS,DYCS,DYCS,DYCS
DEXTER,FFRS,CTY,NRCH,NRCH,NRCH,NRCH
DEXTER,FFSQ,CTY,BWKR,BWKR,BWKR,BWKR
DIEGO GARCIA EAST,FGDB,PRT,FGDC,FGDC,FGDC,FGDC
DIEGO GARCIA NSF,FGDC,MAP,FGDC,FGDC,FGDC,FGDC
DIEGO GARCIA,FGDD,PRT,FGDC,FGDC,FGDC,FGDC
DJERBA,FGTS,ADM,JEAH,JEAH,JEAH,JEAH
DJERBA,FGTW,PRT,JEAH,JEAH,JEAH,JEAH
DJEDEIDA,FGTZ,AFD,WSVC,WSVC,WSVC,WSVC
DOBBINS ARB,FGWB,MAP,FGWB,FGWB,FGWB,FGWB
DOBBINS       ANG,FGWD,ANX,FGWB,FGWB,FGWB,FGWB
DOTHAN,FJMG,CTY,XLWU,XLWU,XLWU,XLWU
DOTHAN RGNL,FJMK,CAP,MYXZ,MYXZ,MYXZ,MYXZ
DOUGLAS,FJPP,CTY,FBNV,FBNV,FBNV,FBNV
CHARLOTTE DOUGLAS,FJRP,JAP,VLSB,VLSB,VLSB,VLSB
DOVER AFB,FJXT,MAP,FJXT,FJXT,FJXT,FJXT
DOVER,FJYB,CTY,FJXT,FJXT,FJXT,FJXT
DOVER,FKJG,FHG,FJXT,FJXT,FJXT,FJXT
DOVER,FKLJ,CTY,FJXT,FJXT,FJXT,FJXT
DOVER,FKLK,STG,FJXT,FJXT,FJXT,FJXT
BANGOR INTL,FKNN,JAP,NRCH,NRCH,NRCH,NRCH
DRAPER,FLMT,CTY,KRSM,KRSM,KRSM,KRSM
DRIGGS,FLUP,CTY,KRSM,KRSM,KRSM,KRSM
DUBAI,FMAZ,PRT,VGHV,VGHV,VGHV,VGHV
DUBLIN,FMCH,CTY,UHHZ,UHHZ,UHHZ,UHHZ
DUBUQUE,FMEN,CTY,YAQF,YAQF,YAQF,YAQF
WASHINGTON DULLES,FMJN,IAP,BXUR,BXUR,BXUR,BXUR
DULUTH,FMKT,NYI,QJKL,QJKL,QJKL,QJKL
DULUTH,FMKZ,CTY,QJKL,QJKL,QJKL,QJKL
DULUTH INTL,FMLH,JAP,QJKL,QJKL,QJKL,QJKL
DULUTH,FMLT,PRT,QJKL,QJKL,QJKL,QJKL
DULLES,FMNJ,COM,BXUR,BXUR,BXUR,BXUR
DURBAN,FNLD,PRT,FGDC,FGDC,FGDC,FGDC
DURHAM,FNQD,CTY,TMKH,TMKH,TMKH,TMKH
DUTCH HARBOR,FNSH,PRT,FXSB,FXSB,FXSB,FXSB
DYERSBURG,FNVH,CTY,BWKR,BWKR,BWKR,BWKR
DYESS AFB,FNWZ,MAP,FNWZ,FNWZ,FNWZ,FNWZ
FORD ISLAND NALF,FPAA,APT,KZTV,KZTV,KZTV,KZTV
E LANSING,FPZW,CTY,ZJXD,ZJXD,ZJXD,ZJXD
EAST POINT,FQLT,CTY,AQLM,AQLM,AQLM,AQLM
E ST LOUIS,FQNZ,CTY,MSQB,MSQB,MSQB,MSQB
E WINDSOR,FQQZ,CTY,YTPM,YTPM,YTPM,YTPM
EARLE NWS,FQZF,PRT,PTFL,PTFL,PTFL,PTFL
EARLE NWS,FQZJ,AMO,PTFL,PTFL,PTFL,PTFL
EATON,FRLV,CTY,ZHTV,ZHTV,ZHTV,ZHTV
EAU CLAIRE,FRPD,CTY,QJKL,QJKL,QJKL,QJKL
EBENSBURG,FRRD,CTY,PJVY,PJVY,PJVY,PJVY
EDGEFIELD,FRYQ,CTY,VLSB,VLSB,VLSB,VLSB
EDGEMONT,FSAD,CTY,SHYQ,SHYQ,SHYQ,SHYQ
EDGEWOOD ARSENAL,FSCD,AIN,FJXT,FJXT,FJXT,FJXT
EDINGER FIELD,FSJA,AFD,YAQF,YAQF,YAQF,YAQF
EDWARDS AFB,FSPM,MAP,HUUA,HUUA,HUUA,HUUA
DUKE FLD,FTEP,MAP,FTEP,FTEP,FTEP,FTEP
EGLIN AFB,FTET,STG,FTFA,FTFA,FTFA,FTFA
HURLBURT FLD,FTEV,MAP,FTEV,FTEV,FTEV,FTEV
EGLIN AFB,FTFA,MAP,FTFA,FTFA,FTFA,FTFA
EIELSON AFB,FTQW,IAP,FXSB,FXSB,FXSB,FXSB
EL AOUINA,FTXW,CTY,FUQN,FUQN,FUQN,FUQN
EL BORMA,FTZH,APT,FTZH,FTZH,FTZH,FTZH
EL KALA,FUPD,PRT,WSVC,WSVC,WSVC,WSVC
THYNA,FUQN,IAP,FUQN,FUQN,FUQN,FUQN
EL PASO,FUTD,CTY,BPWZ,BPWZ,BPWZ,BPWZ
EL PASO INTL,FUTL,CAP,BPWZ,BPWZ,BPWZ,BPWZ
EL TORO MCAS,FUZD,MAP,FUZD,FUZD,FUZD,FUZD
ELIZABETHPORT,FVMT,PRT,PTFL,PTFL,PTFL,PTFL
ELKO,FWEV,CTY,QYZH,QYZH,QYZH,QYZH
ELLICOTT CITY,FWHZ,CTY,BXUR,BXUR,BXUR,BXUR
ELLINGTON,FWJH,JAP,BJHZ,BJHZ,BJHZ,BJHZ
ELLSWORTH AFB,FXBM,MAP,GHLN,GHLN,GHLN,GHLN
ELMENDORF,FXQZ,CTY,FXSB,FXSB,FXSB,FXSB
JB ELMENDORF-RICH,FXSB,MAP,FXSB,FXSB,FXSB,FXSB
ELMENDORF,FXSK,POL,FXSB,FXSB,FXSB,FXSB
ENCINO,GAFH,CTY,TKXA,TKXA,TKXA,TKXA
ALEXANDRIA INTL,GAMH,MAP,GAMH,GAMH,GAMH,GAMH
KINGSTON G1,GATE,RTC,YTPM,YTPM,YTPM,YTPM
EPHRATA,GCCW,AIN,GJKZ,GJKZ,GJKZ,GJKZ
ERIE,GCRR,PRT,DYCS,DYCS,DYCS,DYCS
ESLER RGNL,GEQZ,CAP,GAMH,GAMH,GAMH,GAMH
EUGENE,GFPP,CTY,PQWY,PQWY,PQWY,PQWY
EUREKA,GFVP,PRT,BAEY,BAEY,BAEY,BAEY
EUTAW,GGAD,CTY,BRKR,BRKR,BRKR,BRKR
EVANSVILLE,GGFX,CTY,CYWF,CYWF,CYWF,CYWF
EVERETT,GGNF,CTY,PQWY,PQWY,PQWY,PQWY
EVERETT,GGNJ,PRT,PQWY,PQWY,PQWY,PQWY
FRANCIS E WARREN,GHLN,MHP,GHLN,GHLN,GHLN,GHLN
F E WARREN AFB,GHZO,STG,GHLN,GHLN,GHLN,GHLN
FAIRBANKS,GJFV,CTY,FXSB,FXSB,FXSB,FXSB
FAIRBANKS INTL,GJFZ,CAP,FXSB,FXSB,FXSB,FXSB
FAIRCHILD AFB,GJKZ,MAP,GJKZ,GJKZ,GJKZ,GJKZ
FAIRFIELD,GKLX,CTY,YTPM,YTPM,YTPM,YTPM
FAIRFORD,GKVB,MAP,GKVB,GKVB,GKVB,GKVB
FAIRMONT,GKZK,CTY,PJVY,PJVY,PJVY,PJVY
SCHRIEVER AFB,GLEN,ABS,TDHV,TDHV,TDHV,TDHV
FALLON NAS,GLRZ,MAP,BAEY,BAEY,BAEY,BAEY
FALLS CHURCH,GLTD,CTY,BXUR,BXUR,BXUR,BXUR
FALLBROOK,GLZN,NYI,ETZB,ETZB,ETZB,ETZB
FAR ROCKAWAY,GMGG,CTY,PTFL,PTFL,PTFL,PTFL
FARRELL,GNMJ,CTY,DYCS,DYCS,DYCS,DYCS
FAYETTEVILLE,GNYJ,COM,TMKH,TMKH,TMKH,TMKH
FELIXSTOWE,GPEN,PRT,ZFKN,ZFKN,ZFKN,ZFKN
FELKER AAF,GPGK,MAP,MUHJ,MUHJ,MUHJ,MUHJ
GROTON NEW LONDON,GRAQ,JAP,YTPM,YTPM,YTPM,YTPM
GROTON,GRBE,HSP,YTPM,YTPM,YTPM,YTPM
FITZSIMONS GENRL,GRRY,HSP,TDHV,TDHV,TDHV,TDHV
FLORENCE,GTVP,CTY,VLSB,VLSB,VLSB,VLSB
FLUSHING,GUDX,CTY,PTFL,PTFL,PTFL,PTFL
FOLSOM,GUHN,CTY,ZAWN,ZAWN,ZAWN,ZAWN
FORBES FLD,GUQE,JAP,GUQE,GUQE,GUQE,GUQE
FORD ISLAND,GUYP,AIN,KZTV,KZTV,KZTV,KZTV
JBPH-H FORD ISLAN,GUYU,NYI,KZTV,KZTV,KZTV,KZTV
FOREST PARK,GVDN,NYI,DPNB,DPNB,DPNB,DPNB
FOREST PARK,GVEZ,CTY,AQLM,AQLM,AQLM,AQLM
FOREST PARK,GVGZ,CTY,DPNB,DPNB,DPNB,DPNB
WAYNESVILLE ST RO,GWAW,MAP,YWHG,YWHG,YWHG,YWHG
PENSACOLA NAS,GWDD,MAP,FTEV,FTEV,FTEV,FTEV
FOS,GWZP,PRT,ASHE,ASHE,ASHE,ASHE
FOUR LAKES,GXTN,COM,GJKZ,GJKZ,GJKZ,GJKZ
FRANKFORT,GYPS,CTY,WEAS,WEAS,WEAS,WEAS
FRANKFURT MAIN,GYRZ,IAP,GYRZ,GYRZ,GYRZ,GYRZ
FREEPORT,HAAZ,CTY,FTFA,FTFA,FTFA,FTFA
FREEPORT,HABZ,CTY,DPNB,DPNB,DPNB,DPNB
FREEPORT,HAGC,PRT,BJHZ,BJHZ,BJHZ,BJHZ
FRESNO YOSEMITE I,HAWR,JAP,DESR,DESR,DESR,DESR
FRESNO,HAWS,CTY,DESR,DESR,DESR,DESR
FREEWAY,HAYS,APT,FGDC,FGDC,FGDC,FGDC
FRESNO IAP,HAYW,ATM,DESR,DESR,DESR,DESR
BALTIMORE WASHING,HBFB,CAP,AJXF,AJXF,AJXF,AJXF
FT BELVOIR,HCHL,AIN,BXUR,BXUR,BXUR,BXUR
FT BEN HARRISON,HCKL,RTC,CTGC,CTGC,CTGC,CTGC
FT BENNING,HCML,AIN,PNQS,PNQS,PNQS,PNQS
FT BLISS,HCRL,AIN,BPWZ,BPWZ,BPWZ,BPWZ
FT BRAGG,HCTG,CTY,BAEY,BAEY,BAEY,BAEY
FT BRAGG,HCTL,AIN,TMKH,TMKH,TMKH,TMKH
FT BRAGG,HCTM,STG,TMKH,TMKH,TMKH,TMKH
FT CAMPBELL,HDBL,AIN,CYWF,CYWF,CYWF,CYWF
FT CARSON,HDDL,AIN,TDHV,TDHV,TDHV,TDHV
FT CHAFFEE,HDFL,AIN,NKAK,NKAK,NKAK,NKAK
FT DEPOSIT,HEDM,CTY,PNQS,PNQS,PNQS,PNQS
FT DEPOSIT,HEDR,AIN,PNQS,PNQS,PNQS,PNQS
FT DERUSSY,HEFA,AIN,KZTV,KZTV,KZTV,KZTV
FT DES MOINES,HEFE,AIN,SGBP,SGBP,SGBP,SGBP
FT DETRICK,HEFL,AIN,PJVY,PJVY,PJVY,PJVY
FT DEVENS,HEHL,AIN,NNGX,NNGX,NNGX,NNGX
FT DIX,HEKP,AIN,PTFL,PTFL,PTFL,PTFL
FT DIX,HEKQ,COM,PTFL,PTFL,PTFL,PTFL
FT DODGE,HEMP,CTY,SGBP,SGBP,SGBP,SGBP
FT DODGE,HEMT,MSL,SGBP,SGBP,SGBP,SGBP
FT DOUGLAS,HEPT,AIN,KRSM,KRSM,KRSM,KRSM
FT EUSTIS,HERT,AIN,MUHJ,MUHJ,MUHJ,MUHJ
FT GEORGE MEADE,HEZW,AIN,AJXF,AJXF,AJXF,AJXF
FT GORDON,HFDZ,AIN,LEXG,LEXG,LEXG,LEXG
FT HAMILTON,HFHZ,AIN,PTFL,PTFL,PTFL,PTFL
FT HAYES,HFMZ,AIN,ZHTV,ZHTV,ZHTV,ZHTV
FT HOOD,HFTZ,AIN,UHGN,UHGN,UHGN,UHGN
FT HUACHUCA,HFVZ,AIN,FBNV,FBNV,FBNV,FBNV
FT IRWIN,HFXZ,AIN,HUUA,HUUA,HUUA,HUUA
FT WAINWRIGHT AAF,HFZY,MAP,FXSB,FXSB,FXSB,FXSB
FT WAINWRIGHT,HFZZ,AIN,FXSB,FXSB,FXSB,FXSB
FT JACKSON,HGBZ,AIN,DKFX,DKFX,DKFX,DKFX
FT KNOX,HGFW,STG,WEAS,WEAS,WEAS,WEAS
FT KNOX,HGFZ,AIN,WEAS,WEAS,WEAS,WEAS
FT LAWTON,HGLC,AIN,PQWY,PQWY,PQWY,PQWY
FT LEAVENWORTH,HGNC,AIN,GUQE,GUQE,GUQE,GUQE
FT LEE,HGQC,ASN,MUHJ,MUHJ,MUHJ,MUHJ
FT LEE,HGQH,AIN,MUHJ,MUHJ,MUHJ,MUHJ
FT LEONARD WOOD,HGSH,AIN,YWHG,YWHG,YWHG,YWHG
JBLM LEWIS,HGUH,AIN,PQWY,PQWY,PQWY,PQWY
FT MCCOY,HHFD,CTY,LSGE,LSGE,LSGE,LSGE
FT MEADE,HHHC,STG,SHYQ,SHYQ,SHYQ,SHYQ
FT MEADE,HHHD,CTY,NVZR,NVZR,NVZR,NVZR
FT MCCLELLAN,HHJL,AIN,BRKR,BRKR,BRKR,BRKR
FT MEADE,HHKD,CTY,GHLN,GHLN,GHLN,GHLN
FT MCNAIR,HHNL,AIN,BXUR,BXUR,BXUR,BXUR
FT MCPHERSON,HHQL,AIN,AQLM,AQLM,AQLM,AQLM
FT MONMOUTH,HHYL,AIN,PTFL,PTFL,PTFL,PTFL
FT MYER,HJCQ,AIN,BXUR,BXUR,BXUR,BXUR
FT ORD,HJMC,AIN,KJGW,KJGW,KJGW,KJGW
FT PIERCE,HJTH,CTY,SXHT,SXHT,SXHT,SXHT
FORT PIERCE,HJTL,PRT,SXHT,SXHT,SXHT,SXHT
FT STEWART,HJUT,CTY,LEXG,LEXG,LEXG,LEXG
FT POLK,HJVH,AIN,GAMH,GAMH,GAMH,GAMH
FT POLK,HJVJ,STG,GAMH,GAMH,GAMH,GAMH
FT RICHARDSON,HJZH,AIN,FXSB,FXSB,FXSB,FXSB
FT RICHARDSON,HJZJ,ADM,FXSB,FXSB,FXSB,FXSB
FT RILEY,HKBN,AIN,GUQE,GUQE,GUQE,GUQE
FT ROSECRANS,HKEN,AIN,RZQH,RZQH,RZQH,RZQH
FT RUCKER,HKFN,AIN,FTEP,FTEP,FTEP,FTEP
FT RUGER,HKGN,AIN,KZTV,KZTV,KZTV,KZTV
FT SAM HOUSTON,HKHN,AIN,MBPB,MBPB,MBPB,MBPB
FT SHAFTER,HKJN,AIN,KZTV,KZTV,KZTV,KZTV
FT SHERIDAN,HKLN,AIN,YAQF,YAQF,YAQF,YAQF
FT SILL,HKNN,AIN,FNWZ,FNWZ,FNWZ,FNWZ
FT SMITH,HKRV,CTY,NKAK,NKAK,NKAK,NKAK
FORT SMITH RGNL,HKRZ,JAP,NKAK,NKAK,NKAK,NKAK
FT SNELLING,HKSZ,AIN,QJKL,QJKL,QJKL,QJKL
FT STEWART,HKUZ,AIN,LEXG,LEXG,LEXG,LEXG
FT STORY,HKVZ,AIN,SBDW,SBDW,SBDW,SBDW
FT THOMAS,HKXZ,AIN,ZHTV,ZHTV,ZHTV,ZHTV
FT TILDEN,HKYZ,DEP,PTFL,PTFL,PTFL,PTFL
FLUSHING,HKZY,RTC,PTFL,PTFL,PTFL,PTFL
FT TOTTEN,HKZZ,AIN,PTFL,PTFL,PTFL,PTFL
FT VALLEY,HLCC,STG,UHHZ,UHHZ,UHHZ,UHHZ
FT WADSWORTH,HLEC,AIN,PTFL,PTFL,PTFL,PTFL
FT WAINWRIGHT,HLED,COM,FXSB,FXSB,FXSB,FXSB
FT WAYNE,HLLL,CTY,CTGC,CTGC,CTGC,CTGC
FT WORTH,HMAZ,CTY,DDPF,DDPF,DDPF,DDPF
FT WORTH,HMBA,NAV,DDPF,DDPF,DDPF,DDPF
FT WORTH,HMBP,STG,DDPF,DDPF,DDPF,DDPF
FUJAIRAH,HMGB,PRT,VGHV,VGHV,VGHV,VGHV
FULTON,HMZW,CTY,MSQB,MSQB,MSQB,MSQB
ANTLERS,HNRN,RTC,WWYK,WWYK,WWYK,WWYK
MATMATA,HNTK,APT,HNTK,HNTK,HNTK,HNTK
GABES,HNTM,CTY,HNTK,HNTK,HNTK,HNTK
GABES,HNTS,PRT,HNTK,HNTK,HNTK,HNTK
GAFSA,HPBF,APT,HNTK,HNTK,HNTK,HNTK
GAINESVILLE,HPKT,CTY,LSGE,LSGE,LSGE,LSGE
GAINESVILLE,HPMW,CTY,FGWB,FGWB,FGWB,FGWB
GALVESTON,HQLH,CTY,BJHZ,BJHZ,BJHZ,BJHZ
GALVESTON,HQLL,PRT,BJHZ,BJHZ,BJHZ,BJHZ
GARDEN CITY,HREQ,CTY,PRQE,PRQE,PRQE,PRQE
GARDEN CITY,HRLU,CTY,PTFL,PTFL,PTFL,PTFL
GARDEN CITY,HRNV,ANX,PTFL,PTFL,PTFL,PTFL
GARLAND,HSKD,AGS,DDPF,DDPF,DDPF,DDPF
GARY,HSUG,CTY,DPNB,DPNB,DPNB,DPNB
GASTONIA,HSWP,CTY,VLSB,VLSB,VLSB,VLSB
GATE CITY,HSYA,CTY,PSXE,PSXE,PSXE,PSXE
GEN B MITCHELL,HTUV,AGS,HTUX,HTUX,HTUX,HTUX
GENERAL MITCHELL,HTUX,JAP,HTUX,HTUX,HTUX,HTUX
GENOVA,HUPR,PRT,ASHE,ASHE,ASHE,ASHE
SOUTHERN CALIFORN,HUUA,MAP,QKJA,QKJA,QKJA,QKJA
GEORGETOWN,HVWA,CTY,FJXT,FJXT,FJXT,FJXT
GEORGETOWN,HVZP,CTY,RDRD,RDRD,RDRD,RDRD
GILA BEND AF AUX,HXCZ,MAP,NUEX,NUEX,NUEX,NUEX
GLASGOW,HYRF,CTY,WEAS,WEAS,WEAS,WEAS
JACKSONVILLE,JAAK,HSP,LSGE,LSGE,LSGE,LSGE
GLENS FALLS,JADW,CTY,JREZ,JREZ,JREZ,JREZ
CHICAGO CGAS,JAFZ,MAP,DPNB,DPNB,DPNB,DPNB
WAYNE EXECUTIVE J,JBUU,APT,VKAG,VKAG,VKAG,VKAG
GOODFELLOW AFB,JCGU,AFD,FNWZ,FNWZ,FNWZ,FNWZ
DJERBA,JEAH,IAP,JEAH,JEAH,JEAH,JEAH
GOWEN FIELD,JEGW,AIN,QYZH,QYZH,QYZH,QYZH
GRAND FORKS AFB,JFSD,MAP,JFSD,JFSD,JFSD,JFSD
GRAND JUNCTION,JGGZ,CTY,TDHV,TDHV,TDHV,TDHV
GRAND RAPIDS,JGMH,CTY,HTUX,HTUX,HTUX,HTUX
FAYETTEVILLE RGNL,JHPM,CAP,TMKH,TMKH,TMKH,TMKH
GRANTS MILAN MUNI,JHVQ,CAP,MHMV,MHMV,MHMV,MHMV
GRAVESEND,JJRP,PRT,ZFKN,ZFKN,ZFKN,ZFKN
GREAT FALLS,JKSB,CTY,NZAS,NZAS,NZAS,NZAS
GREAT FALLS INTL,JKSE,IAP,NZAS,NZAS,NZAS,NZAS
GREAT LAKES,JKWE,CTY,DPNB,DPNB,DPNB,DPNB
GREAT LAKES NAVY,JKWF,HSP,DPNB,DPNB,DPNB,DPNB
GREAT LAKES,JKWG,NYI,DPNB,DPNB,DPNB,DPNB
GREAT LAKES TNG,JKWP,NYI,DPNB,DPNB,DPNB,DPNB
GENERAL DOWNING P,JLQN,JAP,DPNB,DPNB,DPNB,DPNB
PITTSBURGH MONROE,JLSN,AFD,DYCS,DYCS,DYCS,DYCS
PITTSBURGH INTL,JLSS,JAP,DYCS,DYCS,DYCS,DYCS
NEW CASTLE,JLWS,JAP,FJXT,FJXT,FJXT,FJXT
GREEN BAY,JMCZ,PRT,HTUX,HTUX,HTUX,HTUX
GREENSBORO,JNHL,CTY,PNQS,PNQS,PNQS,PNQS
GREENSBORO,JNHQ,CTY,TMKH,TMKH,TMKH,TMKH
GREENSBURG,JNPY,CTY,PJVY,PJVY,PJVY,PJVY
GREENVILLE,JPJE,CTY,VKAG,VKAG,VKAG,VKAG
GREENVILLE,JPNJ,CTY,PSXE,PSXE,PSXE,PSXE
GREENVILLE DOWNTO,JPNN,CAP,PSXE,PSXE,PSXE,PSXE
GREENVILLE SPARTA,JPPK,CAP,VLSB,VLSB,VLSB,VLSB
GREENWOOD,JPXG,CTY,VLSB,VLSB,VLSB,VLSB
GREER,JQCS,CTY,PSXE,PSXE,PSXE,PSXE
MANCHESTER,JQMA,CAP,NNGX,NNGX,NNGX,NNGX
GRIFFISS INTL,JREZ,APT,JREZ,JREZ,JREZ,JREZ
GROTON,JRZT,CTY,YTPM,YTPM,YTPM,YTPM
GROTON,JRZU,STG,YTPM,YTPM,YTPM,YTPM
GUAM PORT,JSSN,RRL,AJJY,AJJY,AJJY,AJJY
GULFPORT,JTUW,CTY,MAHG,MAHG,MAHG,MAHG
GULFPORT,JTUX,NYI,MAHG,MAHG,MAHG,MAHG
GULFPORT BILOXI I,JTVE,JAP,MAHG,MAHG,MAHG,MAHG
GULFPORT      CBC,JTVG,STG,MAHG,MAHG,MAHG,MAHG
GULFPORT,JTVH,PRT,MAHG,MAHG,MAHG,MAHG
MAXWELL GUNTER AF,JUBJ,AFS,BRKR,BRKR,BRKR,BRKR
HADLOCK,JVZQ,CTY,PQWY,PQWY,PQWY,PQWY
HAIFA,JWJY,PRT,CWKW,CWKW,CWKW,CWKW
HAKATA,JWTD,PRT,MEPJ,MEPJ,MEPJ,MEPJ
HALIFAX,JXKM,PRT,NRCH,NRCH,NRCH,NRCH
HALL,JXPJ,AGS,BRKR,BRKR,BRKR,BRKR
HAMBURG,JYPN,PRT,VWLB,VWLB,VWLB,VWLB
HAMILTON,JYVJ,CTY,BRKR,BRKR,BRKR,BRKR
HAMILTON,JZQS,CTY,ZHTV,ZHTV,ZHTV,ZHTV
MCCHORD,JZSU,TNG,GJKZ,GJKZ,GJKZ,GJKZ
HAMMOND,KAFF,COM,MAHG,MAHG,MAHG,MAHG
SYRACUSE HANCOCK,KBHT,JAP,JREZ,JREZ,JREZ,JREZ
HARLINGEN,KDFD,CTY,MBPB,MBPB,MBPB,MBPB
KENNEDY INTRANATI,KEAQ,APT,AQLM,AQLM,AQLM,AQLM
HARRINGTON,KEFP,CTY,FJXT,FJXT,FJXT,FJXT
HARRISBURG,KEMJ,CTY,SHYQ,SHYQ,SHYQ,SHYQ
HARRISON,KERD,AIN,NKAK,NKAK,NKAK,NKAK
HARTFORD,KFDS,CTY,YTPM,YTPM,YTPM,YTPM
HARTFORD,KFKV,CTY,HTUX,HTUX,HTUX,HTUX
HATTIESBURG,KGLC,CTY,MAHG,MAHG,MAHG,MAHG
HAWAII,KHFQ,MSL,LYAX,LYAX,LYAX,LYAX
HAWTHORNE INDUSTR,KHSH,APT,DESR,DESR,DESR,DESR
HAWTHORNE AAP,KHST,AMO,DESR,DESR,DESR,DESR
HAYS,KJER,CTY,PRQE,PRQE,PRQE,PRQE
HAYWARD,KJGR,CTY,KJGW,KJGW,KJGW,KJGW
HAYWARD EXECUTIVE,KJGW,JAP,KJGW,KJGW,KJGW,KJGW
HECTOR INTL,KKGA,IAP,JFSD,JFSD,JFSD,JFSD
HEMPSTEAD,KLKD,CTY,PTFL,PTFL,PTFL,PTFL
HENDERSON,KLSD,CTY,RKMF,RKMF,RKMF,RKMF
HENDERSON,KLUK,CTY,BWKR,BWKR,BWKR,BWKR
HENRY POST AAF,KLZU,MAP,AGGN,AGGN,AGGN,AGGN
HIALEAH,KNJD,CTY,KYJL,KYJL,KYJL,KYJL
JBPH-H HICKAM FLD,KNMD,MAP,KNMD,KNMD,KNMD,KNMD
DMA DPO HICKAM,KNMK,DEP,KZTV,KZTV,KZTV,KZTV
HILL AFB,KRSM,MAP,QYZH,QYZH,QYZH,QYZH
HILL AFB,KRSQ,STG,KRSM,KRSM,KRSM,KRSM
HILLSBORO,KSRM,CTY,JFSD,JFSD,JFSD,JFSD
HOBART,KUHK,CTY,DPNB,DPNB,DPNB,DPNB
HOLLOMAN AFB,KWRD,MAP,BPWZ,BPWZ,BPWZ,BPWZ
ST PAUL DOWNTOWN,KXPD,JAP,QJKL,QJKL,QJKL,QJKL
HOMESTEAD AFB,KYJL,MAP,KYJL,KYJL,KYJL,KYJL
HONG KONG ABERDEE,KZPH,PRT,DVLK,DVLK,DVLK,DVLK
HONOLULU,KZTR,CTY,KNMD,KNMD,KNMD,KNMD
HONOLULU INTL,KZTV,JAP,KZTV,KZTV,KZTV,KZTV
HONOLULU,KZTZ,PRT,KZTV,KZTV,KZTV,KZTV
HOOD AAF,KZVP,MAP,UHGN,UHGN,UHGN,UHGN
HOUSTON,LCMM,CTY,BJHZ,BJHZ,BJHZ,BJHZ
HOUSTON,LCMT,PRT,BJHZ,BJHZ,BJHZ,BJHZ
TERRE HAUTE INTL,LDXF,JAP,CTGC,CTGC,CTGC,CTGC
HUMBOLDT,LDXZ,CTY,BWKR,BWKR,BWKR,BWKR
LEMOORE,LEAS,HSP,DESR,DESR,DESR,DESR
HUNTER,LEKF,WAE,LEXG,LEXG,LEXG,LEXG
HUNTER AAF,LEXG,MAP,LEXG,LEXG,LEXG,LEXG
FT HUNTER LIGGETT,LEXN,AIN,XUMU,XUMU,XUMU,XUMU
HUNTINGTON,LFMS,CTY,ZHTV,ZHTV,ZHTV,ZHTV
HUNTSVILLE,LFSF,CTY,BRKR,BRKR,BRKR,BRKR
HUNTSVILLE INTL C,LFSU,CAP,BRKR,BRKR,BRKR,BRKR
HURLEY,LFWC,CTY,YAQF,YAQF,YAQF,YAQF
HURON,LGAA,AIN,JFSD,JFSD,JFSD,JFSD
HUTCHINSON,LGJZ,CTY,PRQE,PRQE,PRQE,PRQE
HYANNIS,LGSL,CTY,NNGX,NNGX,NNGX,NNGX
JOHN F KENNEDY IN,LHNZ,CAP,PTFL,PTFL,PTFL,PTFL
INDEPENDENCE,LKCM,CTY,PRQE,PRQE,PRQE,PRQE
INDEPENDENCE,LKEV,CTY,YWHG,YWHG,YWHG,YWHG
FT INDIANTOWN GAP,LKLW,AGS,SHYQ,SHYQ,SHYQ,SHYQ
INDIAN ISLAND,LKPE,PRT,PQWY,PQWY,PQWY,PQWY
INDIAN ISLAND ORD,LKPF,AMO,PQWY,PQWY,PQWY,PQWY
CREECH AFB,LKTC,MAP,RKMF,RKMF,RKMF,RKMF
INDIANAPOLIS INTL,LLFN,JAP,CTGC,CTGC,CTGC,CTGC
INDIANAPOLIS,LLFQ,CTY,CTGC,CTGC,CTGC,CTGC
FT INDIANTOWN GAP,LLLB,AIN,SHYQ,SHYQ,SHYQ,SHYQ
INGLESIDE,LLTY,PRT,MBPB,MBPB,MBPB,MBPB
INGLESIDE,LLXC,CTY,MBPB,MBPB,MBPB,MBPB
INKSTER,LMDV,CTY,DYCS,DYCS,DYCS,DYCS
IOWA AR AMMO PLT,LNLM,AIN,QJKL,QJKL,QJKL,QJKL
LONG BEACH,LPAS,HSP,FUZD,FUZD,FUZD,FUZD
IRVINE,LPNH,ADM,FUZD,FUZD,FUZD,FUZD
IZMIR,LRNC,PRT,CWKW,CWKW,CWKW,CWKW
JACKSON,LRUD,CTY,AQLM,AQLM,AQLM,AQLM
JACKSON EVERS INT,LRXQ,IAP,MAHG,MAHG,MAHG,MAHG
JACKSON,LRXY,CTY,MAHG,MAHG,MAHG,MAHG
JACKSON,LSAU,CTY,BWKR,BWKR,BWKR,BWKR
JACKSON BARRACKS,LSBC,AGS,MAHG,MAHG,MAHG,MAHG
JACKSONVILLE,LSEK,COM,LSGE,LSGE,LSGE,LSGE
JACKSONVILLE,LSFY,CTY,LSGE,LSGE,LSGE,LSGE
JACKSONVILLE INTL,LSGA,JAP,LSGE,LSGE,LSGE,LSGE
JACKSONVILLE,LSGB,STG,LSGE,LSGE,LSGE,LSGE
JACKSONVILLE NAS,LSGE,MAP,LSGE,LSGE,LSGE,LSGE
JACKSONVILLE,LSGG,ADM,LSGE,LSGE,LSGE,LSGE
JACKSONVILLE,LSGM,PRT,LSGE,LSGE,LSGE,LSGE
JACKSONVILLE JCT,LSLG,CTY,LSGE,LSGE,LSGE,LSGE
JASPER,LTRC,CTY,BRKR,BRKR,BRKR,BRKR
JEFFERSON,LTUJ,CTY,SGBP,SGBP,SGBP,SGBP
JEFFERSON BRK,LTUY,AGS,MSQB,MSQB,MSQB,MSQB
JEFFERSON BARRACK,LTVJ,AIN,MSQB,MSQB,MSQB,MSQB
JEFFERSON,LTVK,CTY,PSXE,PSXE,PSXE,PSXE
JEFFERSON CITY,LTWH,CTY,YWHG,YWHG,YWHG,YWHG
JACK BROOKS RGNL,LTYB,CAP,GAMH,GAMH,GAMH,GAMH
JEFFERSONVILLE,LUCN,CTY,WEAS,WEAS,WEAS,WEAS
JERSEY CITY,LUNH,CTY,PTFL,PTFL,PTFL,PTFL
JEDDAH,LUTP,PRT,UGZX,UGZX,UGZX,UGZX
JOE FOSS FLD,LUXC,JAP,SGBP,SGBP,SGBP,SGBP
CHARLESTON EXECUT,LVDB,CAP,DKFX,DKFX,DKFX,DKFX
JOHNSON CITY,LVGY,CTY,PSXE,PSXE,PSXE,PSXE
JOHNSTON,LVMC,CTY,SGBP,SGBP,SGBP,SGBP
JOHNSTOWN,LVQT,CTY,PJVY,PJVY,PJVY,PJVY
JOHN MURTHA JOHNS,LVQX,CAP,PJVY,PJVY,PJVY,PJVY
WARMINSTER NAWC,LVSH,MAP,ZAWN,ZAWN,ZAWN,ZAWN
JOLIET,LVTN,CTY,DPNB,DPNB,DPNB,DPNB
JONESBORO,LVXY,CTY,BWKR,BWKR,BWKR,BWKR
JOPLIN,LWAT,CTY,YWHG,YWHG,YWHG,YWHG
JUBAIL PORT,LWEV,PRT,ATXK,ATXK,ATXK,ATXK
JUNCTION CITY,LWLZ,CTY,YAQF,YAQF,YAQF,YAQF
K I SAWYER AFB,LWRC,MAP,YAQF,YAQF,YAQF,YAQF
KADENA AB,LXEZ,MAP,LXEZ,LXEZ,LXEZ,LXEZ
KAENA POINT,LXHY,MSL,AVXV,AVXV,AVXV,AVXV
KANDLA,LYAP,PRT,VGHV,VGHV,VGHV,VGHV
KANEOHE BAY MCAF,LYAX,MAP,LYAX,LYAX,LYAX,LYAX
KANEOHE,LYBC,CTY,LYAX,LYAX,LYAX,LYAX
KANEOHE MCAS,LYBD,AMO,LYAX,LYAX,LYAX,LYAX
YEAGER,LYBH,JAP,ZHTV,ZHTV,ZHTV,ZHTV
KANSAS CITY,LYLC,CTY,GUQE,GUQE,GUQE,GUQE
KANSAS CITY,LYNH,CTY,GUQE,GUQE,GUQE,GUQE
KANSAS CITY,LYNK,NAV,GUQE,GUQE,GUQE,GUQE
KANSAS CITY INTL,LYNM,IAP,GUQE,GUQE,GUQE,GUQE
KANSAS CTY REC CT,LYNS,AIN,GUQE,GUQE,GUQE,GUQE
KAOHSIUNG TSOYING,LYRV,NYI,DVLK,DVLK,DVLK,DVLK
KAPALAMA,LYRW,AIN,KZTV,KZTV,KZTV,KZTV
KARACHI,LYTM,PRT,VGHV,VGHV,VGHV,VGHV
KEARNY,MAAU,PRT,PTFL,PTFL,PTFL,PTFL
KEEDYSVILLE,MADG,CTY,AJXF,AJXF,AJXF,AJXF
KEENE,MAFU,CTY,YTPM,YTPM,YTPM,YTPM
KEESLER AFB,MAHG,MAP,MAHG,MAHG,MAHG,MAHG
KELIBIA,MBJJ,PRT,STRL,STRL,STRL,STRL
KELLOG,MBLS,CTY,QJKL,QJKL,QJKL,QJKL
W K KELLOGG,MBMV,JAP,CTGC,CTGC,CTGC,CTGC
JBSA KELLY AFB,MBPB,MAP,MBPB,MBPB,MBPB,MBPB
KELLY CORNERS,MBPD,CTY,JREZ,JREZ,JREZ,JREZ
KENOSHA,MCYS,PRT,HTUX,HTUX,HTUX,HTUX
KENT,MDDS,CTY,PQWY,PQWY,PQWY,PQWY
KEY FLD,MDVL,JAP,MAHG,MAHG,MAHG,MAHG
KEY WEST NAVY,MDWT,HSP,KYJL,KYJL,KYJL,KYJL
KEY WEST NAS,MDWY,MAP,KYJL,KYJL,KYJL,KYJL
KEY WEST,MDXB,PRT,KYJL,KYJL,KYJL,KYJL
KEYPORT NTS,MDYA,AMO,PQWY,PQWY,PQWY,PQWY
WHIDBEY IS     SB,MDYH,STG,PQWY,PQWY,PQWY,PQWY
MILLINGTON RGNL,MEAN,APT,BWKR,BWKR,BWKR,BWKR
GIMHAE INTL,MEPJ,JAP,MEPJ,MEPJ,MEPJ,MEPJ
KINGS BAY,MFRN,PRT,LSGE,LSGE,LSGE,LSGE
KINGS MILLS,MFSZ,CTY,ZHTV,ZHTV,ZHTV,ZHTV
KINGS MILL ORD PL,MFTE,AIN,ZHTV,ZHTV,ZHTV,ZHTV
KLAMATH FALLS,MFWM,IAP,BAEY,BAEY,BAEY,BAEY
KINGWOOD,MGMD,CTY,PJVY,PJVY,PJVY,PJVY
KIRTLAND AFB,MHMV,ABS,MHMV,MHMV,MHMV,MHMV
MILLINGTON,MJAT,HSP,BWKR,BWKR,BWKR,BWKR
KISSIMMEE GATEWAY,MJDH,CAP,SXHT,SXHT,SXHT,SXHT
KLAMATH FALLS,MJNV,CTY,BAEY,BAEY,BAEY,BAEY
KNOXVILLE,MJYV,CTY,PSXE,PSXE,PSXE,PSXE
KOBE,MKAG,PRT,ZNRE,ZNRE,ZNRE,ZNRE
KOPER,MLDL,PRT,ASHE,ASHE,ASHE,ASHE
KULIS,MLRV,AGS,FXSB,FXSB,FXSB,FXSB
KUNIA,MLVK,CTY,AVXV,AVXV,AVXV,AVXV
KUNSAN,MLWY,PRT,SMYU,SMYU,SMYU,SMYU
KWANGYANG,MMGH,PRT,MEPJ,MEPJ,MEPJ,MEPJ
LA CROSSE,MMQR,CTY,YAQF,YAQF,YAQF,YAQF
LA GRANDE,MMUL,CTY,GJKZ,GJKZ,GJKZ,GJKZ
LA PORTE,MNWA,AGS,BJHZ,BJHZ,BJHZ,BJHZ
LA TUNA,MPBP,CTY,BPWZ,BPWZ,BPWZ,BPWZ
MONTGOMERY,MPCP,AGS,PNQS,PNQS,PNQS,PNQS
JBSA LACKLAND AFB,MPLS,ADM,MBPB,MBPB,MBPB,MBPB
LAFAYETTE,MQEJ,CTY,CTGC,CTGC,CTGC,CTGC
LAFAYETTE,MQFA,CTY,GAMH,GAMH,GAMH,GAMH
LAJES,MQNA,IAP,MQNA,MQNA,MQNA,MQNA
LAKE CHARLES,MQST,CTY,GAMH,GAMH,GAMH,GAMH
LAKE CITY,MQUK,CTY,LSGE,LSGE,LSGE,LSGE
LAKE CTY AMMO PLT,MQUZ,AIN,YWHG,YWHG,YWHG,YWHG
LAKE MEAD BASE,MRKT,AIN,RKMF,RKMF,RKMF,RKMF
LAKEHURST,MSBK,CTY,PTFL,PTFL,PTFL,PTFL
LAKELAND,MSDK,CTY,NVZR,NVZR,NVZR,NVZR
LAKENHEATH,MSET,MAP,MSET,MSET,MSET,MSET
LAMBERT ST LOUIS,MSQB,JAP,MSQB,MSQB,MSQB,MSQB
LANCASTER,MTET,CAP,SHYQ,SHYQ,SHYQ,SHYQ
LANCASTER,MTEU,CTY,SHYQ,SHYQ,SHYQ,SHYQ
JB LANGLEY-EUSTIS,MUHJ,MAP,MUHJ,MUHJ,MUHJ,MUHJ
LANSING,MUUU,CTY,ZJXD,ZJXD,ZJXD,ZJXD
LARAMIE,MVHZ,CTY,GHLN,GHLN,GHLN,GHLN
LAREDO,MVKR,CTY,MBPB,MBPB,MBPB,MBPB
LAS VEGAS,MWRJ,CTY,RKMF,RKMF,RKMF,RKMF
LATHAM,MWWC,CTY,YTPM,YTPM,YTPM,YTPM
LATHROP,MWXP,CTY,XDAT,XDAT,XDAT,XDAT
LAUGHLIN AFB,MXDP,MAP,MBPB,MBPB,MBPB,MBPB
LAURENCE G HANSCO,MXRD,CAP,NNGX,NNGX,NNGX,NNGX
LAWRENCE,MYKJ,CTY,GUQE,GUQE,GUQE,GUQE
LAWRENCE,MYMU,CTY,NNGX,NNGX,NNGX,NNGX
LAWRENCE MUNI,MYMW,CAP,NNGX,NNGX,NNGX,NNGX
LAWRENCEVILLE,MYTZ,CTY,PTFL,PTFL,PTFL,PTFL
LAWTON,MYWX,CTY,YWHG,YWHG,YWHG,YWHG
LAWSON AAF,MYXZ,MAP,MYXZ,MYXZ,MYXZ,MYXZ
LE HAVRE,MZJK,PRT,GKVB,GKVB,GKVB,GKVB
LEAVENWORTH,MZXD,CTY,GUQE,GUQE,GUQE,GUQE
LIVORNO,NBDY,PRT,ASHE,ASHE,ASHE,ASHE
LEHIGH VALLEY,NBHN,RTC,ZAWN,ZAWN,ZAWN,ZAWN
LEHIGH VALLEY,NBHO,NYI,ZAWN,ZAWN,ZAWN,ZAWN
LEHI,NBJC,CTY,KRSM,KRSM,KRSM,KRSM
LEMOORE NAS,NCBW,MAP,DESR,DESR,DESR,DESR
LETTERKENNY DEPOT,NDAM,AIN,PJVY,PJVY,PJVY,PJVY
LETTERKENNY DEPOT,NDAN,AMO,PJVY,PJVY,PJVY,PJVY
LEWES,NDNK,NYI,FJXT,FJXT,FJXT,FJXT
NEW ORLEANS,NEAC,CLN,MAHG,MAHG,MAHG,MAHG
LEWISTOWN,NEFW,CTY,SHYQ,SHYQ,SHYQ,SHYQ
LEXINGTON BLGR AD,NEKS,AIN,WEAS,WEAS,WEAS,WEAS
LEXINGTON,NELF,CTY,WEAS,WEAS,WEAS,WEAS
LEXINGTON,NENL,CTY,NNGX,NNGX,NNGX,NNGX
LEXINGTON,NEQR,CTY,YWHG,YWHG,YWHG,YWHG
SIERRA VISTA MUNI,NEWR,JAP,FBNV,FBNV,FBNV,FBNV
WRIGHT AAF MIDCOA,NEYU,MAP,LEXG,LEXG,LEXG,LEXG
LINCOLN,NGCB,JAP,SGBP,SGBP,SGBP,SGBP
LINCOLN,NGCS,CTY,SGBP,SGBP,SGBP,SGBP
SAN DIEGO INTL,NGWV,JAP,RZQH,RZQH,RZQH,RZQH
LITTLE CREEK AMPH,NJNF,PRT,SBDW,SBDW,SBDW,SBDW
LITTLE CREEK,NJNK,NYI,SBDW,SBDW,SBDW,SBDW
LITTLE ROCK AFB,NKAK,MAP,NKAK,NKAK,NKAK,NKAK
LITTLE ROCK,NKBV,CTY,NKAK,NKAK,NKAK,NKAK
LIVERPOOL,NLFL,PRT,XQDT,XQDT,XQDT,XQDT
RICKENBACKER INTL,NLZG,MAP,ZHTV,ZHTV,ZHTV,ZHTV
RICKENBACKER  ANG,NLZL,ANX,ZHTV,ZHTV,ZHTV,ZHTV
GENERAL EDWARD LA,NNGX,IAP,NNGX,NNGX,NNGX,NNGX
LOGAN,NNLX,CTY,KRSM,KRSM,KRSM,KRSM
LOME,NNWH,PRT,FTZH,FTZH,FTZH,FTZH
LONE STAR AMMO PL,NPMM,AIN,AWUB,AWUB,AWUB,AWUB
LONG BEACH,NPTG,CTY,FUZD,FUZD,FUZD,FUZD
LONG BEACH,NPTM,CAP,FUZD,FUZD,FUZD,FUZD
LONG BEACH CGAS,NPTN,ANX,FUZD,FUZD,FUZD,FUZD
LONG BEACH NSC,NPTR,PRT,FUZD,FUZD,FUZD,FUZD
LONG BEACH,NPTU,PRT,FUZD,FUZD,FUZD,FUZD
LONG BEACH    NSY,NPTW,NYI,FUZD,FUZD,FUZD,FUZD
LONG ISLAND,NPVL,BAY,YTPM,YTPM,YTPM,YTPM
LORING INTL,NRCH,CAP,NRCH,NRCH,NRCH,NRCH
LOS ALAMITOS AAF,NRTX,MAP,FUZD,FUZD,FUZD,FUZD
LOS ANGELES Z12,NRZE,CTY,TKXA,TKXA,TKXA,TKXA
LOS ANGELES,NSAB,CTY,FUZD,FUZD,FUZD,FUZD
LOS ANGELES INTL,NSAG,JAP,TKXA,TKXA,TKXA,TKXA
LOS ANGELES,NSAN,PRT,FUZD,FUZD,FUZD,FUZD
LOUISVILLE,NSQG,APT,WEAS,WEAS,WEAS,WEAS
LOUISVILLE,NSQM,CTY,WEAS,WEAS,WEAS,WEAS
LOUISVILLE,NSQN,NYI,WEAS,WEAS,WEAS,WEAS
LOVELL FLD,NTEA,CAP,FGWB,FGWB,FGWB,FGWB
LOWRY,NTNB,TNG,TDHV,TDHV,TDHV,TDHV
LUALUALEI NAVMAG,NTUC,AMO,AVXV,AVXV,AVXV,AVXV
LUALUALEI NMD,NTUF,NYI,AVXV,AVXV,AVXV,AVXV
LUALUALEI WEST LO,NTUH,PRT,KZTV,KZTV,KZTV,KZTV
LUBBOCK,NTWF,CTY,CZQZ,CZQZ,CZQZ,CZQZ
LUBBOCK PRESTON S,NTWM,CAP,CZQZ,CZQZ,CZQZ,CZQZ
LUKE AFB,NUEX,MAP,NUEX,NUEX,NUEX,NUEX
LYNCHBURG,NVED,CTY,PJVY,PJVY,PJVY,PJVY
LYON,NVUS,CTY,NKAK,NKAK,NKAK,NKAK
MACDILL AFB,NVZR,MAP,NVZR,NVZR,NVZR,NVZR
MADANIYIN,NWXN,AFD,JEAH,JEAH,JEAH,JEAH
MADIGAN GENERAL,NXBY,HSP,PQWY,PQWY,PQWY,PQWY
MADILL,NXCC,CTY,WWYK,WWYK,WWYK,WWYK
MADISON,NXHE,CTY,YAQF,YAQF,YAQF,YAQF
MAJORS,NYJY,CAP,DDPF,DDPF,DDPF,DDPF
JBPH-H MAKALAPA,NYNF,NBA,KZTV,KZTV,KZTV,KZTV
MALMSTROM AFB HEL,NZAS,MHP,NZAS,NZAS,NZAS,NZAS
FWD BASE,OPA1,OPA,OPA1,HNTK,HNTK,HNTK
FWD BASE 2ND,OPA2,OPA,OPA1,OPA1,OPA1,OPA1
PATUXENT RIVER,PABH,HSP,AJXF,AJXF,AJXF,AJXF
MANCHESTER,PADV,CTY,NNGX,NNGX,NNGX,NNGX
MANDAN,PAJP,CTY,QJVF,QJVF,QJVF,QJVF
MANHATTAN,PASP,CTY,GUQE,GUQE,GUQE,GUQE
MANILA,PAXM,PRT,DVLK,DVLK,DVLK,DVLK
MANITOWOC,PBDH,CTY,HTUX,HTUX,HTUX,HTUX
MANSFIELD,PBXH,CTY,DYCS,DYCS,DYCS,DYCS
MANSFIELD LAHM RG,PBXP,JAP,DYCS,DYCS,DYCS,DYCS
MANZANILLO,PCFC,PRT,MBPB,MBPB,MBPB,MBPB
MANZANILLO,PCFG,PRT,KYJL,KYJL,KYJL,KYJL
MARCH ARB,PCZP,MAP,PCZP,PCZP,PCZP,PCZP
MARCH,PCZT,RTC,PCZP,PCZP,PCZP,PCZP
MARE ISLAND,PDZE,NYI,XDAT,XDAT,XDAT,XDAT
MARE ISLAND   NSY,PDZF,STG,XDAT,XDAT,XDAT,XDAT
PEARL HARBOR,PEBG,CLN,KZTV,KZTV,KZTV,KZTV
PENDLETON,PEBH,CTY,ETZB,ETZB,ETZB,ETZB
MARIETTA,PEQA,COM,FGWB,FGWB,FGWB,FGWB
MARIETTA,PEQE,CTY,FGWB,FGWB,FGWB,FGWB
MARIETTA      NAS,PEQF,STG,FGWB,FGWB,FGWB,FGWB
MARION,PFKS,CTY,VDYD,VDYD,VDYD,VDYD
MARION,PFTE,CTY,ZHTV,ZHTV,ZHTV,ZHTV
PHILADELPHIA,PHAG,FHG,ZAWN,ZAWN,ZAWN,ZAWN
MARSHALL AAF,PHMS,MAP,GUQE,GUQE,GUQE,GUQE
MARTIN,PJFS,AGS,BRKR,BRKR,BRKR,BRKR
MARTIN STATE,PJMS,JAP,AJXF,AJXF,AJXF,AJXF
MARTINSBURG,PJVS,CTY,PJVY,PJVY,PJVY,PJVY
EASTERN WV RGNL S,PJVY,JAP,PJVY,PJVY,PJVY,PJVY
MARYVILLE,PKRY,CTY,SGBP,SGBP,SGBP,SGBP
MASAN,PKVP,PRT,MEPJ,MEPJ,MEPJ,MEPJ
SACRAMENTO MATHER,PLXL,MAP,XDAT,XDAT,XDAT,XDAT
MATTYDALE,PNCZ,CTY,JREZ,JREZ,JREZ,JREZ
MAXWELL AFB,PNQS,MAP,PNQS,PNQS,PNQS,PNQS
PORT HUENEME,PPBC,CLN,TKXA,TKXA,TKXA,TKXA
MAYPORT NS,PPSB,MAP,LSGE,LSGE,LSGE,LSGE
MAYPORT,PPSC,NYI,LSGE,LSGE,LSGE,LSGE
MAYPORT NAVAL ST,PPSH,PRT,LSGE,LSGE,LSGE,LSGE
MCALESTER     AAP,PQEK,AMO,WWYK,WWYK,WWYK,WWYK
MCALESTER,PQEL,CTY,WWYK,WWYK,WWYK,WWYK
MCALESTER AAP,PQEM,NYI,WWYK,WWYK,WWYK,WWYK
MC CARRAN INTL,PQSY,CAP,RKMF,RKMF,RKMF,RKMF
JBLM MCCHORD FLD,PQWY,MAP,PQWY,PQWY,PQWY,PQWY
ORLANDO,PRAY,HSP,SXHT,SXHT,SXHT,SXHT
MC CLELLAN AFLD,PRJY,APT,BAEY,BAEY,BAEY,BAEY
COBB CO MC COLLUM,PRNG,APT,FGWB,FGWB,FGWB,FGWB
MC CONNELL AFB,PRQE,MAP,PRQE,PRQE,PRQE,PRQE
MCCONNELL     ANG,PRQG,ANX,PRQE,PRQE,PRQE,PRQE
MCCONNELSVILLE,PRXK,CTY,ZHTV,ZHTV,ZHTV,ZHTV
MC CLELLAN AFB,PRYV,STG,BAEY,BAEY,BAEY,BAEY
ORLANDO INTL,PSAX,CAP,SXHT,SXHT,SXHT,SXHT
SPARTA FORT MC CO,PSBE,JAP,YAQF,YAQF,YAQF,YAQF
MC ENTIRE JNGB,PSTE,MAP,VLSB,VLSB,VLSB,VLSB
MC GHEE TYSON,PSXE,JAP,PSXE,PSXE,PSXE,PSXE
MC GUIRE FLD,PTFL,MAP,PTFL,PTFL,PTFL,PTFL
MCGUIRE AFB,PTFM,ADM,PTFL,PTFL,PTFL,PTFL
MCGUIRE,PTFY,NAV,PTFL,PTFL,PTFL,PTFL
OUED SIAH,PUBW,APT,NWXN,NWXN,NWXN,NWXN
MCKEESPORT,PUCT,NYI,PJVY,PJVY,PJVY,PJVY
MECHANICSBURG,PVKT,NYI,SHYQ,SHYQ,SHYQ,SHYQ
MECHANICSBURG,PVSB,STG,SHYQ,SHYQ,SHYQ,SHYQ
MECHANICSBURG,PVSD,STG,FJXT,FJXT,FJXT,FJXT
MECHANICSBURG ICP,PVSE,STG,SHYQ,SHYQ,SHYQ,SHYQ
MEDINA,PWEL,TNG,MBPB,MBPB,MBPB,MBPB
MELBOURNE,PWYL,CTY,SXHT,SXHT,SXHT,SXHT
HOT SPGS MEMORIAL,PYGY,APT,NKAK,NKAK,NKAK,NKAK
MEMPHIS DEPOT,PYJT,AIN,BWKR,BWKR,BWKR,BWKR
MEMPHIS       ANG,PYJX,ANX,BWKR,BWKR,BWKR,BWKR
MEMPHIS,PYKB,RTC,BWKR,BWKR,BWKR,BWKR
MEMPHIS,PYKC,STG,BWKR,BWKR,BWKR,BWKR
MEMPHIS,PYKE,CTY,BWKR,BWKR,BWKR,BWKR
MEMPHIS,PYKG,NYI,BWKR,BWKR,BWKR,BWKR
MEMPHIS INTL,PYKL,JAP,BWKR,BWKR,BWKR,BWKR
MEMPHIS,PYKS,NYI,BWKR,BWKR,BWKR,BWKR
LITTLE RIVER,PYVR,APT,XDAT,XDAT,XDAT,XDAT
MERIDIAN,QALE,CTY,MAHG,MAHG,MAHG,MAHG
MERIDIAN NAS,QALG,MAP,BRKR,BRKR,BRKR,BRKR
MESQUITE,QBLU,CTY,DDPF,DDPF,DDPF,DDPF
COLUMBIA,QCDH,RTC,YWHG,YWHG,YWHG,YWHG
MIAMI,QCEY,CTY,KYJL,KYJL,KYJL,KYJL
MIAMI,QCFA,NYI,KYJL,KYJL,KYJL,KYJL
MIAMI INTL,QCFE,IAP,KYJL,KYJL,KYJL,KYJL
MIAMI,QCFF,PRT,KYJL,KYJL,KYJL,KYJL
MICHAEL AAF,QCQQ,MAP,KRSM,KRSM,KRSM,KRSM
MIDDLETOWN,QDVL,CTY,YTPM,YTPM,YTPM,YTPM
MIDDLETOWN,QEDS,CTY,NNGX,NNGX,NNGX,NNGX
MIDWAY,QEPR,CTY,QSEU,QSEU,QSEU,QSEU
MILAN AMMO PLANT,QFND,AIN,BWKR,BWKR,BWKR,BWKR
MILBANK,QFNM,CTY,QJKL,QJKL,QJKL,QJKL
MILDENHALL,QFQE,MAP,QFQE,QFQE,QFQE,QFQE
MILLINGTON,QGVL,CTY,BWKR,BWKR,BWKR,BWKR
MILWAUKEE,QHLE,CTY,HTUX,HTUX,HTUX,HTUX
MILWAUKEE M 02,QHMA,STG,HTUX,HTUX,HTUX,HTUX
JEBEL ALI,QHPB,PRT,VGHV,VGHV,VGHV,VGHV
MINA SAQR,QHPD,PRT,VGHV,VGHV,VGHV,VGHV
MINA ZAYED,QHPF,PRT,VGHV,VGHV,VGHV,VGHV
MINNEAPOLIS ST PA,QJKL,JAP,QJKL,QJKL,QJKL,QJKL
MINN ST PAUL,QJKS,SVC,QJKL,QJKL,QJKL,QJKL
MINNEAPOLIS,QJNT,CTY,QJKL,QJKL,QJKL,QJKL
MINOT AFB,QJVF,MAP,QJVF,QJVF,QJVF,QJVF
MINOT,QJVZ,CTY,QJVF,QJVF,QJVF,QJVF
MINOT INTL,QJWG,CAP,QJVF,QJVF,QJVF,QJVF
MIRAMAR MCAS,QKJA,MAP,QKJA,QKJA,QKJA,QKJA
MISSION,QKTA,CTY,GUQE,GUQE,GUQE,GUQE
MOBERLY,QMDU,CTY,YWHG,YWHG,YWHG,YWHG
MOBILE,QMFU,CTY,MAHG,MAHG,MAHG,MAHG
MOBILE,QMFZ,PRT,MAHG,MAHG,MAHG,MAHG
MOFFETT FEDERAL A,QMSN,MAP,KJGW,KJGW,KJGW,KJGW
MOKPO,QNPW,PRT,MEPJ,MEPJ,MEPJ,MEPJ
HABIB BOURGUIBA I,QNVA,IAP,FUQN,FUQN,FUQN,FUQN
MONROE,QPFW,CTY,AQLM,AQLM,AQLM,AQLM
MONROE,QPMA,CTY,HTUX,HTUX,HTUX,HTUX
MONTGOMERY,QQSN,CTY,MYXZ,MYXZ,MYXZ,MYXZ
MONTESSEUR,QRAW,APT,FTZH,FTZH,FTZH,FTZH
MOODY AFB,QSEU,MAP,QSEU,QSEU,QSEU,QSEU
MOREHEAD CITY,QTUP,PRT,DNNL,DNNL,DNNL,DNNL
MOREHEAD CITY,QTUR,POL,DNNL,DNNL,DNNL,DNNL
MORENO VALLEY,QTXL,AFD,PCZP,PCZP,PCZP,PCZP
MORGANTOWN,QUEG,CTY,PJVY,PJVY,PJVY,PJVY
MORRISVILLE,QVNC,CTY,TMKH,TMKH,TMKH,TMKH
MOUNDSVILLE,QWZM,CTY,DYCS,DYCS,DYCS,DYCS
MT CLEMENS,QYDL,CTY,DYCS,DYCS,DYCS,DYCS
MOUNTAIN HOME AFB,QYZH,MAP,QYZH,QYZH,QYZH,QYZH
MUKHOJIN NI,RBXH,PRT,SMYU,SMYU,SMYU,SMYU
MURRAY,RCXQ,CTY,CYWF,CYWF,CYWF,CYWF
MUSCAT,RCYQ,CTY,VGHV,VGHV,VGHV,VGHV
MUSCAT,RCYT,PRT,VGHV,VGHV,VGHV,VGHV
MUSKOGEE,RDKD,CTY,WWYK,WWYK,WWYK,WWYK
MYRTLE BEACH INTL,RDRD,JAP,RDRD,RDRD,RDRD,RDRD
REMADA,REAG,APT,NWXN,NWXN,NWXN,NWXN
NAGOYA,RELG,PRT,ZNRE,ZNRE,ZNRE,ZNRE
NAHA,REPV,PRT,LXEZ,LXEZ,LXEZ,LXEZ
NAPLES,RGJW,PRT,STRL,STRL,STRL,STRL
NEW ORLEANS NAVSA,RGNP,NYI,MAHG,MAHG,MAHG,MAHG
NASHVILLE,RHAS,STG,CYWF,CYWF,CYWF,CYWF
NASHVILLE,RHEL,CTY,CYWF,CYWF,CYWF,CYWF
NATICK LABORATORY,RHTC,AIN,NNGX,NNGX,NNGX,NNGX
NAVY YARD,RJHC,NYI,BXUR,BXUR,BXUR,BXUR
NEDERLAND,RJVF,AGS,GAMH,GAMH,GAMH,GAMH
NELLIS AFB,RKMF,MAP,RKMF,RKMF,RKMF,RKMF
NEW CUMBERLAND DP,RPCM,AIN,SHYQ,SHYQ,SHYQ,SHYQ
NEW HAVEN,RPWN,CTY,YTPM,YTPM,YTPM,YTPM
NEW HAVEN,RPWO,NYI,YTPM,YTPM,YTPM,YTPM
NEW HAVEN MAP,RPYA,APT,YTPM,YTPM,YTPM,YTPM
NEW LONDON,RQFA,CTY,YTPM,YTPM,YTPM,YTPM
NEW LONDON,RQFF,NYI,YTPM,YTPM,YTPM,YTPM
NEW LONDON,RQFK,PRT,YTPM,YTPM,YTPM,YTPM
NEW ORLEANS NAS,RQLH,ANX,MAHG,MAHG,MAHG,MAHG
NEW ORLEANS,RQMA,CTY,MAHG,MAHG,MAHG,MAHG
LOUIS ARMSTRONG N,RQMN,IAP,MAHG,MAHG,MAHG,MAHG
NEW ORLEANS NAS J,RQNA,MAP,MAHG,MAHG,MAHG,MAHG
NEW ORLEANS NAV S,RQNB,CTY,MAHG,MAHG,MAHG,MAHG
NEW ORLEANS SHYD,RQNJ,DEP,MAHG,MAHG,MAHG,MAHG
NEW ORLEANS,RQNK,PRT,MAHG,MAHG,MAHG,MAHG
NEW ORLEANS   NSA,RQNM,STG,MAHG,MAHG,MAHG,MAHG
NEW RIVER MCAS,RQWP,MAP,DNNL,DNNL,DNNL,DNNL
NEW RIVER,RQXF,CTY,TMKH,TMKH,TMKH,TMKH
NEW YORK,RRHQ,NYI,PTFL,PTFL,PTFL,PTFL
NEW YORK,RRHU,PRT,PTFL,PTFL,PTFL,PTFL
NEW YORK,RRJJ,CTY,PTFL,PTFL,PTFL,PTFL
NEWARK LIBERTY IN,RRPQ,IAP,PTFL,PTFL,PTFL,PTFL
PORT NEWARK,RRQL,PRT,PTFL,PTFL,PTFL,PTFL
NEW YORK PORT EMB,RRRK,ADM,PTFL,PTFL,PTFL,PTFL
NEWBURGH,RSDQ,CTY,YTPM,YTPM,YTPM,YTPM
NEWPORT,RUAD,NYI,NNGX,NNGX,NNGX,NNGX
NEWPORT,RUAM,PRT,NNGX,NNGX,NNGX,NNGX
NEWPORT T2,RUAQ,PRT,NNGX,NNGX,NNGX,NNGX
NEWPORT NEWS,RULQ,CTY,MUHJ,MUHJ,MUHJ,MUHJ
NEWPORT NEWS,RULV,PRT,MUHJ,MUHJ,MUHJ,MUHJ
NIAGARA FALLS,RVKC,CTY,DYCS,DYCS,DYCS,DYCS
NIAGARA FALLS INT,RVKQ,JAP,JREZ,JREZ,JREZ,JREZ
NO CHARLESTON,RYSW,FHG,DKFX,DKFX,DKFX,DKFX
NO CHARLESTON,RYTJ,CTY,DKFX,DKFX,DKFX,DKFX
NO HIGHLANDS,RZJQ,COM,XDAT,XDAT,XDAT,XDAT
NORTH ISLAND,RZMJ,NYI,RZQH,RZQH,RZQH,RZQH
NORTH ISLAND NAS,RZMK,AMO,RZQH,RZQH,RZQH,RZQH
NO LITTLE ROCK,RZPW,CTY,NKAK,NKAK,NKAK,NKAK
NORTH ISLAND NAS,RZQH,IAP,RZQH,RZQH,RZQH,RZQH
N PROVIDENCE,SAAX,RPA,NNGX,NNGX,NNGX,NNGX
SAN DIEGO 02,SABZ,CTY,RZQH,RZQH,RZQH,RZQH
SAN DIEGO ANG,SACB,AGS,QKJA,QKJA,QKJA,QKJA
NO SMITHFIELD,SAEJ,AGS,NNGX,NNGX,NNGX,NNGX
NORCO,SAXL,CTY,PCZP,PCZP,PCZP,PCZP
NORFOLK GSA FAC,SBDD,DEP,SBDW,SBDW,SBDW,SBDW
NORFOLK       NSC,SBDG,STG,SBDW,SBDW,SBDW,SBDW
NORFOLK,SBDJ,CTY,SBDW,SBDW,SBDW,SBDW
NORFOLK NST,SBDP,STG,SBDW,SBDW,SBDW,SBDW
NORFOLK INTL,SBDQ,CAP,SBDW,SBDW,SBDW,SBDW
NORFOLK NS,SBDW,MAP,SBDW,SBDW,SBDW,SBDW
NORFOLK,SBDZ,NYI,SBDW,SBDW,SBDW,SBDW
NORFOLK,SBEA,PRT,SBDW,SBDW,SBDW,SBDW
NORFOLK NAVY,SBEN,ADM,SBDW,SBDW,SBDW,SBDW
NORFOLK T2,SBEQ,PRT,SBDW,SBDW,SBDW,SBDW
N TERRE HAUTE,SBKE,CTY,CTGC,CTGC,CTGC,CTGC
NORRISTOWN,SBLE,CTY,ZAWN,ZAWN,ZAWN,ZAWN
N ISLAND,SBNB,NYI,HUUA,HUUA,HUUA,HUUA
N ISLAND NAS,SBNP,STG,RZQH,RZQH,RZQH,RZQH
SAN BERNARDINO IN,SCEY,MAP,SCEY,SCEY,SCEY,SCEY
NORTON,SCTF,CTY,PRQE,PRQE,PRQE,PRQE
TUNISIASEABASE,SEA1,PRT,FUQN,FUQN,SEA1,FUQN
OAK HARBOR,SEDH,CTY,PQWY,PQWY,PQWY,PQWY
OAK RIDGE,SEHB,CTY,PSXE,PSXE,PSXE,PSXE
OAKLAND,SERB,AIN,KJGW,KJGW,KJGW,KJGW
OAKLAND,SERH,CTY,KJGW,KJGW,KJGW,KJGW
OAKLAND,SERJ,NAV,KJGW,KJGW,KJGW,KJGW
OAKLAND,SERS,NYI,KJGW,KJGW,KJGW,KJGW
OAKLAND SEALAND T,SERU,PRT,KJGW,KJGW,KJGW,KJGW
OAKLAND NAVY,SESW,HSP,KJGW,KJGW,KJGW,KJGW
OAKLAND ARMY BASE,SETE,AIN,KJGW,KJGW,KJGW,KJGW
OCALA,SFHB,CTY,LSGE,LSGE,LSGE,LSGE
OCEANA NAS,SFPH,MAP,SBDW,SBDW,SBDW,SBDW
OCEANA,SFPM,NAV,SBDW,SBDW,SBDW,SBDW
OFFUTT AFB,SGBP,MAP,SGBP,SGBP,SGBP,SGBP
OGDEN,SGNV,STG,KRSM,KRSM,KRSM,KRSM
OGDEN HINCKLEY,SGPA,CAP,KRSM,KRSM,KRSM,KRSM
OGDEN ORD PLANT,SGPN,AIN,KRSM,KRSM,KRSM,KRSM
OGDEN,SGQM,CTY,KRSM,KRSM,KRSM,KRSM
SHERMAN AAF,SHA5,MAP,GUQE,GUQE,GUQE,GUQE
SHARPE AAF,SHAR,MAP,XDAT,XDAT,XDAT,XDAT
OKLAHOMA CITY,SHCZ,AFS,WWYK,WWYK,WWYK,WWYK
OKLAHOMA CITY 02,SHDD,FHG,WWYK,WWYK,WWYK,WWYK
OKLAHOMA CITY,SHDT,CTY,WWYK,WWYK,WWYK,WWYK
OKLAHOMA CITY,SHDV,NYI,WWYK,WWYK,WWYK,WWYK
OKMULGEE,SHFM,CTY,WWYK,WWYK,WWYK,WWYK
OLATHE,SHMZ,CTY,GUQE,GUQE,GUQE,GUQE
HARRISBURG INTL,SHYQ,JAP,SHYQ,SHYQ,SHYQ,SHYQ
OMAHA,SJRF,COM,SGBP,SGBP,SGBP,SGBP
OMAHA,SJRM,CTY,SGBP,SGBP,SGBP,SGBP
ONALASKA,SJZQ,CTY,YAQF,YAQF,YAQF,YAQF
ONSLOW BAY,SKHU,ADM,DNNL,DNNL,DNNL,DNNL
ONTARIO INTL,SKKA,JAP,SCEY,SCEY,SCEY,SCEY
OPELIKA,SKNU,AIN,MYXZ,MYXZ,MYXZ,MYXZ
ORANGE,SKXJ,COM,YTPM,YTPM,YTPM,YTPM
ORANGEBURG,SLFU,CTY,PTFL,PTFL,PTFL,PTFL
ORLANDO,SLWA,CTY,SXHT,SXHT,SXHT,SXHT
ORLANDO,SLWB,TNG,SXHT,SXHT,SXHT,SXHT
OSAKA,SMXS,PRT,ZNRE,ZNRE,ZNRE,ZNRE
OSAN AB,SMYU,MAP,SMYU,SMYU,SMYU,SMYU
OSHKOSH,SNKA,CTY,YAQF,YAQF,YAQF,YAQF
CAPE COD CGAS,SPBN,MAP,NNGX,NNGX,NNGX,NNGX
PAINE,STDF,AGS,PQWY,PQWY,PQWY,PQWY
PALEHUA,STQT,CTY,AVXV,AVXV,AVXV,AVXV
PALERMO,STRL,CAP,STRL,STRL,STRL,STRL
PALERMO,STRM,PRT,STRL,STRL,STRL,STRL
PALM BEACH INTL,STXG,IAP,KYJL,KYJL,KYJL,KYJL
PALM BEACH,STYW,PRT,KYJL,KYJL,KYJL,KYJL
PANAMA CITY,SVCN,PRT,ULLT,ULLT,ULLT,ULLT
PANAMA CITY,SVDZ,CTY,XLWU,XLWU,XLWU,XLWU
PAPAGO,SVNY,AIN,NUEX,NUEX,NUEX,NUEX
PARIS,SWBM,CTY,DDPF,DDPF,DDPF,DDPF
PARKERSBURG,SWHZ,CTY,ZHTV,ZHTV,ZHTV,ZHTV
PARMA,SWMT,CTY,DYCS,DYCS,DYCS,DYCS
PASADENA,SWUM,CTY,FUZD,FUZD,FUZD,FUZD
PASCAGOULA,SWYM,CTY,MAHG,MAHG,MAHG,MAHG
PASCO,SWZZ,CTY,GJKZ,GJKZ,GJKZ,GJKZ
PATRICK AFB,SXHT,MAP,SXHT,SXHT,SXHT,SXHT
PATUXENT RIVER NA,SYCM,MAP,AJXF,AJXF,AJXF,AJXF
PEARL CITY,SYYT,CTY,KZTV,KZTV,KZTV,KZTV
PEARL HARBOR SHYD,SYZB,NYI,KZTV,KZTV,KZTV,KZTV
PEARL HARBOR  NST,SYZJ,NYI,KZTV,KZTV,KZTV,KZTV
JBPH-H PEARL HARB,SYZN,NBA,KZTV,KZTV,KZTV,KZTV
PEARL HARBOR  NSC,SYZP,NYI,KNMD,KNMD,KNMD,KNMD
PEARL HARBOR NAD,SYZZ,PRT,KNMD,KNMD,KNMD,KNMD
PORTSMOUTH INTL A,SZDT,MAP,NNGX,NNGX,NNGX,NNGX
CALVERTON EXECUTI,SZTN,MAP,YTPM,YTPM,YTPM,YTPM
PENSACOLA NAVY,TABN,HSP,FTEV,FTEV,FTEV,FTEV
PENSACOLA,TAXT,CTY,FTEV,FTEV,FTEV,FTEV
PENSACOLA NAS CHE,TAXU,ANX,FTEV,FTEV,FTEV,FTEV
PENSACOLA,TAXW,PRT,FTEV,FTEV,FTEV,FTEV
PENTAGON,TAYZ,ADM,BXUR,BXUR,BXUR,BXUR
PEORIA,TBBT,CTY,DPNB,DPNB,DPNB,DPNB
PERRINE,TCEF,CTY,KYJL,KYJL,KYJL,KYJL
PERRYSBURG,TCKF,CTY,DYCS,DYCS,DYCS,DYCS
PETERBOROUGH,TDEE,CTY,YTPM,YTPM,YTPM,YTPM
PETERSBURG,TDHU,CTY,MUHJ,MUHJ,MUHJ,MUHJ
CITY OF COLORADO,TDHV,JAP,TDHV,TDHV,TDHV,TDHV
PETERSON AFB,TDKA,ABS,TDHV,TDHV,TDHV,TDHV
PETERSON,TDKF,CTY,SGBP,SGBP,SGBP,SGBP
PETERSON,TDKP,AIN,SGBP,SGBP,SGBP,SGBP
PHILADELPHIA 04,TDWK,CTY,ZAWN,ZAWN,ZAWN,ZAWN
PHILADELPHIA,TDXA,CTY,ZAWN,ZAWN,ZAWN,ZAWN
PHILADELPHIA INTL,TDXG,IAP,ZAWN,ZAWN,ZAWN,ZAWN
PHILADELPHIA,TDXQ,NYI,ZAWN,ZAWN,ZAWN,ZAWN
PHILADELPHIA DPSC,TDXT,ADM,ZAWN,ZAWN,ZAWN,ZAWN
PHILADELPHIA NAV,TEBQ,HSP,ZAWN,ZAWN,ZAWN,ZAWN
DMA DPO PHILADEL,TECV,DEP,FJXT,FJXT,FJXT,FJXT
PHOENIX,TEWJ,CTY,NUEX,NUEX,NUEX,NUEX
PICO RIVERA,TFHD,CTY,FUZD,FUZD,FUZD,FUZD
PIERRE RGNL,TFMT,CAP,QJVF,QJVF,QJVF,QJVF
PINE BLUFF,TGAQ,CTY,NKAK,NKAK,NKAK,NKAK
PINE BLUFF ARSNL,TGAW,AIN,NKAK,NKAK,NKAK,NKAK
PARAIEVS,TGWS,PRT,VRJT,VRJT,VRJT,VRJT
PITTSBURGH,THGC,CTY,DYCS,DYCS,DYCS,DYCS
PITTSFIELD,THJC,CTY,YTPM,YTPM,YTPM,YTPM
PLAINVILLE,THSW,CTY,YTPM,YTPM,YTPM,YTPM
PLAQUEMINE,THVB,CTY,GAMH,GAMH,GAMH,GAMH
PLATTSBURGH INTL,THWA,MAP,THWA,THWA,THWA,THWA
PLATTSBURGH,THXR,CTY,THWA,THWA,THWA,THWA
POCAHONTAS,TJYZ,CTY,SGBP,SGBP,SGBP,SGBP
POHANG,TKDW,PRT,MEPJ,MEPJ,MEPJ,MEPJ
POINT LOMA,TKVP,MSL,RZQH,RZQH,RZQH,RZQH
POINT MUGU NAS,TKXA,MAP,TKXA,TKXA,TKXA,TKXA
POINT MUGU,TKXB,NYI,TKXA,TKXA,TKXA,TKXA
POINT PLEASANT,TLAC,CTY,ZHTV,ZHTV,ZHTV,ZHTV
POMONA,TLSH,CTY,FUZD,FUZD,FUZD,FUZD
POPE AAF,TMKH,MAP,TMKH,TMKH,TMKH,TMKH
POPE,TMKL,COM,TMKH,TMKH,TMKH,TMKH
POPLAR BLUFF,TMYB,CTY,BWKR,BWKR,BWKR,BWKR
PORT CLINTON,TNQV,CTY,DYCS,DYCS,DYCS,DYCS
PORT EVERGLADES,TNVX,PRT,KYJL,KYJL,KYJL,KYJL
PORT HUENEME,TNZP,CTY,TKXA,TKXA,TKXA,TKXA
PORT HUENEME  CBC,TNZQ,STG,TKXA,TKXA,TKXA,TKXA
PORT HUENEME,TNZV,NYI,TKXA,TKXA,TKXA,TKXA
PORT HUENEME NCBC,TNZY,PRT,TKXA,TKXA,TKXA,TKXA
NEFTA,TPAL,IAP,HPBF,HPBF,HPBF,HPBF
TOPEKA,TPAR,STG,GUQE,GUQE,GUQE,GUQE
PORT SAID,TPPR,PRT,CWKW,CWKW,CWKW,CWKW
PORT KELANG,TPRW,PRT,VSMR,VSMR,VSMR,VSMR
PORT TAMPA,TPRZ,PRT,NVZR,NVZR,NVZR,NVZR
PORT TOWNSEND,TPSL,PRT,PQWY,PQWY,PQWY,PQWY
PORTLAND,TQGJ,CTY,NNGX,NNGX,NNGX,NNGX
PORTLAND ANG,TQJF,ANX,PQWY,PQWY,PQWY,PQWY
PORTLAND,TQJG,RTC,PQWY,PQWY,PQWY,PQWY
PORTLAND,TQJX,CTY,PQWY,PQWY,PQWY,PQWY
PORTLAND INTL,TQKD,JAP,PQWY,PQWY,PQWY,PQWY
PORTLAND,TQKG,PRT,PQWY,PQWY,PQWY,PQWY
PORTO FARINA,TQPB,PRT,WSVC,WSVC,WSVC,WSVC
PORTSMOUTH,TQQL,CTY,NNGX,NNGX,NNGX,NNGX
PORTSMOUTH,TQRU,PRT,NNGX,NNGX,NNGX,NNGX
PORTSMOUTH NAVY,TQTV,HSP,SBDW,SBDW,SBDW,SBDW
PORTSMOUTH,TQUD,CTY,SBDW,SBDW,SBDW,SBDW
PORTSMOUTH,TQUH,PRT,SBDW,SBDW,SBDW,SBDW
PORTSMOUTH,TQUK,NYI,SBDW,SBDW,SBDW,SBDW
TRIPLER,TRAH,HSP,KZTV,KZTV,KZTV,KZTV
PRAIA DE VITORIA,TRZP,PRT,MQNA,MQNA,MQNA,MQNA
PRAIRIE DU CHIEN,TSDG,AIN,YAQF,YAQF,YAQF,YAQF
PRATTVILLE,TSKU,CTY,PNQS,PNQS,PNQS,PNQS
PRESIDIO OF SFRAN,TSRD,AIN,KJGW,KJGW,KJGW,KJGW
PROVIDENCE,TTWX,CTY,NNGX,NNGX,NNGX,NNGX
PROVIDENCE,TTWZ,PRT,NNGX,NNGX,NNGX,NNGX
PUGET SOUND,TUJL,NYI,PQWY,PQWY,PQWY,PQWY
PUERTO RICO OPARE,TUMM,OPA,ULLT,ULLT,ULLT,ULLT
PUSAN MILITARY TE,TVJD,PRT,MEPJ,MEPJ,MEPJ,MEPJ
MINA QABOOS,TVXA,PRT,VGHV,VGHV,VGHV,VGHV
QUANTICO BASE  CA,TVYC,STG,BXUR,BXUR,BXUR,BXUR
QUANTICO,TVYX,CTY,BXUR,BXUR,BXUR,BXUR
QUANTICO,TVYY,MGI,BXUR,BXUR,BXUR,BXUR
TWENTYNINE PALMS,TWAC,MAP,SCEY,SCEY,SCEY,SCEY
QUINCY,TWEG,CTY,NNGX,NNGX,NNGX,NNGX
QUINCY,TWEH,NYI,NNGX,NNGX,NNGX,NNGX
QUONSET STATE,TWLR,JAP,NNGX,NNGX,NNGX,NNGX
RADFORD ARSENAL,TWUT,AIN,TMKH,TMKH,TMKH,TMKH
RAEFORD,TWVH,CTY,TMKH,TMKH,TMKH,TMKH
RAINELLE,TWWH,AIN,PJVY,PJVY,PJVY,PJVY
RALEIGH,TWZR,CTY,TMKH,TMKH,TMKH,TMKH
RALEIGH DURHAM IN,TXCE,JAP,TMKH,TMKH,TMKH,TMKH
RAMSTEIN AB,TYFR,MAP,TYFR,TYFR,TYFR,TYFR
JBSA RANDOLPH AFB,TYMX,MAP,MBPB,MBPB,MBPB,MBPB
RAPID CITY,TZHY,CTY,GHLN,GHLN,GHLN,GHLN
RAS AL MISHAB,TZL4,PRT,ATXK,ATXK,ATXK,ATXK
RAVENNA AMMO PLNT,TZRL,AIN,DYCS,DYCS,DYCS,DYCS
SALALAH MINA RAYS,TZYR,PRT,VGHV,VGHV,VGHV,VGHV
READING,UABS,CTY,ZAWN,ZAWN,ZAWN,ZAWN
READING RGNL CARL,UABY,CAP,SHYQ,SHYQ,SHYQ,SHYQ
RED BANK,UAKE,CTY,PTFL,PTFL,PTFL,PTFL
RED RIVER DEPOT,UAUU,AMO,AWUB,AWUB,AWUB,AWUB
RED RIVER DEPOT,UAUW,AIN,AWUB,AWUB,AWUB,AWUB
REDSTONE AAF,UBHP,MAP,BRKR,BRKR,BRKR,BRKR
REDSTONE ARSENAL,UBHS,AIN,BRKR,BRKR,BRKR,BRKR
REESE AIRPARK,UBNS,APT,CZQZ,CZQZ,CZQZ,CZQZ
REISTERSTOWN,UCMH,CTY,BXUR,BXUR,BXUR,BXUR
RENO,UCTE,CTY,BAEY,BAEY,BAEY,BAEY
RENO TAHOE INTL,UCTL,JAP,BAEY,BAEY,BAEY,BAEY
KANSAS CITY SOUTH,UEBL,CAP,YWHG,YWHG,YWHG,YWHG
RICHARDS GEBAUR,UEBP,RTC,YWHG,YWHG,YWHG,YWHG
RICHMOND,UEND,PRT,KJGW,KJGW,KJGW,KJGW
RICHMOND,UEXL,CTY,MUHJ,MUHJ,MUHJ,MUHJ
RICHMOND,UEXP,STG,MUHJ,MUHJ,MUHJ,MUHJ
RICHMOND QM DEPOT,UFCS,AIN,MUHJ,MUHJ,MUHJ,MUHJ
RICHMOND DEF SUP,UFCV,ADM,MUHJ,MUHJ,MUHJ,MUHJ
RICHMOND,UFD1,DEP,MUHJ,MUHJ,MUHJ,MUHJ
RILEY,UFSC,CTY,GUQE,GUQE,GUQE,GUQE
RAY S MILLER AAF,UGCF,MAP,QJKL,QJKL,QJKL,QJKL
RIPLEY,UGCS,CTY,BWKR,BWKR,BWKR,BWKR
RIYADH AB,UGZX,MAP,UGZX,UGZX,UGZX,UGZX
ROANOKE,UHBY,CTY,TMKH,TMKH,TMKH,TMKH
ROANOKE REGIONAL,UHCE,CAP,TMKH,TMKH,TMKH,TMKH
ROBERT GRAY AAF,UHGN,JAP,UHGN,UHGN,UHGN,UHGN
ROBINS AFB,UHHZ,MAP,UHHZ,UHHZ,UHHZ,UHHZ
ROBINS,UHJK,STG,UHHZ,UHHZ,UHHZ,UHHZ
ROCHESTER,UJBZ,PRT,JREZ,JREZ,JREZ,JREZ
ROCK ISLAND ARS,UJHQ,AIN,DPNB,DPNB,DPNB,DPNB
ROCK ISLAND,UJJA,STG,DPNB,DPNB,DPNB,DPNB
ROCK ISLAND,UJJB,CTY,DPNB,DPNB,DPNB,DPNB
ROCK SPRINGS,UJKH,CTY,KRSM,KRSM,KRSM,KRSM
ROCKVILLE,UKAP,CTY,BXUR,BXUR,BXUR,BXUR
ROCKY MOUNT,UKDP,CTY,VKAG,VKAG,VKAG,VKAG
ROLLA,UKUV,CTY,MSQB,MSQB,MSQB,MSQB
ROME,ULAB,CTY,FGWB,FGWB,FGWB,FGWB
ROMNEY,ULFR,CTY,PJVY,PJVY,PJVY,PJVY
RONKONKOMA,ULKB,CTY,PTFL,PTFL,PTFL,PTFL
JOSE APONTE DE LA,ULLT,MAP,ULLT,ULLT,ULLT,ULLT
ROSECRANS MEM,ULYB,JAP,GUQE,GUQE,GUQE,GUQE
ROSEMONT,UMEL,CTY,DPNB,DPNB,DPNB,DPNB
ROSEVILLE,UMHK,CTY,BAEY,BAEY,BAEY,BAEY
ROSEVILLE,UMHZ,CTY,QJKL,QJKL,QJKL,QJKL
ROSLYN,UMLH,AGS,PTFL,PTFL,PTFL,PTFL
ROSWELL,UMVV,CTY,CZQZ,CZQZ,CZQZ,CZQZ
ROTA,UMXA,PRT,UMXB,UMXB,UMXB,UMXB
ROTA NS,UMXB,MAP,UMXB,UMXB,UMXB,UMXB
ROTTERDAM,UNAP,PRT,VWLB,VWLB,VWLB,VWLB
ROWLEY,UNFA,RPA,NNGX,NNGX,NNGX,NNGX
UNKN TUNISIA,UNQU,RPA,FUQN,FUQN,FUQN,FUQN
RUSSELL GARDENS,UNUW,CTY,PTFL,PTFL,PTFL,PTFL
RUSTON,UPBB,CTY,AWUB,AWUB,AWUB,AWUB
SACRAMENTO DEPOT,UPWJ,AIN,XDAT,XDAT,XDAT,XDAT
SACRAMENTO,UPWV,CTY,XDAT,XDAT,XDAT,XDAT
SAGINAW,UQJP,CTY,ZJXD,ZJXD,ZJXD,ZJXD
SALEM,URPB,CTY,PQWY,PQWY,PQWY,PQWY
SALINA,URTH,CTY,PRQE,PRQE,PRQE,PRQE
SALISBURY,URWP,CTY,FJXT,FJXT,FJXT,FJXT
SALT LAKE CITY,USDV,CTY,KRSM,KRSM,KRSM,KRSM
SALT LAKE CITY IN,USEB,JAP,KRSM,KRSM,KRSM,KRSM
SALUDA,USGB,CTY,VLSB,VLSB,VLSB,VLSB
SAN ANTONIO,USQL,CTY,MBPB,MBPB,MBPB,MBPB
SAN ANTONIO INTL,USQP,CAP,MBPB,MBPB,MBPB,MBPB
SAN ANTONIO,USQX,RRL,MBPB,MBPB,MBPB,MBPB
SAN BERNARDINO,USTE,CTY,SCEY,SCEY,SCEY,SCEY
SAN BERNARDINO,USTK,STG,SCEY,SCEY,SCEY,SCEY
SAN BRUNO,USUJ,CTY,KJGW,KJGW,KJGW,KJGW
SAN BRUNO,USUL,RTC,KJGW,KJGW,KJGW,KJGW
SAN CLEMENTE,USXL,CTY,ETZB,ETZB,ETZB,ETZB
SAN DIEGO,USZD,COM,RZQH,RZQH,RZQH,RZQH
SAN DIEGO,USZE,CTY,RZQH,RZQH,RZQH,RZQH
SAN DIEGO,USZF,MGI,RZQH,RZQH,RZQH,RZQH
SAN DIEGO,USZV,NYI,RZQH,RZQH,RZQH,RZQH
SAN DIEGO,UTAC,PRT,RZQH,RZQH,RZQH,RZQH
SAN DIEGO NAVY,UTAD,DEP,RZQH,RZQH,RZQH,RZQH
SAN DIEGO FLETRAC,UTAR,TNG,RZQH,RZQH,RZQH,RZQH
SAN DIEGO  NSC,UTAV,STG,RZQH,RZQH,RZQH,RZQH
SAN DIEGO GEN DY,UTBL,ADM,RZQH,RZQH,RZQH,RZQH
SAN DIEGO NAVSTA,UTBR,NYI,RZQH,RZQH,RZQH,RZQH
SAN DIEGO NAVSUB,UTBS,NYI,RZQH,RZQH,RZQH,RZQH
SAN DIEGO NAVAL,UTCS,HSP,RZQH,RZQH,RZQH,RZQH
SAN FRANCISCO,UTKS,CTY,KJGW,KJGW,KJGW,KJGW
SAN FRANCISCO INT,UTKY,IAP,KJGW,KJGW,KJGW,KJGW
SAN FRANCISCO,UTLN,NYI,KJGW,KJGW,KJGW,KJGW
SAN FRANCISCO,UTLS,PRT,KJGW,KJGW,KJGW,KJGW
SAN FRANCISCO,UTLY,ADM,KJGW,KJGW,KJGW,KJGW
SAN JOSE,UTRY,CTY,KJGW,KJGW,KJGW,KJGW
NORMAN Y MINETA S,UTSE,CAP,KJGW,KJGW,KJGW,KJGW
SAN JOSE,UTUL,ADM,KJGW,KJGW,KJGW,KJGW
SAN JUAN,UTVT,PRT,ULLT,ULLT,ULLT,ULLT
SAN LUIS OBISPO,UTZU,AIN,XUMU,XUMU,XUMU,XUMU
SAN PEDRO,UULA,PRT,ULLT,ULLT,ULLT,ULLT
SAN PEDRO,UULB,PRT,FTZH,FTZH,FTZH,FTZH
SAN PEDRO,UULX,PRT,FUZD,FUZD,FUZD,FUZD
SAN RAFAEL,UUPL,CTY,KJGW,KJGW,KJGW,KJGW
SANTA ANA,UWCY,CTY,FUZD,FUZD,FUZD,FUZD
COSTA MESA,UWDE,AGS,FUZD,FUZD,FUZD,FUZD
TUSTIN MCAF,UWDG,MAP,FUZD,FUZD,FUZD,FUZD
SANTA BARBARA,UWES,CTY,TKXA,TKXA,TKXA,TKXA
SANTA CLARA,UWGE,CTY,KJGW,KJGW,KJGW,KJGW
SANTA FE,UWLL,CTY,MHMV,MHMV,MHMV,MHMV
SASEBO,UYQR,PRT,MEPJ,MEPJ,MEPJ,MEPJ
SAULT ST MARIE,UZLZ,CTY,ZJXD,ZJXD,ZJXD,ZJXD
SAVANNA DEPOT,UZVD,AIN,DPNB,DPNB,DPNB,DPNB
SAVANNAH,UZXF,CTY,LEXG,LEXG,LEXG,LEXG
SAVANNAH,UZXJ,PRT,LEXG,LEXG,LEXG,LEXG
SAVANNAH,UZXM,AGS,LEXG,LEXG,LEXG,LEXG
HUNTER 02,UZYJ,AGS,LEXG,LEXG,LEXG,LEXG
SCHENECTADY CO,VBDZ,JAP,JREZ,JREZ,JREZ,JREZ
SCHOFIELD BRKS,VCHR,AIN,AVXV,AVXV,AVXV,AVXV
SCOTT AFB MIDAMER,VDYD,JAP,VDYD,VDYD,VDYD,VDYD
SEAL BEACH    NWS,VFHU,AMO,FUZD,FUZD,FUZD,FUZD
SEAL BEACH,VFHY,NYI,FUZD,FUZD,FUZD,FUZD
SEAL BEACH NWS,VFHZ,PRT,FUZD,FUZD,FUZD,FUZD
SEATTLE,VFTA,ADM,PQWY,PQWY,PQWY,PQWY
SEATTLE,VFTE,CTY,PQWY,PQWY,PQWY,PQWY
SEATTLE AIR NAT G,VFUL,AGS,PQWY,PQWY,PQWY,PQWY
SEATTLE,VFVD,NYI,PQWY,PQWY,PQWY,PQWY
SEATTLE,VFVN,PRT,PQWY,PQWY,PQWY,PQWY
SEATTLE NAVY PRT,VFXM,NYI,PQWY,PQWY,PQWY,PQWY
SEATTLE TACOMA IN,VFZM,IAP,PQWY,PQWY,PQWY,PQWY
MUSCAT INTL,VGHV,JAP,VGHV,VGHV,VGHV,VGHV
SELFRIDGE ANGB,VGLZ,MAP,DYCS,DYCS,DYCS,DYCS
SENECA ARMY DEPOT,VHAV,AIN,JREZ,JREZ,JREZ,JREZ
SENECA ARMY DEPOT,VHAW,AMO,JREZ,JREZ,JREZ,JREZ
SEPULVEDA,VHRJ,AGS,TKXA,TKXA,TKXA,TKXA
SEYMOUR JOHNSON A,VKAG,MAP,VKAG,VKAG,VKAG,VKAG
SFAX,VKNG,CTY,FUQN,FUQN,FUQN,FUQN
SFAX,VKNP,PRT,FUQN,FUQN,FUQN,FUQN
SHAFTER,VKSB,ANX,XUMU,XUMU,XUMU,XUMU
SHARPE ARMY DEPOT,VLLM,AIN,XDAT,XDAT,XDAT,XDAT
SHAW AFB,VLSB,MAP,DKFX,DKFX,DKFX,DKFX
SHEFFIELD,VMLV,CTY,BRKR,BRKR,BRKR,BRKR
SHEPPARD AFB WICH,VNVP,JAP,AGGN,AGGN,AGGN,AGGN
SHIMIZU,VPRF,PRT,ZNRE,ZNRE,ZNRE,ZNRE
SHREVEPORT,VQHP,RTC,AWUB,AWUB,AWUB,AWUB
SHREVEPORT,VQHV,CTY,AWUB,AWUB,AWUB,AWUB
SIERRA DEPOT,VRES,AIN,BAEY,BAEY,BAEY,BAEY
SIGONELLA,VRJT,IAP,VRJT,VRJT,VRJT,VRJT
SILVER CITY,VRVB,CTY,KWRD,KWRD,KWRD,KWRD
SIMMONS AAF,VSFP,MAP,TMKH,TMKH,TMKH,TMKH
PAYA LEBAR,VSMR,IAP,VSMR,VSMR,VSMR,VSMR
SINGAPORE,VSNF,PRT,VSMR,VSMR,VSMR,VSMR
SIOUX CITY,VSRP,CTY,SGBP,SGBP,SGBP,SGBP
SIOUX GATEWAY COL,VSSB,JAP,SGBP,SGBP,SGBP,SGBP
SIOUX FALLS,VSTN,NYI,SGBP,SGBP,SGBP,SGBP
SIOUX FALLS,VSTP,CTY,SGBP,SGBP,SGBP,SGBP
PHOENIX SKY HARBO,VTNB,JAP,NUEX,NUEX,NUEX,NUEX
SMYRNA,VUGV,CTY,CYWF,CYWF,CYWF,CYWF
SNELLING,VUKL,AFS,QJKL,QJKL,QJKL,QJKL
SO BEND,VURP,CTY,CTGC,CTGC,CTGC,CTGC
SO NORFOLK,VVMD,CTY,SBDW,SBDW,SBDW,SBDW
SO PORTLAND,VVRK,AGS,NNGX,NNGX,NNGX,NNGX
S ST PAUL,VVYR,CTY,QJKL,QJKL,QJKL,QJKL
ST LOUIS,VVYX,STG,VDYD,VDYD,VDYD,VDYD
SO WEYMOUTH,VWCR,NYI,NNGX,NNGX,NNGX,NNGX
SOESTERBERG,VWLB,MAP,VWLB,VWLB,VWLB,VWLB
SOMERVILLE,VXBD,CTY,NNGX,NNGX,NNGX,NNGX
SOUTH WEYMOUTH NA,VXTM,MAP,NNGX,NNGX,NNGX,NNGX
S WEYMOUTH,VXTN,STG,NNGX,NNGX,NNGX,NNGX
SOUSSE,VXTS,CTY,FUQN,FUQN,FUQN,FUQN
SOUSSE,VXTY,PRT,FUQN,FUQN,FUQN,FUQN
S CHICAGO HTS,VXWQ,CTY,DPNB,DPNB,DPNB,DPNB
SOUTHFIELD,VXXK,CTY,DYCS,DYCS,DYCS,DYCS
HOUSTON GULF,VYFJ,APT,BJHZ,BJHZ,BJHZ,BJHZ
SPANGDAHLEM AB,VYHK,MAP,VYHK,VYHK,VYHK,VYHK
SPARTA,VYNX,CTY,YAQF,YAQF,YAQF,YAQF
SPARTANBURG,VYRR,CTY,VLSB,VLSB,VLSB,VLSB
SPEARFISH,VYTD,CTY,GHLN,GHLN,GHLN,GHLN
SPIRIT OF ST LOUI,VZAS,CAP,MSQB,MSQB,MSQB,MSQB
SPOKANE ANG,VZBT,ANX,GJKZ,GJKZ,GJKZ,GJKZ
SPOKANE,VZCD,CTY,GJKZ,GJKZ,GJKZ,GJKZ
SPOKANE INTL,VZCR,JAP,GJKZ,GJKZ,GJKZ,GJKZ
SPOKANE,VZDE,ADM,GJKZ,GJKZ,GJKZ,GJKZ
SPRINGER,VZQN,CTY,MHMV,MHMV,MHMV,MHMV
SPRINGFIELD,VZUR,CTY,MSQB,MSQB,MSQB,MSQB
SPRINGFIELD ARMRY,VZWF,CTY,YTPM,YTPM,YTPM,YTPM
SPRINGFIELD BRANS,VZXY,CAP,YWHG,YWHG,YWHG,YWHG
SPRINGFIELD,VZYD,CTY,YWHG,YWHG,YWHG,YWHG
SPRINGFIELD BECKL,WAAR,JAP,ZHTV,ZHTV,ZHTV,ZHTV
WAUKEGAN RGNL,WAAZ,CAP,DPNB,DPNB,DPNB,DPNB
SPRINGFIELD,WADJ,CTY,CTGC,CTGC,CTGC,CTGC
ST AUGUSTINE,WAZX,CTY,LSGE,LSGE,LSGE,LSGE
ST JOSEPH,WCJX,CTY,GUQE,GUQE,GUQE,GUQE
ST LOUIS,WCNN,CTY,ZJXD,ZJXD,ZJXD,ZJXD
ST LOUIS,WCPR,CTY,MSQB,MSQB,MSQB,MSQB
STLOUIS A T A S F,WCPS,AIN,MSQB,MSQB,MSQB,MSQB
ST MATTHEWS,WCXE,CTY,VLSB,VLSB,VLSB,VLSB
ST PAUL,WDEY,CTY,QJKL,QJKL,QJKL,QJKL
LOUISVILLE INTL S,WEAS,JAP,WEAS,WEAS,WEAS,WEAS
STANTON,WEPE,CTY,FUZD,FUZD,FUZD,FUZD
STAPLETON INTL,WERS,IAP,TDHV,TDHV,TDHV,TDHV
STATE COLLEGE,WFGE,AGS,SHYQ,SHYQ,SHYQ,SHYQ
WAHIAWA,WFKY,COM,KZTV,KZTV,KZTV,KZTV
WHIDBEY ISLAND,WHAF,HSP,PQWY,PQWY,PQWY,PQWY
WHIDBEY ISL NAS,WHAH,NYI,PQWY,PQWY,PQWY,PQWY
STEWART INTL,WHAY,JAP,YTPM,YTPM,YTPM,YTPM
WITHAM FLD,WJAE,CAP,SXHT,SXHT,SXHT,SXHT
STOCKTON,WJAP,CTY,XDAT,XDAT,XDAT,XDAT
STRATFORD,WJUP,CTY,YTPM,YTPM,YTPM,YTPM
STUTTGART,WKJP,CTY,NKAK,NKAK,NKAK,NKAK
FRANCIS S GABRESK,WKVB,JAP,YTPM,YTPM,YTPM,YTPM
SUMTER,WMDB,CTY,VLSB,VLSB,VLSB,VLSB
SOUTHPORT MILITAR,WMPT,PRT,RDRD,RDRD,RDRD,RDRD
SUNNYVALE,WMSA,AIN,KJGW,KJGW,KJGW,KJGW
SUPERIOR,WMWC,CTY,QJKL,QJKL,QJKL,QJKL
SUSAH,WMY2,PRT,FUQN,FUQN,FUQN,FUQN
SUSQUEHANNA OD DP,WMYX,AIN,JREZ,JREZ,JREZ,JREZ
SYDNEY,WPAU,PRT,AJJY,AJJY,AJJY,AJJY
SYRACUSE,WPJC,CTY,JREZ,JREZ,JREZ,JREZ
TABARQA,WPKY,CTY,WSVC,WSVC,WSVC,WSVC
TABARQAH,WPKZ,PRT,WSVC,WSVC,WSVC,WSVC
TACOMA,WPVJ,CTY,PQWY,PQWY,PQWY,PQWY
TACOMA,WPVT,PRT,PQWY,PQWY,PQWY,PQWY
TAKORADI,WQZM,PRT,FTZH,FTZH,FTZH,FTZH
TALLAHASSEE,WRDQ,CTY,QSEU,QSEU,QSEU,QSEU
TAMPA INTL,WRLK,CAP,NVZR,NVZR,NVZR,NVZR
TAMPA,WRLQ,CTY,NVZR,NVZR,NVZR,NVZR
TAUNTON,WSPX,CTY,NNGX,NNGX,NNGX,NNGX
TAYLOR,WSSB,CTY,DYCS,DYCS,DYCS,DYCS
CHEIKH LARBI TEBE,WSVC,CAP,FUQN,FUQN,FUQN,FUQN
TEMA,WTJG,PRT,FTZH,FTZH,FTZH,FTZH
TERRE HAUTE,WTVR,CTY,CTGC,CTGC,CTGC,CTGC
TEXARKANA,WUKK,CTY,AWUB,AWUB,AWUB,AWUB
TEXAS CITY,WUND,PRT,BJHZ,BJHZ,BJHZ,BJHZ
THOMASVILLE,WVQD,CTY,QSEU,QSEU,QSEU,QSEU
TIFTON,WWSD,CTY,QSEU,QSEU,QSEU,QSEU
TINKER AFB,WWYK,MAP,WWYK,WWYK,WWYK,WWYK
TITUSVILLE,WXPV,CTY,SXHT,SXHT,SXHT,SXHT
TOBYHANNA DEPOT,WXVE,AIN,ZAWN,ZAWN,ZAWN,ZAWN
TOBYHANNA,WXVK,CTY,ZAWN,ZAWN,ZAWN,ZAWN
TOKYO,WYKZ,PRT,ZNRE,ZNRE,ZNRE,ZNRE
TOLEDO,WYPX,PRT,DYCS,DYCS,DYCS,DYCS
TOLEDO EXPRESS,WYTD,JAP,DYCS,DYCS,DYCS,DYCS
TOMAH,WYYD,CTY,YAQF,YAQF,YAQF,YAQF
TOOELE ARMY DEPOT,XABS,AIN,KRSM,KRSM,KRSM,KRSM
TOOELE ARMY DEPOT,XABT,AMO,KRSM,KRSM,KRSM,KRSM
TOOELE,XABX,CTY,KRSM,KRSM,KRSM,KRSM
TOPEKA,XAHR,CTY,GUQE,GUQE,GUQE,GUQE
TOPSHAM,XATX,COM,NNGX,NNGX,NNGX,NNGX
TOPSHAM,XAUD,CTY,NNGX,NNGX,NNGX,NNGX
TORREJON,XBGX,MAP,XBGX,XBGX,XBGX,XBGX
TORRINGTON,XBPC,CTY,GHLN,GHLN,GHLN,GHLN
TOWSON,XCFY,CTY,AJXF,AJXF,AJXF,AJXF
TRACY,XCQM,CTY,KJGW,KJGW,KJGW,KJGW
TRACY MUNI,XCQN,APT,KJGW,KJGW,KJGW,KJGW
TRACY DLA DISTRIB,XCYE,DEP,XDAT,XDAT,XDAT,XDAT
TRAVIS AFB,XDAT,MAP,XDAT,XDAT,XDAT,XDAT
TRAVIS,XDMT,NAV,XDAT,XDAT,XDAT,XDAT
SAVANNAH HILTON H,XDQU,JAP,LEXG,LEXG,LEXG,LEXG
TREASURE IS   NST,XDSV,STG,KJGW,KJGW,KJGW,KJGW
TRENTON,XEBA,CTY,PTFL,PTFL,PTFL,PTFL
TRIESTE,XEXW,PRT,ASHE,ASHE,ASHE,ASHE
TRIPLER GENERAL,XFHH,HSP,KZTV,KZTV,KZTV,KZTV
TROY,XFUA,CTY,PNQS,PNQS,PNQS,PNQS
TROY,XGBX,CTY,PJVY,PJVY,PJVY,PJVY
DANE CO RGNL,XGFG,JAP,YAQF,YAQF,YAQF,YAQF
TUCSON,XHDU,CTY,FBNV,FBNV,FBNV,FBNV
TUCSON,XHDV,STG,FBNV,FBNV,FBNV,FBNV
TUCSON INTL,XHEA,JAP,FBNV,FBNV,FBNV,FBNV
TULLAHOMA,XHWN,CTY,CYWF,CYWF,CYWF,CYWF
TULSA,XHZA,CTY,WWYK,WWYK,WWYK,WWYK
TULSA INTL,XHZG,JAP,WWYK,WWYK,WWYK,WWYK
TUNIS,XJCM,CTY,FUQN,FUQN,FUQN,FUQN
TUNIS,XJCS,PRT,FUQN,FUQN,FUQN,FUQN
CARTHAGE,XJJD,IAP,FUQN,FUQN,FUQN,FUQN
TWENTYNINE PALMS,XKZA,CTY,SCEY,SCEY,SCEY,SCEY
TWENTY NINE PALMS,XKZB,STG,SCEY,SCEY,SCEY,SCEY
TWIN CITIES,XLEW,MAP,QJKL,QJKL,QJKL,QJKL
TWENTYNINE PALMS,XLFR,MGI,SCEY,SCEY,SCEY,SCEY
TYLER,XLSN,CTY,AWUB,AWUB,AWUB,AWUB
TYNDALL AFB,XLWU,MAP,XLWU,XLWU,XLWU,XLWU
UNION CITY,XNSM,AFS,BWKR,BWKR,BWKR,BWKR
UNKN LOCATION US,XPRF,RPA,PRQE,PRQE,PRQE,PRQE
UPPER HEYFORD,XQDT,IAP,XQDT,XQDT,XQDT,XQDT
URBANA,XQKZ,CTY,CTGC,CTGC,CTGC,CTGC
USAF ACADEMY,XQPZ,SCH,TDHV,TDHV,TDHV,TDHV
OLD VALDEZ,XRSP,PRT,FXSB,FXSB,FXSB,FXSB
VALENCIA,XRVJ,PRT,XBGX,XBGX,XBGX,XBGX
VALLEJO SHYD,XSHL,DEP,XDAT,XDAT,XDAT,XDAT
VALLEJO,XSHO,NYI,XDAT,XDAT,XDAT,XDAT
VAN NUYS,XTBT,JAP,TKXA,TKXA,TKXA,TKXA
VANCE AFB,XTLF,MAP,WWYK,WWYK,WWYK,WWYK
VANCOUVER,XUDN,CTY,PQWY,PQWY,PQWY,PQWY
VANCOUVER,XUDT,PRT,PQWY,PQWY,PQWY,PQWY
VANCOUVER BRKS,XUEX,AIN,PQWY,PQWY,PQWY,PQWY
VANDENBERG AFB,XUMU,MAP,XUMU,XUMU,XUMU,XUMU
VENICE,XVMN,CTY,ASHE,ASHE,ASHE,ASHE
VERACRUZ,XVRV,PRT,MBPB,MBPB,MBPB,MBPB
VICKSBURG,XXDC,CTY,GAMH,GAMH,GAMH,GAMH
VIENNA,XYBW,CTY,DYCS,DYCS,DYCS,DYCS
VILLA SAN GIOVANN,XYNK,PRT,VRJT,VRJT,VRJT,VRJT
VINT HILL FARM,XZPR,AFS,BXUR,BXUR,BXUR,BXUR
VOLK FLD,YAQF,MAP,YAQF,YAQF,YAQF,YAQF
W BEND,YBKR,CTY,HTUX,HTUX,HTUX,HTUX
W PALM BEACH,YDBR,CTY,KYJL,KYJL,KYJL,KYJL
W TRENTON,YEAF,CTY,ZAWN,ZAWN,ZAWN,ZAWN
WACO RGNL,YEQW,CAP,UHGN,UHGN,UHGN,UHGN
WAHIAWA,YFKW,CTY,AVXV,AVXV,AVXV,AVXV
WAIKIKI,YFWT,CTY,KZTV,KZTV,KZTV,KZTV
LADD AAF,YFXQ,JAP,FXSB,FXSB,FXSB,FXSB
WORCHESTER 01,YHAJ,COM,YTPM,YTPM,YTPM,YTPM
WALBRIDGE,YJQA,CTY,DYCS,DYCS,DYCS,DYCS
WALTER REED AMC,YJQF,HSP,BXUR,BXUR,BXUR,BXUR
WARNER ROBINS,YKLF,CTY,UHHZ,UHHZ,UHHZ,UHHZ
WARREN,YKRS,CTY,NNGX,NNGX,NNGX,NNGX
WARRENSVILLE HGTS,YKVG,NAV,DYCS,DYCS,DYCS,DYCS
WARWICK,YLDM,CTY,NNGX,NNGX,NNGX,NNGX
WASHINGTON,YLHU,NAV,BXUR,BXUR,BXUR,BXUR
WASHINGTON,YLJF,CTY,BXUR,BXUR,BXUR,BXUR
WASHINGTON 01,YLLM,CTY,BXUR,BXUR,BXUR,BXUR
WASHINGTON 02,YLLN,CTY,AJXF,AJXF,AJXF,AJXF
WASHINGTON DC,YLMY,NAV,AJXF,AJXF,AJXF,AJXF
WASHINGTON TEMP 8,YLQG,ADM,BXUR,BXUR,BXUR,BXUR
WASHINGTON NS,YLQH,NYI,FJXT,FJXT,FJXT,FJXT
WASHINGTON,YLZT,CTY,MSQB,MSQB,MSQB,MSQB
WASHINGTON,YMAG,CTY,GUQE,GUQE,GUQE,GUQE
WASHINGTON,YMBF,CTY,DNNL,DNNL,DNNL,DNNL
WASHINGTON,YMFW,MGI,BXUR,BXUR,BXUR,BXUR
RONALD REAGAN WAS,YMGC,JAP,BXUR,BXUR,BXUR,BXUR
WASILLA,YMMK,COM,FXSB,FXSB,FXSB,FXSB
WATERBURY,YMSM,CTY,YTPM,YTPM,YTPM,YTPM
WATERLOO,YMXT,CTY,YAQF,YAQF,YAQF,YAQF
WATERLOO RGNL,YMXZ,JAP,YAQF,YAQF,YAQF,YAQF
WATERTOWN,YNEF,CTY,QJKL,QJKL,QJKL,QJKL
WATERVILLE,YNJF,CTY,NNGX,NNGX,NNGX,NNGX
WAUKEGAN,YNWK,RTC,DPNB,DPNB,DPNB,DPNB
WAUSAU,YPAZ,CTY,YAQF,YAQF,YAQF,YAQF
WAVERLY,YPEA,CTY,CYWF,CYWF,CYWF,CYWF
WEBBERS FALLS OK,YQPQ,ADM,WWYK,WWYK,WWYK,WWYK
WELLESLEY,YRLZ,AGS,NNGX,NNGX,NNGX,NNGX
WELLINGTON,YRTK,PRT,AJJY,AJJY,AJJY,AJJY
W JORDAN,YSYV,CTY,KRSM,KRSM,KRSM,KRSM
WESTOVER ARB METR,YTPM,ARB,YTPM,YTPM,YTPM,YTPM
YUMA AUX 2,YUAC,AFD,ZRCE,ZRCE,ZRCE,ZRCE
WETUMPKA,YUPT,CTY,PNQS,PNQS,PNQS,PNQS
WHEELER AAF,YVEW,MAP,AVXV,AVXV,AVXV,AVXV
WHEELER SACK AAF,YVGQ,MAP,JREZ,JREZ,JREZ,JREZ
WHIDBEY ISLAND NA,YVPG,MAP,PQWY,PQWY,PQWY,PQWY
WHITEFISH BAY,YWBX,CTY,HTUX,HTUX,HTUX,HTUX
WHITEMAN AFB,YWHG,MAP,YWHG,YWHG,YWHG,YWHG
WICHITA MID CONTI,YXKB,CAP,PRQE,PRQE,PRQE,PRQE
WILL ROGERS WORLD,YZEU,JAP,WWYK,WWYK,WWYK,WWYK
CHANDLER MUNI,YZJU,MAP,NUEX,NUEX,NUEX,NUEX
WILLIAMSBURG,ZABA,CTY,MUHJ,MUHJ,MUHJ,MUHJ
WILLIAMSBURG,ZABF,NYI,MUHJ,MUHJ,MUHJ,MUHJ
WILLOW GROVE,ZAWA,RTC,ZAWN,ZAWN,ZAWN,ZAWN
WILLOW GROVE NAS,ZAWN,MAP,ZAWN,ZAWN,ZAWN,ZAWN
WILMINGTON,ZBBU,CTY,ZAWN,ZAWN,ZAWN,ZAWN
WILMINGTON,ZBEN,CTY,RDRD,RDRD,RDRD,RDRD
WILMINGTON,ZBES,PRT,RDRD,RDRD,RDRD,RDRD
WINCHESTER,ZBUL,CTY,BRKR,BRKR,BRKR,BRKR
WINCHESTER,ZBVU,CTY,PJVY,PJVY,PJVY,PJVY
WINSTON SALEM,ZDLG,CTY,TMKH,TMKH,TMKH,TMKH
WISCONSIN RAPIDS,ZDXA,CTY,YAQF,YAQF,YAQF,YAQF
WOODBRIDGE,ZFKN,CAP,ZFKN,ZFKN,ZFKN,ZFKN
WOODBURN,ZFNU,CTY,PQWY,PQWY,PQWY,PQWY
WOODS HOLE,ZFTU,CTY,NNGX,NNGX,NNGX,NNGX
WORCESTER,ZHAH,AGS,YTPM,YTPM,YTPM,YTPM
WORCESTER,ZHAP,CTY,YTPM,YTPM,YTPM,YTPM
WORCESTER,ZHBP,CTY,DYCS,DYCS,DYCS,DYCS
WR PATT SYS ONLY,ZHTP,DEP,ZHTV,ZHTV,ZHTV,ZHTV
WRIGHT PATTERSON,ZHTV,MAP,ZHTV,ZHTV,ZHTV,ZHTV
WRIGHT PATTERSON,ZHUE,STG,ZHTV,ZHTV,ZHTV,ZHTV
OSCODA WURTSMITH,ZJXD,MAP,ZJXD,ZJXD,ZJXD,ZJXD
WYOMING,ZKPY,CTY,ZAWN,ZAWN,ZAWN,ZAWN
YAKIMA AIR TERMIN,ZLJP,CAP,PQWY,PQWY,PQWY,PQWY
YAKIMA,ZLJS,CTY,PQWY,PQWY,PQWY,PQWY
JBLM YAKIMA FIRIN,ZLJW,AIN,PQWY,PQWY,PQWY,PQWY
YANBU AL SINAIYAH,ZLVW,PRT,UGZX,UGZX,UGZX,UGZX
YANTIAN PORT FAC,ZMJJ,PRT,DVLK,DVLK,DVLK,DVLK
YOAKUM,ZNHL,CTY,BJHZ,BJHZ,BJHZ,BJHZ
YOKOHAMA COMMERCI,ZNMC,PRT,ZNRE,ZNRE,ZNRE,ZNRE
YOKOTA AB,ZNRE,MAP,ZNRE,ZNRE,ZNRE,ZNRE
YORKTOWN,ZQAE,CTY,MUHJ,MUHJ,MUHJ,MUHJ
YORKTOWN      NWS,ZQAF,AMO,MUHJ,MUHJ,MUHJ,MUHJ
YORKTOWN NWS,ZQAH,PRT,MUHJ,MUHJ,MUHJ,MUHJ
YORKTOWN NWS,ZQAJ,NYI,MUHJ,MUHJ,MUHJ,MUHJ
YOUNGSTOWN,ZQEA,RTC,DYCS,DYCS,DYCS,DYCS
YOUNGSTOWN WARREN,ZQEL,JAP,DYCS,DYCS,DYCS,DYCS
YPSILANTI,ZQLL,CTY,DYCS,DYCS,DYCS,DYCS
YUMA MCAS,ZRBF,AMO,ZRCE,ZRCE,ZRCE,ZRCE
YUMA INTL,ZRCE,CAP,ZRCE,ZRCE,ZRCE,ZRCE
ZANESVILLE MUNI,ZRUZ,CAP,DYCS,DYCS,DYCS,DYCS
ZANESVILLE,ZRVL,AGS,DYCS,DYCS,DYCS,DYCS
ZARZIS,ZSAK,PRT,JEAH,JEAH,JEAH,JEAH
ZHAPU,ZSJC,PRT,LXEZ,LXEZ,LXEZ,LXEZ
