KEY,SHAPE_ROW,CountryStateCode,MaxMilShip,Port,Active,Modified,DifferentCSC,EquipmentStorage,ContStackHeight,SeaBBOffPers,SeaBBOnPers,SeaContOffPers,SeaContOnPers,SeaROROOffPers,SeaROROOnPers
ABIDJAN -AAPV-PRT,0,CI,6,AAPV,,M,false,1742400.0,3,6000.0,4000.0,2600.0,2300.0,1800.0,1200.0
AD DAMMAM -ABFL-PRT,0,SA,6,ABFL,,M,false,1742400.0,3,6000.0,4000.0,2600.0,2300.0,1800.0,1200.0
ADELPHI -ABXK-NYI,0,24,,ABXK,,,false,,,,,,,,
AL BAHRAYN MINA S -ADKH-PRT,0,BH,6,ADKH,,M,false,1742400.0,3,6000.0,4000.0,2600.0,2300.0,1800.0,1200.0
AL MAHDIYAH -ADLS-PRT,0,TN,6,ADLS,,M,false,1742400.0,3,6000.0,4000.0,2600.0,2300.0,1800.0,1200.0
ALAMEDA -ADNE-NYI,0,06,,ADNE,,,false,,,,,,,,
ALAMEDA PT MARAD -ADNK-PRT,0,06,,ADNK,,,false,,,,,,,,
ALEXANDRIA -AELU-PRT,0,EG,6,AELU,,M,false,1742400.0,3,6000.0,4000.0,2600.0,2300.0,1800.0,1200.0
ALGECIRAS -AEQT-PRT,0,ES,6,AEQT,,M,false,1742400.0,3,6000.0,4000.0,2600.0,2300.0,1800.0,1200.0
ANACORTES -AHWQ-PRT,0,53,,AHWQ,,,false,,,,,,,,
ANACOSTIA -AHXM-NYI,0,11,,AHXM,,,false,,,,,,,,
ANCHORAGE -AJBR-PRT,0,02,,AJBR,,,false,,,,,,,,
ANCONA -AJGX-PRT,0,IT,6,AJGX,,M,false,1742400.0,3,6000.0,4000.0,2600.0,2300.0,1800.0,1200.0
ANNAPOLIS -AKUU-PRT,0,24,,AKUU,,,false,,,,,,,,
ANTWERP -ALRF-PRT,0,BE,6,ALRF,,M,false,1742400.0,3,6000.0,4000.0,2600.0,2300.0,1800.0,1200.0
APRA HARBOR -AMCQ-PRT,0,GU,6,AMCQ,,M,false,1742400.0,3,6000.0,4000.0,2600.0,2300.0,1800.0,1200.0
AS SUKHAYRAH -APFD-PRT,0,TN,6,APFD,,M,false,1742400.0,3,6000.0,4000.0,2600.0,2300.0,1800.0,1200.0
ASH SHUWAIKH COMM -APGW-PRT,0,KW,6,APGW,,M,false,1742400.0,3,6000.0,4000.0,2600.0,2300.0,1800.0,1200.0
ASHTART -APRJ-PRT,0,TN,,APRJ,,,false,,,,,,,,
ATLANTA -AQLW-NAV,0,13,,AQLW,,,false,,,,,,,,
BALTIMORE OUTPORT -AVBU-PRT,0,24,6,AVBU,,M,false,1742400.0,3,6000.0,4000.0,2600.0,2300.0,1800.0,1200.0
BANGOR -AVPV-NYI,0,53,,AVPV,,,false,,,,,,,,
BANGOR NAVAL SUBM -AVPN-NBA,0,53,,AVPN,,,false,,,,,,,,
BANZART -AVTB-PRT,0,TN,,AVTB,,,false,,,,,,,,
BARCELONA -AVYX-PRT,0,ES,6,AVYX,,M,false,1742400.0,3,6000.0,4000.0,2600.0,2300.0,1800.0,1200.0
BARTH -AYER-PRT,0,DE,,AYER,,,false,,,,,,,,
BATON ROUGE -AYYY-PRT,0,22,,AYYY,,,false,,,,,,,,
BAYONNE -AZTE-NYI,0,34,,AZTE,,,false,,,,,,,,
BAYONNE -AZTG-PRT,0,34,,AZTG,,,false,,,,,,,,
BEAUFORT -BBGP-PRT,0,37,,BBGP,,,false,,,,,,,,
BEAUMONT -BBNV-PRT,0,48,6,BBNV,,M,false,1742400.0,3,6000.0,4000.0,2600.0,2300.0,1800.0,1200.0
BEAUMONT T2 -BBNQ-PRT,0,48,6,BBNQ,,M,false,1742400.0,3,6000.0,4000.0,2600.0,2300.0,1800.0,1200.0
BIZERTE -BSRL-PRT,0,TN,6,BSRL,,M,false,1742400.0,3,6000.0,4000.0,2600.0,2300.0,1800.0,1200.0
BONE -BYKC-PRT,0,DZ,,BYKC,,,false,,,,,,,,
BOSTON -CAMK-NYI,0,25,,CAMK,,,false,,,,,,,,
BREMERHAVEN -CHCY-PRT,0,DE,6,CHCY,,M,false,1742400.0,3,6000.0,4000.0,2600.0,2300.0,1800.0,1200.0
BREMERTON -CHEV-NYI,0,53,,CHEV,,,false,,,,,,,,
BREMERTON SEALAND -CHEX-PRT,0,53,,CHEX,,,false,,,,,,,,
BRISTOL -CKMQ-PRT,0,42,,CKMQ,,,false,,,,,,,,
BROOKLYN -CMXJ-NYI,0,36,,CMXJ,,,false,,,,,,,,
CADIZ -CWCP-PRT,0,ES,6,CWCP,,M,false,1742400.0,3,6000.0,4000.0,2600.0,2300.0,1800.0,1200.0
CAGAYAN DE ORO -CWGV-PRT,0,PH,6,CWGV,,M,false,1742400.0,3,6000.0,4000.0,2600.0,2300.0,1800.0,1200.0
CARSWELL -DDQW-NAV,0,48,,DDQW,,,false,,,,,,,,
CEDAR RAPIDS -DGGD-NYI,0,19,,DGGD,,,false,,,,,,,,
CHARLESTON -DKGL-NYI,0,45,,DKGL,,,false,,,,,,,,
CHARLESTON -DKSD-PRT,0,45,6,DKSD,,M,false,1742400.0,3,6000.0,4000.0,2600.0,2300.0,1800.0,1200.0
CHARLESTON -DKTT-NAV,0,54,,DKTT,,,false,,,,,,,,
CHARLESTON NAV YD -DKVL-NYI,0,45,,DKVL,,,false,,,,,,,,
CHICAGO -DPMD-PRT,0,17,,DPMD,,,false,,,,,,,,
CHINHAE -DRUG-PRT,0,KR,6,DRUG,,M,false,1742400.0,3,6000.0,4000.0,2600.0,2300.0,1800.0,1200.0
COLOMBO -EDME-PRT,0,LK,6,EDME,,M,false,1742400.0,3,6000.0,4000.0,2600.0,2300.0,1800.0,1200.0
CONCORD -EGNN-PRT,0,06,6,EGNN,,M,false,1742400.0,3,6000.0,4000.0,2600.0,2300.0,1800.0,1200.0
COOS BAY -EKWU-PRT,0,41,,EKWU,,,false,,,,,,,,
CORONADO -EMVX-NYI,0,06,,EMVX,,,false,,,,,,,,
CORONADO SD   NPB -EMVY-NYI,0,06,,EMVY,,,false,,,,,,,,
CORPUS CHRISTI NA -ENCN-PRT,0,48,6,ENCN,,M,false,1742400.0,3,6000.0,4000.0,2600.0,2300.0,1800.0,1200.0
CRANE -EWFK-NYI,0,18,,EWFK,,,false,,,,,,,,
CROCKETT -EXGM-PRT,0,06,,EXGM,,,false,,,,,,,,
DAKAR -EZMU-PRT,0,SN,6,EZMU,,M,false,1742400.0,3,6000.0,4000.0,2600.0,2300.0,1800.0,1200.0
DANA POINT -FAFL-PRT,0,06,,FAFL,,,false,,,,,,,,
DENVER -FERR-NAV,0,08,,FERR,,,false,,,,,,,,
DIEGO GARCIA -FGDD-PRT,0,DG,6,FGDD,,M,false,1742400.0,3,6000.0,4000.0,2600.0,2300.0,1800.0,1200.0
DIEGO GARCIA EAST -FGDB-PRT,0,DG,6,FGDB,,M,false,1742400.0,3,6000.0,4000.0,2600.0,2300.0,1800.0,1200.0
DJERBA -FGTW-PRT,0,TN,6,FGTW,,M,false,1742400.0,3,6000.0,4000.0,2600.0,2300.0,1800.0,1200.0
DUBAI -FMAZ-PRT,0,AE,6,FMAZ,,M,false,1742400.0,3,6000.0,4000.0,2600.0,2300.0,1800.0,1200.0
DULUTH -FMKT-NYI,0,27,,FMKT,,,false,,,,,,,,
DULUTH -FMLT-PRT,0,27,,FMLT,,,false,,,,,,,,
DURBAN -FNLD-PRT,0,ZA,6,FNLD,,M,false,1742400.0,3,6000.0,4000.0,2600.0,2300.0,1800.0,1200.0
DUTCH HARBOR -FNSH-PRT,0,02,6,FNSH,,M,false,1742400.0,3,6000.0,4000.0,2600.0,2300.0,1800.0,1200.0
EARLE NWS -FQZF-PRT,0,34,6,FQZF,,M,false,1742400.0,3,6000.0,4000.0,2600.0,2300.0,1800.0,1200.0
EL KALA -FUPD-PRT,0,DZ,,FUPD,,,false,,,,,,,,
ELIZABETHPORT -FVMT-PRT,0,34,,FVMT,,,false,,,,,,,,
ELMENDORF -FXSK-POL,0,02,,FXSK,,,false,,,,,,,,
ERIE -GCRR-PRT,0,42,,GCRR,,,false,,,,,,,,
EUREKA -GFVP-PRT,0,06,,GFVP,,,false,,,,,,,,
EVERETT -GGNJ-PRT,0,53,,GGNJ,,,false,,,,,,,,
FALLBROOK -GLZN-NYI,0,06,,GLZN,,,false,,,,,,,,
FELIXSTOWE -GPEN-PRT,0,GB,6,GPEN,,M,false,1742400.0,3,6000.0,4000.0,2600.0,2300.0,1800.0,1200.0
FOREST PARK -GVDN-NYI,0,17,,GVDN,,,false,,,,,,,,
FORT PIERCE -HJTL-PRT,0,12,,HJTL,,,false,,,,,,,,
FOS -GWZP-PRT,0,FR,6,GWZP,,M,false,1742400.0,3,6000.0,4000.0,2600.0,2300.0,1800.0,1200.0
FREEPORT -HAGC-PRT,0,48,6,HAGC,,M,false,1742400.0,3,6000.0,4000.0,2600.0,2300.0,1800.0,1200.0
FT WORTH -HMBA-NAV,0,48,,HMBA,,,false,,,,,,,,
FUJAIRAH -HMGB-PRT,0,AE,6,HMGB,,M,false,1742400.0,3,6000.0,4000.0,2600.0,2300.0,1800.0,1200.0
GABES -HNTS-PRT,0,TN,6,HNTS,,M,false,1742400.0,3,6000.0,4000.0,2600.0,2300.0,1800.0,1200.0
GALVESTON -HQLL-PRT,0,48,,HQLL,,,false,,,,,,,,
GENOVA -HUPR-PRT,0,IT,6,HUPR,,M,false,1742400.0,3,6000.0,4000.0,2600.0,2300.0,1800.0,1200.0
GRAVESEND -JJRP-PRT,0,GB,6,JJRP,,M,false,1742400.0,3,6000.0,4000.0,2600.0,2300.0,1800.0,1200.0
GREAT LAKES -JKWG-NYI,0,17,,JKWG,,,false,,,,,,,,
GREAT LAKES TNG -JKWP-NYI,0,17,,JKWP,,,false,,,,,,,,
GREEN BAY -JMCZ-PRT,0,55,,JMCZ,,,false,,,,,,,,
GUAM PORT -JSSN-RRL,0,GU,6,JSSN,,M,false,1742400.0,3,6000.0,4000.0,2600.0,2300.0,1800.0,1200.0
GULFPORT -JTUX-NYI,0,28,,JTUX,,,false,,,,,,,,
GULFPORT -JTVH-PRT,0,28,6,JTVH,,M,false,1742400.0,3,6000.0,4000.0,2600.0,2300.0,1800.0,1200.0
HAIFA -JWJY-PRT,0,IL,6,JWJY,,M,false,1742400.0,3,6000.0,4000.0,2600.0,2300.0,1800.0,1200.0
HAKATA -JWTD-PRT,0,JP,6,JWTD,,M,false,1742400.0,3,6000.0,4000.0,2600.0,2300.0,1800.0,1200.0
HALIFAX -JXKM-PRT,0,CA,6,JXKM,,M,false,1742400.0,3,6000.0,4000.0,2600.0,2300.0,1800.0,1200.0
HAMBURG -JYPN-PRT,0,DE,6,JYPN,,M,false,1742400.0,3,6000.0,4000.0,2600.0,2300.0,1800.0,1200.0
HONG KONG ABERDEE -KZPH-PRT,0,HK,6,KZPH,,M,false,1742400.0,3,6000.0,4000.0,2600.0,2300.0,1800.0,1200.0
HONOLULU -KZTZ-PRT,0,15,6,KZTZ,,M,false,1742400.0,3,6000.0,4000.0,2600.0,2300.0,1800.0,1200.0
HOUSTON -LCMT-PRT,0,48,6,LCMT,,M,false,1742400.0,3,6000.0,4000.0,2600.0,2300.0,1800.0,1200.0
INDIAN ISLAND -LKPE-PRT,0,53,6,LKPE,,M,false,1742400.0,3,6000.0,4000.0,2600.0,2300.0,1800.0,1200.0
INDIAN OCEAN -00IO-OCN,0,6A,6,00IO,,M,false,1742400.0,3,6000.0,4000.0,2600.0,2300.0,1800.0,1200.0
INGLESIDE -LLTY-PRT,0,48,,LLTY,,,false,,,,,,,,
IZMIR -LRNC-PRT,0,TR,6,LRNC,,M,false,1742400.0,3,6000.0,4000.0,2600.0,2300.0,1800.0,1200.0
JACKSONVILLE -LSGM-PRT,0,12,6,LSGM,,M,false,1742400.0,3,6000.0,4000.0,2600.0,2300.0,1800.0,1200.0
JBPH-H FORD ISLAN -GUYU-NYI,0,15,,GUYU,,,false,,,,,,,,
JBPH-H MAKALAPA -NYNF-NBA,0,15,,NYNF,,,false,,,,,,,,
JBPH-H PEARL HARB -SYZN-NBA,0,15,,SYZN,,,false,,,,,,,,
JEBEL ALI -QHPB-PRT,0,AE,6,QHPB,,M,false,1742400.0,3,6000.0,4000.0,2600.0,2300.0,1800.0,1200.0
JEDDAH -LUTP-PRT,0,SA,6,LUTP,,M,false,1742400.0,3,6000.0,4000.0,2600.0,2300.0,1800.0,1200.0
JUBAIL PORT -LWEV-PRT,0,SA,6,LWEV,,M,false,1742400.0,3,6000.0,4000.0,2600.0,2300.0,1800.0,1200.0
KANDLA -LYAP-PRT,0,IN,6,LYAP,,M,false,1742400.0,3,6000.0,4000.0,2600.0,2300.0,1800.0,1200.0
KANSAS CITY -LYNK-NAV,0,29,,LYNK,,,false,,,,,,,,
KAOHSIUNG TSOYING -LYRV-NYI,0,TW,6,LYRV,,M,false,1742400.0,3,6000.0,4000.0,2600.0,2300.0,1800.0,1200.0
KARACHI -LYTM-PRT,0,PK,6,LYTM,,M,false,1742400.0,3,6000.0,4000.0,2600.0,2300.0,1800.0,1200.0
KEARNY -MAAU-PRT,0,34,,MAAU,,,false,,,,,,,,
KELIBIA -MBJJ-PRT,0,TN,,MBJJ,,,false,,,,,,,,
KENOSHA -MCYS-PRT,0,55,,MCYS,,,false,,,,,,,,
KEY WEST -MDXB-PRT,0,12,,MDXB,,,false,,,,,,,,
KINGS BAY -MFRN-PRT,0,13,,MFRN,,,false,,,,,,,,
KOBE -MKAG-PRT,0,JP,6,MKAG,,M,false,1742400.0,3,6000.0,4000.0,2600.0,2300.0,1800.0,1200.0
KOPER -MLDL-PRT,0,SI,6,MLDL,,M,false,1742400.0,3,6000.0,4000.0,2600.0,2300.0,1800.0,1200.0
KUNSAN -MLWY-PRT,0,KR,,MLWY,,,false,,,,,,,,
KWANGYANG -MMGH-PRT,0,KR,6,MMGH,,M,false,1742400.0,3,6000.0,4000.0,2600.0,2300.0,1800.0,1200.0
LE HAVRE -MZJK-PRT,0,FR,6,MZJK,,M,false,1742400.0,3,6000.0,4000.0,2600.0,2300.0,1800.0,1200.0
LEHIGH VALLEY -NBHO-NYI,0,42,,NBHO,,,false,,,,,,,,
LEWES -NDNK-NYI,0,10,,NDNK,,,false,,,,,,,,
LITTLE CREEK -NJNK-NYI,0,51,,NJNK,,,false,,,,,,,,
LITTLE CREEK AMPH -NJNF-PRT,0,51,,NJNF,,,false,,,,,,,,
LIVERPOOL -NLFL-PRT,0,GB,6,NLFL,,M,false,1742400.0,3,6000.0,4000.0,2600.0,2300.0,1800.0,1200.0
LIVORNO -NBDY-PRT,0,IT,6,NBDY,,M,false,1742400.0,3,6000.0,4000.0,2600.0,2300.0,1800.0,1200.0
LOME -NNWH-PRT,0,TG,6,NNWH,,M,false,1742400.0,3,6000.0,4000.0,2600.0,2300.0,1800.0,1200.0
LONG BEACH    NSY -NPTW-NYI,0,06,,NPTW,,,false,,,,,,,,
LONG BEACH -NPTU-PRT,0,06,6,NPTU,,M,false,1742400.0,3,6000.0,4000.0,2600.0,2300.0,1800.0,1200.0
LONG BEACH NSC -NPTR-PRT,0,06,,NPTR,,,false,,,,,,,,
LONG ISLAND -NPVL-BAY,0,36,,NPVL,,,false,,,,,,,,
LOS ANGELES -NSAN-PRT,0,06,6,NSAN,,M,false,1742400.0,3,6000.0,4000.0,2600.0,2300.0,1800.0,1200.0
LOUISVILLE -NSQN-NYI,0,21,,NSQN,,,false,,,,,,,,
LUALUALEI NMD -NTUF-NYI,0,15,,NTUF,,,false,,,,,,,,
LUALUALEI WEST LO -NTUH-PRT,0,15,,NTUH,,,false,,,,,,,,
MANILA -PAXM-PRT,0,PH,6,PAXM,,M,false,1742400.0,3,6000.0,4000.0,2600.0,2300.0,1800.0,1200.0
MANZANILLO -PCFC-PRT,0,MX,6,PCFC,,M,false,1742400.0,3,6000.0,4000.0,2600.0,2300.0,1800.0,1200.0
MANZANILLO -PCFG-PRT,0,PA,6,PCFG,,M,false,1742400.0,3,6000.0,4000.0,2600.0,2300.0,1800.0,1200.0
MARE ISLAND -PDZE-NYI,0,06,,PDZE,,,false,,,,,,,,
MASAN -PKVP-PRT,0,KR,6,PKVP,,M,false,1742400.0,3,6000.0,4000.0,2600.0,2300.0,1800.0,1200.0
MAYPORT -PPSC-NYI,0,12,,PPSC,,,false,,,,,,,,
MAYPORT NAVAL ST -PPSH-PRT,0,12,6,PPSH,,M,false,1742400.0,3,6000.0,4000.0,2600.0,2300.0,1800.0,1200.0
MCALESTER AAP -PQEM-NYI,0,40,,PQEM,,,false,,,,,,,,
MCGUIRE -PTFY-NAV,0,34,,PTFY,,,false,,,,,,,,
MCKEESPORT -PUCT-NYI,0,42,,PUCT,,,false,,,,,,,,
MECHANICSBURG -PVKT-NYI,0,42,,PVKT,,,false,,,,,,,,
MEMPHIS -PYKG-NYI,0,47,,PYKG,,,false,,,,,,,,
MEMPHIS -PYKS-NYI,0,47,,PYKS,,,false,,,,,,,,
MIAMI -QCFA-NYI,0,12,,QCFA,,,false,,,,,,,,
MIAMI -QCFF-PRT,0,12,6,QCFF,,M,false,1742400.0,3,6000.0,4000.0,2600.0,2300.0,1800.0,1200.0
MINA QABOOS -TVXA-PRT,0,OM,6,TVXA,,M,false,1742400.0,3,6000.0,4000.0,2600.0,2300.0,1800.0,1200.0
MINA SAQR -QHPD-PRT,0,AE,6,QHPD,,M,false,1742400.0,3,6000.0,4000.0,2600.0,2300.0,1800.0,1200.0
MINA ZAYED -QHPF-PRT,0,AE,6,QHPF,,M,false,1742400.0,3,6000.0,4000.0,2600.0,2300.0,1800.0,1200.0
MOBILE -QMFZ-PRT,0,01,,QMFZ,,,false,,,,,,,,
MOKPO -QNPW-PRT,0,KR,6,QNPW,,M,false,1742400.0,3,6000.0,4000.0,2600.0,2300.0,1800.0,1200.0
MOREHEAD CITY -QTUP-PRT,0,37,6,QTUP,,M,false,1742400.0,3,6000.0,4000.0,2600.0,2300.0,1800.0,1200.0
MOREHEAD CITY -QTUR-POL,0,37,,QTUR,,,false,,,,,,,,
MUHAMMAD QASIM -BQWA-PRT,0,PK,6,BQWA,,M,false,1742400.0,3,6000.0,4000.0,2600.0,2300.0,1800.0,1200.0
MUKHOJIN NI -RBXH-PRT,0,KR,,RBXH,,,false,,,,,,,,
MUSCAT -RCYQ-CTY,0,OM,6,RCYQ,,M,false,1742400.0,3,6000.0,4000.0,2600.0,2300.0,1800.0,1200.0
MUSCAT -RCYT-PRT,0,OM,6,RCYT,,M,false,1742400.0,3,6000.0,4000.0,2600.0,2300.0,1800.0,1200.0
N ISLAND -SBNB-NYI,0,06,,SBNB,,,false,,,,,,,,
NAGOYA -RELG-PRT,0,JP,6,RELG,,M,false,1742400.0,3,6000.0,4000.0,2600.0,2300.0,1800.0,1200.0
NAHA -REPV-PRT,0,JP,6,REPV,,M,false,1742400.0,3,6000.0,4000.0,2600.0,2300.0,1800.0,1200.0
NAPLES -RGJW-PRT,0,IT,6,RGJW,,M,false,1742400.0,3,6000.0,4000.0,2600.0,2300.0,1800.0,1200.0
NAVY YARD -RJHC-NYI,0,11,,RJHC,,,false,,,,,,,,
NEW HAVEN -RPWO-NYI,0,09,,RPWO,,,false,,,,,,,,
NEW LONDON -RQFF-NYI,0,09,,RQFF,,,false,,,,,,,,
NEW LONDON -RQFK-PRT,0,09,,RQFK,,,false,,,,,,,,
NEW ORLEANS -RQNK-PRT,0,22,6,RQNK,,M,false,1742400.0,3,6000.0,4000.0,2600.0,2300.0,1800.0,1200.0
NEW ORLEANS NAVSA -RGNP-NYI,0,22,,RGNP,,,false,,,,,,,,
NEW YORK -RRHQ-NYI,0,36,,RRHQ,,,false,,,,,,,,
NEW YORK -RRHU-PRT,0,36,6,RRHU,,M,false,1742400.0,3,6000.0,4000.0,2600.0,2300.0,1800.0,1200.0
NEW YORK PORT EMB -RRRK-ADM,0,36,6,RRRK,,M,false,1742400.0,3,6000.0,4000.0,2600.0,2300.0,1800.0,1200.0
NEWPORT -RUAD-NYI,0,44,,RUAD,,,false,,,,,,,,
NEWPORT -RUAM-PRT,0,44,6,RUAM,,M,false,1742400.0,3,6000.0,4000.0,2600.0,2300.0,1800.0,1200.0
NEWPORT NEWS -RULV-PRT,0,51,6,RULV,,M,false,1742400.0,3,6000.0,4000.0,2600.0,2300.0,1800.0,1200.0
NEWPORT T2 -RUAQ-PRT,0,44,6,RUAQ,,M,false,1742400.0,3,6000.0,4000.0,2600.0,2300.0,1800.0,1200.0
NORFOLK -SBDZ-NYI,0,51,,SBDZ,,,false,,,,,,,,
NORFOLK -SBEA-PRT,0,51,6,SBEA,,M,false,1742400.0,3,6000.0,4000.0,2600.0,2300.0,1800.0,1200.0
NORFOLK T2 -SBEQ-PRT,0,51,6,SBEQ,,M,false,1742400.0,3,6000.0,4000.0,2600.0,2300.0,1800.0,1200.0
NORTH ISLAND -RZMJ-NYI,0,06,,RZMJ,,,false,,,,,,,,
NW ATLANTIC -00A1-OCN,0,1A,6,00A1,,M,false,1742400.0,3,6000.0,4000.0,2600.0,2300.0,1800.0,1200.0
OAKLAND -SERJ-NAV,0,06,,SERJ,,,false,,,,,,,,
OAKLAND -SERS-NYI,0,06,,SERS,,,false,,,,,,,,
OAKLAND SEALAND T -SERU-PRT,0,06,6,SERU,,M,false,1742400.0,3,6000.0,4000.0,2600.0,2300.0,1800.0,1200.0
OCEANA -SFPM-NAV,0,51,,SFPM,,,false,,,,,,,,
OKLAHOMA CITY -SHDV-NYI,0,40,,SHDV,,,false,,,,,,,,
OLD VALDEZ -XRSP-PRT,0,02,,XRSP,,,false,,,,,,,,
OSAKA -SMXS-PRT,0,JP,6,SMXS,,M,false,1742400.0,3,6000.0,4000.0,2600.0,2300.0,1800.0,1200.0
PALERMO -STRM-PRT,0,IT,6,STRM,,M,false,1742400.0,3,6000.0,4000.0,2600.0,2300.0,1800.0,1200.0
PALM BEACH -STYW-PRT,0,12,,STYW,,,false,,,,,,,,
PANAMA CITY -SVCN-PRT,0,PA,6,SVCN,,M,false,1742400.0,3,6000.0,4000.0,2600.0,2300.0,1800.0,1200.0
PARAIEVS -TGWS-PRT,0,GR,6,TGWS,,M,false,1742400.0,3,6000.0,4000.0,2600.0,2300.0,1800.0,1200.0
PEARL HARBOR  NSC -SYZP-NYI,0,15,,SYZP,,,false,,,,,,,,
PEARL HARBOR  NST -SYZJ-NYI,0,15,,SYZJ,,,false,,,,,,,,
PEARL HARBOR NAD -SYZZ-PRT,0,15,6,SYZZ,,M,false,1742400.0,3,6000.0,4000.0,2600.0,2300.0,1800.0,1200.0
PEARL HARBOR SHYD -SYZB-NYI,0,15,,SYZB,,,false,,,,,,,,
PENSACOLA -TAXW-PRT,0,12,,TAXW,,,false,,,,,,,,
PHILADELPHIA -TDXQ-NYI,0,42,,TDXQ,,,false,,,,,,,,
POHANG -TKDW-PRT,0,KR,6,TKDW,,M,false,1742400.0,3,6000.0,4000.0,2600.0,2300.0,1800.0,1200.0
POINT MUGU -TKXB-NYI,0,06,,TKXB,,,false,,,,,,,,
PORT EVERGLADES -TNVX-PRT,0,12,6,TNVX,,M,false,1742400.0,3,6000.0,4000.0,2600.0,2300.0,1800.0,1200.0
PORT HUENEME -TNZV-NYI,0,06,,TNZV,,,false,,,,,,,,
PORT HUENEME NCBC -TNZY-PRT,0,06,6,TNZY,,M,false,1742400.0,3,6000.0,4000.0,2600.0,2300.0,1800.0,1200.0
PORT KELANG -TPRW-PRT,0,MY,6,TPRW,,M,false,1742400.0,3,6000.0,4000.0,2600.0,2300.0,1800.0,1200.0
PORT NEWARK -RRQL-PRT,0,34,,RRQL,,,false,,,,,,,,
PORT SAID -TPPR-PRT,0,EG,6,TPPR,,M,false,1742400.0,3,6000.0,4000.0,2600.0,2300.0,1800.0,1200.0
PORT TAMPA -TPRZ-PRT,0,12,,TPRZ,,,false,,,,,,,,
PORT TOWNSEND -TPSL-PRT,0,53,,TPSL,,,false,,,,,,,,
PORTLAND -TQKG-PRT,0,41,6,TQKG,,M,false,1742400.0,3,6000.0,4000.0,2600.0,2300.0,1800.0,1200.0
PORTO FARINA -TQPB-PRT,0,TN,,TQPB,,,false,,,,,,,,
PORTSMOUTH -TQRU-PRT,0,33,,TQRU,,,false,,,,,,,,
PORTSMOUTH -TQUH-PRT,0,51,,TQUH,,,false,,,,,,,,
PORTSMOUTH -TQUK-NYI,0,51,,TQUK,,,false,,,,,,,,
PRAIA DE VITORIA -TRZP-PRT,0,PT,6,TRZP,,M,false,1742400.0,3,6000.0,4000.0,2600.0,2300.0,1800.0,1200.0
PROVIDENCE -TTWZ-PRT,0,44,,TTWZ,,,false,,,,,,,,
PUGET SOUND -TUJL-NYI,0,53,,TUJL,,,false,,,,,,,,
PUSAN MILITARY TE -TVJD-PRT,0,KR,6,TVJD,,M,false,1742400.0,3,6000.0,4000.0,2600.0,2300.0,1800.0,1200.0
QUINCY -TWEH-NYI,0,25,,TWEH,,,false,,,,,,,,
RAS AL MISHAB -TZL4-PRT,0,SA,6,TZL4,,M,false,1742400.0,3,6000.0,4000.0,2600.0,2300.0,1800.0,1200.0
RICHMOND -UEND-PRT,0,06,,UEND,,,false,,,,,,,,
ROCHESTER -UJBZ-PRT,0,36,,UJBZ,,,false,,,,,,,,
ROTA -UMXA-PRT,0,ES,6,UMXA,,M,false,1742400.0,3,6000.0,4000.0,2600.0,2300.0,1800.0,1200.0
ROTTERDAM -UNAP-PRT,0,NL,6,UNAP,,M,false,1742400.0,3,6000.0,4000.0,2600.0,2300.0,1800.0,1200.0
SALALAH MINA RAYS -TZYR-PRT,0,OM,6,TZYR,,M,false,1742400.0,3,6000.0,4000.0,2600.0,2300.0,1800.0,1200.0
SAN DIEGO -USZV-NYI,0,06,,USZV,,,false,,,,,,,,
SAN DIEGO -UTAC-PRT,0,06,6,UTAC,,M,false,1742400.0,3,6000.0,4000.0,2600.0,2300.0,1800.0,1200.0
SAN DIEGO NAVSTA -UTBR-NYI,0,06,,UTBR,,,false,,,,,,,,
SAN DIEGO NAVSUB -UTBS-NYI,0,06,,UTBS,,,false,,,,,,,,
SAN FRANCISCO -UTLN-NYI,0,06,,UTLN,,,false,,,,,,,,
SAN FRANCISCO -UTLS-PRT,0,06,,UTLS,,,false,,,,,,,,
SAN JUAN -UTVT-PRT,0,PR,6,UTVT,,M,false,1742400.0,3,6000.0,4000.0,2600.0,2300.0,1800.0,1200.0
SAN PEDRO -UULA-PRT,0,AR,6,UULA,,M,false,1742400.0,3,6000.0,4000.0,2600.0,2300.0,1800.0,1200.0
SAN PEDRO -UULB-PRT,0,CI,6,UULB,,M,false,1742400.0,3,6000.0,4000.0,2600.0,2300.0,1800.0,1200.0
SAN PEDRO -UULX-PRT,0,06,6,UULX,,M,false,1742400.0,3,6000.0,4000.0,2600.0,2300.0,1800.0,1200.0
SASEBO -UYQR-PRT,0,JP,6,UYQR,,M,false,1742400.0,3,6000.0,4000.0,2600.0,2300.0,1800.0,1200.0
SAVANNAH -UZXJ-PRT,0,13,6,UZXJ,,M,false,1742400.0,3,6000.0,4000.0,2600.0,2300.0,1800.0,1200.0
SEAL BEACH -VFHY-NYI,0,06,,VFHY,,,false,,,,,,,,
SEAL BEACH NWS -VFHZ-PRT,0,06,,VFHZ,,,false,,,,,,,,
SEATTLE -VFVD-NYI,0,53,,VFVD,,,false,,,,,,,,
SEATTLE -VFVN-PRT,0,53,6,VFVN,,M,false,1742400.0,3,6000.0,4000.0,2600.0,2300.0,1800.0,1200.0
SEATTLE NAVY PRT -VFXM-NYI,0,53,,VFXM,,,false,,,,,,,,
SFAX -VKNP-PRT,0,TN,6,VKNP,,M,false,1742400.0,3,6000.0,4000.0,2600.0,2300.0,1800.0,1200.0
SHIMIZU -VPRF-PRT,0,JP,6,VPRF,,M,false,1742400.0,3,6000.0,4000.0,2600.0,2300.0,1800.0,1200.0
SINGAPORE -VSNF-PRT,0,SG,6,VSNF,,M,false,1742400.0,3,6000.0,4000.0,2600.0,2300.0,1800.0,1200.0
SIOUX FALLS -VSTN-NYI,0,46,,VSTN,,,false,,,,,,,,
SO WEYMOUTH -VWCR-NYI,0,25,,VWCR,,,false,,,,,,,,
SOUSSE -VXTY-PRT,0,TN,,VXTY,,,false,,,,,,,,
SOUTHPORT MILITAR -WMPT-PRT,0,37,6,WMPT,,M,false,1742400.0,3,6000.0,4000.0,2600.0,2300.0,1800.0,1200.0
SUSAH -WMY2-PRT,0,TN,,WMY2,,,false,,,,,,,,
SYDNEY -WPAU-PRT,0,AU,6,WPAU,,M,false,1742400.0,3,6000.0,4000.0,2600.0,2300.0,1800.0,1200.0
TABARQAH -WPKZ-PRT,0,TN,,WPKZ,,,false,,,,,,,,
TACOMA -WPVT-PRT,0,53,6,WPVT,,M,false,1742400.0,3,6000.0,4000.0,2600.0,2300.0,1800.0,1200.0
TAKORADI -WQZM-PRT,0,GH,6,WQZM,,M,false,1742400.0,3,6000.0,4000.0,2600.0,2300.0,1800.0,1200.0
TEMA -WTJG-PRT,0,GH,6,WTJG,,M,false,1742400.0,3,6000.0,4000.0,2600.0,2300.0,1800.0,1200.0
TEXAS CITY -WUND-PRT,0,48,,WUND,,,false,,,,,,,,
TOKYO -WYKZ-PRT,0,JP,6,WYKZ,,M,false,1742400.0,3,6000.0,4000.0,2600.0,2300.0,1800.0,1200.0
TOLEDO -WYPX-PRT,0,39,,WYPX,,,false,,,,,,,,
TRAVIS -XDMT-NAV,0,06,,XDMT,,,false,,,,,,,,
TRIESTE -XEXW-PRT,0,IT,6,XEXW,,M,false,1742400.0,3,6000.0,4000.0,2600.0,2300.0,1800.0,1200.0
TUNIS -XJCS-PRT,0,TN,,XJCS,,,false,,,,,,,,
TUNISIASEABASE -SEA1-PRT,0,TN,,SEA1,,M,false,10000.0,2,,,,,,
VALENCIA -XRVJ-PRT,0,ES,6,XRVJ,,M,false,1742400.0,3,6000.0,4000.0,2600.0,2300.0,1800.0,1200.0
VALLEJO -XSHO-NYI,0,06,,XSHO,,,false,,,,,,,,
VANCOUVER -XUDT-PRT,0,53,6,XUDT,,M,false,1742400.0,3,6000.0,4000.0,2600.0,2300.0,1800.0,1200.0
VENICE -XVMN-CTY,0,IT,6,XVMN,,M,false,1742400.0,3,6000.0,4000.0,2600.0,2300.0,1800.0,1200.0
VERACRUZ -XVRV-PRT,0,MX,6,XVRV,,M,false,1742400.0,3,6000.0,4000.0,2600.0,2300.0,1800.0,1200.0
VILLA SAN GIOVANN -XYNK-PRT,0,IT,6,XYNK,,M,false,1742400.0,3,6000.0,4000.0,2600.0,2300.0,1800.0,1200.0
WARRENSVILLE HGTS -YKVG-NAV,0,39,,YKVG,,,false,,,,,,,,
WASHINGTON -YLHU-NAV,0,11,,YLHU,,,false,,,,,,,,
WASHINGTON DC -YLMY-NAV,0,11,,YLMY,,,false,,,,,,,,
WASHINGTON NS -YLQH-NYI,0,11,,YLQH,,,false,,,,,,,,
WELLINGTON -YRTK-PRT,0,NZ,6,YRTK,,M,false,1742400.0,3,6000.0,4000.0,2600.0,2300.0,1800.0,1200.0
WESTERN MED -00XT-SEA,0,8W,6,00XT,,M,false,1742400.0,3,6000.0,4000.0,2600.0,2300.0,1800.0,1200.0
WHIDBEY ISL NAS -WHAH-NYI,0,53,,WHAH,,,false,,,,,,,,
WILLIAMSBURG -ZABF-NYI,0,51,,ZABF,,,false,,,,,,,,
WILMINGTON -ZBES-PRT,0,37,6,ZBES,,M,false,1742400.0,3,6000.0,4000.0,2600.0,2300.0,1800.0,1200.0
YANBU AL SINAIYAH -ZLVW-PRT,0,SA,,ZLVW,,,false,,,,,,,,
YANTIAN PORT FAC -ZMJJ-PRT,0,CN,6,ZMJJ,,M,false,1742400.0,3,6000.0,4000.0,2600.0,2300.0,1800.0,1200.0
YOKOHAMA COMMERCI -ZNMC-PRT,0,JP,6,ZNMC,,M,false,1742400.0,3,6000.0,4000.0,2600.0,2300.0,1800.0,1200.0
YORKTOWN NWS -ZQAH-PRT,0,51,,ZQAH,,,false,,,,,,,,
YORKTOWN NWS -ZQAJ-NYI,0,51,,ZQAJ,,,false,,,,,,,,
ZARZIS -ZSAK-PRT,0,TN,,ZSAK,,,false,,,,,,,,
ZHAPU -ZSJC-PRT,0,CN,6,ZSJC,,M,false,1742400.0,3,6000.0,4000.0,2600.0,2300.0,1800.0,1200.0
